pos_20_03_1,pos_20_03_2,pos_20_03_3,pos_20_005_1,pos_20_005_2,pos_20_005_3,pos_2_03_1,pos_2_03_2,pos_2_03_3,pos_2_005_1,pos_2_005_2,pos_2_005_3
7.68188279727843e-06,-9.84525920988236e-05,0.448632598185733,0.000352205612189611,-0.000673008397702619,0.470253886458948,7.68188279727843e-06,-9.84525920988236e-05,0.448632598185733,-0.000562280697770918,-0.00300871857687675,0.525321906526803
2.30456480196341e-05,-0.000295357771526279,0.897265163765975,0.00105661591760538,-0.00201902343711618,0.94050593246032,2.30456480196341e-05,-0.000295357771526279,0.897265163765975,-0.00168682300518484,-0.00902605359160028,1.05061706270848
4.68145667204081e-05,-0.000579325607731171,1.34532196390203,0.0021167813286156,-0.00402371916074489,1.41026389575269,4.61667402633627e-05,-0.000589611301920801,1.34584192065205,-0.0033716213160575,-0.0180531614478408,1.57589238068618
7.9647201691767e-05,-0.000938390661882416,1.79276566254944,0.0035365038502779,-0.00667332231686589,1.87952056591475,7.71208645917087e-05,-0.000980113233024071,1.79436243236102,-0.00561462310561539,-0.0300909487479411,2.10112990799233
0.000122123104707514,-0.00136000402071236,2.23956395204816,0.00531947325903522,-0.00995392366248151,2.34826889322158,0.000115983032908589,-0.00146575585993486,2.24282626771925,-0.00841375558901843,-0.0451402145089303,2.62631168238516
0.000174738454789443,-0.00183114618767184,2.68568981699264,0.00746926648825622,-0.0138514832101191,2.81650198985472,0.0001628275578891,-0.00204542382608689,2.69123300089472,-0.0117669257780553,-0.0632016500337406,3.15141973253156
0.000237902522566147,-0.00233844246168907,3.13112175457945,0.00998934706597973,-0.0183518354854451,3.28421313103003,0.000217728046984091,-0.00271799422679893,3.13958221142861,-0.0156720205387659,-0.0842758387868356,3.67643607869118
0.000311934972377841,-0.00286827957309353,3.57584394966112,0.012883064604633,-0.0234406947925492,3.75139575604425,0.000280757396499278,-0.00348233671338449,3.58787348426619,-0.0201269066499902,-0.108363256274263,4.20134273340167
0.000397064002805991,-0.00340692239004955,4.0198464031101,0.0161536543424571,-0.0291036604837864,4.21804346924059,0.000351987785749281,-0.00433731359780862,4.03610640978715,-0.0251294308628399,-0.135464269928141,4.72612170216506
0.000493425316027607,-0.00394062956989822,4.4631250124818,0.0198042367363389,-0.0353262222310943,4.68415004089431,0.000431490671287075,-0.00528177995787917,4.48428058383513,-0.0306774199610947,-0.165579138995597,5.25075498413519
0.000601061897006326,-0.0044557671056139,4.90568160435765,0.0238378171057119,-0.0420937652957424,5.14970940801877,0.000519336781209197,-0.00631458374296,4.93239560774666,-0.0367686808225177,-0.198708014432155,5.77522457280626
0.000719924575197573,-0.0049389188053234,5.34752391814487,0.0282572853271583,-0.0493915757935037,5.61471567509297,0.00061559610953716,-0.00743456588019338,5.38045108837937,-0.0434010004810916,-0.234850938799606,6.2995124567024
0.000849873334286828,-0.00537699283948821,5.78866554150563,0.0330654155793084,-0.0572048459522823,6.07916311471139,0.000720337910675413,-0.00864056038121915,5.82844663813957,-0.0505721461901719,-0.274007846168345,6.82360062006819
0.000990679329580914,-0.00575732359278272,6.22912579798169,0.0382648661376023,-0.0655186793592694,6.54304616815699,0.00083363069394627,-0.00993139444937776,6.2763818750091,-0.0582798654865559,-0.316178562024209,7.34747104356026
0.00114202756807318,-0.00606776816278094,6.66892958776816,0.0438581792184481,-0.074318096194748,7.00635944589842,0.000955542218202136,-0.0113058885873848,6.72425642257158,-0.0665218862554666,-0.361362803179814,7.87110570493969
0.00130352020290258,-0.00629679695225415,7.10810718296907,0.0498477808722801,-0.0835880384497101,7.46909772801249,0.00108613948651539,-0.0127628567054643,7.1720699100379,-0.0752959167964477,-0.409560177690403,8.39448657976543
0.00147468039188106,-0.00643357790333807,7.54669397903452,0.0562359809249886,-0.0933133751245,7.93125596453286,0.00122548874094627,-0.0143011062299277,7.61982197227108,-0.08459964589017,-0.460770184774214,8.91759564208857
0.00165495666889306,-0.00646805401748808,7.9847302044318,0.0630249729671676,-0.103478907405747,8.39282927572622,0.00137365545738908,-0.0159194382121869,8.06751224981045,-0.094430742866145,-0.514992214737385,9.4404148651474
0.00184372777715846,-0.00639101389279908,8.4222605909386,0.0702168343905958,-0.114069373818904,8.85381295229705,0.00153070434049705,-0.0176166474381877,8.51514038889517,-0.104786857671346,-0.572225548903396,9.96292622206334
0.00204030791445285,-0.0061941550881407,8.85933400726232,0.0778135264713399,-0.12506945535376,9.31420245552222,0.00169669931868612,-0.019391522538251,8.96270604148697,-0.115665620939733,-0.632469359547063,10.4851116865377
0.00224395234222553,-0.00587014019033758,9.29600305898314,0.0858168944988435,-0.136463780560353,9.77399341731659,0.00187170353921797,-0.0212428460973106,9.41020886529241,-0.127064644062677,-0.695722709833092,11.0069532335489
0.0024538633129629,-0.00541264551550138,9.73232365808828,0.0942286679503392,-0.148236930612765,10.233181640231,0.00205577936336259,-0.0231693947655325,9.85764852378424,-0.138981519260293,-0.761984553759201,11.528432840051
0.00266919627291505,-0.00481640241830853,10.1683545656077,0.103050460709897,-0.160373444338342,10.6917630973842,0.00224898836164062,-0.0251699393693056,10.3050246862223,-0.151413819653656,-0.83125373610382,12.0495324856722
0.00288906630023954,-0.00407723121374408,10.6041569110767,0.112283771331396,-0.172857823209933,11.1497339323292,0.00245139130914572,-0.0272432450225892,10.7523370276735,-0.164359099337928,-0.903528992378375,12.5702341534145
0.00311255474152426,-0.00319206773532005,11.0397936927366,0.121929983344694,-0.185674536298821,11.6070904588567,0.00266304818094725,-0.0293880712386063,11.1995852290314,-0.177814893456367,-0.978808948784171,13.0905198303537
0.00333871601234937,-0.00215898256320913,11.4753292625369,0.131990365604229,-0.198808025186064,12.0638291607363,0.00288401814757349,-0.0316031720418687,11.6467689770349,-0.191778718275234,-1.05709212217387,13.6103715083405
0.0035665845298734,-0.000977192956694913,11.9108288001255,0.142466072679288,-0.212242708830033,12.5199466913966,0.00311435957057556,-0.0338872960805226,12.0938879642865,-0.206248071259582,-1.13837692001757,14.129771184701
0.00379518174724166,0.00035293248024865,12.3463577801017,0.153358145285138,-0.225962988388009,12.9754398735465,0.00335412999817237,-0.0362391867390012,12.5409418892695,-0.221220431149933,-1.22266164037355,14.6487008629393
0.00402352326080696,0.00182987638139384,12.7819814368586,0.16466751075422,-0.239953251989753,13.4303056987388,0.00360338616097666,-0.0386575822509726,12.9879304563649,-0.236693258039843,-1.30994447186355,15.1671425534391
0.0042506259616475,0.00345098244183363,13.2177642313641,0.176394983546552,-0.254197879461031,13.8845413268772,0.00386218396780246,-0.0411412158125693,13.4348533758675,-0.252663993454343,-1.40022349365277,15.6850782741671
0.00447551520262422,0.00521247248738269,13.6537693242116,0.188541265798515,-0.268681246995164,14.3381440856689,0.00413057850155398,-0.0436888156958893,13.8817103640013,-0.269130060429255,-1.49349667543447,16.2024900513753
0.0046972319512391,0.00710947080324193,14.0900580592258,0.201106947909144,-0.283387731770708,14.7911114700244,0.00440862401519633,-0.0462991053627528,14.3285011429343,-0.28608886359139,-1.5897618774192,16.7193599203055
0.00491483989687161,0.00913603573899641,14.5266894618196,0.214092509163049,-0.298301716513467,15.2434411414048,0.00469637392780793,-0.0489708035787055,14.7752254407926,-0.303537789239618,-1.68901685032871,17.2356699258923
0.00512743247865615,0.0112851986034446,14.9637197561871,0.22749831838907,-0.313407594001099,15.6951309271201,0.00499388082071505,-0.051702624527254,15.2218829916739,-0.321474205426802,-1.79125923539448,17.7514021234681
0.00533413979742476,0.0135490098501781,15.4012019052641,0.24132463465376,-0.328689771508645,16.1461788195787,0.00530119643370841,-0.0544932779243222,15.6684735356601,-0.339895462042602,-1.89648656436098,18.2665385794671
0.00553413537191458,0.0159185925318079,15.839185177205,0.25557160798878,-0.344132675193384,16.5965829754893,0.00561837166134202,-0.0573414691329151,16.1149968188297,-0.358798890897149,-2.00469625949352,18.7810613721302
0.00572664269599078,0.0183842029662564,16.2777147419188,0.270239280151277,-0.359720754417493,17.0463417150192,0.00594545654931437,-0.0602458992779799,16.5614525932692,-0.37818180580557,-2.11588563359083,19.2949525922101
0.00591094155014493,0.0209352985120637,16.71683130096,0.28532758541629,-0.375438486007051,17.495453520907,0.00628250029093218,-0.0632052653614494,17.0078406170839,-0.398041502673379,-2.23005189000226,19.8081943436766
0.00608637401719324,0.0235606122911592,17.1565707538101,0.300836351400262,-0.391270378446013,17.9439170375347,0.00662955122365652,-0.0662182603774579,17.4541606544079,-0.41837525958272,-2.34719212264976,20.3207687444216
0.00625235014911927,0.0262482346275162,17.5969639032879,0.31676529991467,-0.40720097600383,18.3917310699587,0.00698665682573175,-0.0692835734277167,17.900412475414,-0.43918033687946,-2.46730331605445,20.8326579269649
0.00640835322958357,0.0289857008895271,18.0380362025182,0.333114047848828,-0.423214862795495,18.8388945829014,0.00735386371289696,-0.0723998898370364,18.3465958563225,-0.460453977261137,-2.59038234536792,21.3438440391595
0.00655394457494997,0.0317600853343154,18.4798075455508,0.349882108080888,-0.439296666772835,19.2854066997064,0.00773121763518035,-0.0755658912689855,18.7927105794092,-0.482193405865749,-2.71642597640826,21.8543092448978
0.00668876781593229,0.034558100455474,18.922292103371,0.367068890416045,-0.455431063645953,19.7312667012571,0.00811876347377624,-0.0787802558416712,19.2387564330133,-0.504395830361386,-2.84543086570072,22.3640357248164
0.00681255260229908,0.0373662012342381,19.3654982066776,0.384673702550994,-0.471602780733812,20.1764740248617,0.00851654523800504,-0.0820416582436335,19.6847332115444,-0.527058441036703,-2.97739356052317,22.8730056770026
0.00692511767461466,0.0401706935905296,19.8094282764231,0.402695751063614,-0.487796600742998,20.6210282631045,0.008924606062356,-0.0853487698498373,20.1306407154885,-0.550178410892227,-3.11231049895614,23.3812013176995
0.00702637324983245,0.0429578462275796,20.2540788027246,0.421134142426925,-0.50399736547379,21.0649291626674,0.00934298820361284,-0.0887002588377537,20.5764787514143,-0.573752895732498,-3.25017800993771,23.8886048820115
0.00711632267174624,0.0457140049650049,20.69944037236,0.439987884046306,-0.520189979452718,21.5081766231203,0.00977173303806236,-0.0920947903035167,21.0222471319776,-0.59777903425904,-3.39099231332302,24.3951986246102
0.00719506328285839,0.0484257085634275,21.1454977446643,0.459255885318981,-0.536359413490896,21.9507706956845,0.0102108810587857,-0.0955310263781445,21.4679456759266,-0.622253948164152,-3.53474951994851,24.9009648204392
0.00726278648111223,0.0510798049620629,21.5922299752473,0.478936958714788,-0.552490708167436,22.3927115819684,0.0106604718730329,-0.099007626343814,21.913574208105,-0.647174742225532,-3.68144563170091,25.4058857654195
0.00731977693308489,0.0536635667821031,22.0396105865563,0.499029820877235,-0.568568977237367,22.833999632679,0.0111205441996795,-0.102523246750176,22.3591325594557,-0.672538504401708,-3.83107654159095,25.9099437771543
0.00736641092453331,0.0561648048958868,22.4876077839238,0.519533093743838,-0.584579410963533,23.2746353463084,0.0115911358667669,-0.106076541530702,22.8046205670232,-0.698342305928288,-3.98363803383173,26.4131211956337
0.00740315383947513,0.0585719788271338,22.9361847153588,0.540445305684777,-0.600507279371994,23.7146193677991,0.0120722838091249,-0.109666162119045,23.250038073956,-0.724583201415027,-4.13912578392191,26.915400383939
0.00743055677007852,0.0608743027328728,23.3852997729798,0.561764892658846,-0.61633793543057,24.1539524871872,0.012564024066077,-0.113290757565413,23.6953849295076,-0.751258228943692,-4.29753535873354,27.4167637289469
0.00744925227131125,0.0630618457245541,23.834906933636,0.58349019938575,-0.632056818150184,24.5926356382269,0.0130663917792282,-0.116948974652935,24.1406609890375,-0.778364410166739,-4.4588622166047,27.917193642033
0.00745994928631348,0.0651256253151298,24.2849561359365,0.605619480533739,-0.647649455608765,25.0306698969959,0.0135794211903359,-0.12063945801401,24.5858661140114,-0.805898750406783,-4.62310170743675,28.4166725597756
0.00746342728055009,0.0670576928309129,24.7353936906004,0.628150901921619,-0.66310146789752,25.4680564804843,0.0141031456392629,-0.124360850246633,25.031000172001,-0.833858238756869,-4.79024907279647,28.915182944658
0.00746052963469354,0.0688512097015259,25.186162720758,0.651082541734166,-0.678398569989455,25.9047967451678,0.0146375975620124,-0.128111792030682,25.4760630366829,-0.862239848181535,-4.96029944602277,29.4127072857715
0.00745215635761264,0.0705005136373112,25.6372036285809,0.674412391749975,-0.693526574530087,26.3408921855658,0.0151828084888465,-0.131890922244152,25.921054587837,-0.891040535618658,-5.13324785233823,29.9092280995173
0.00743925619152777,0.0720011738197306,26.0884545843957,0.698138358580799,-0.708471394550362,26.7763444327871,0.0157388090424852,-0.135696878079338,26.3659747113446,-0.920257242082092,-5.30908920896535,30.4047279303078
0.00742281819108344,0.0733500343644839,26.5398520342425,0.722258264921418,-0.723219046101844,27.2111552530631,0.0163056289363889,-0.139528295158938,26.8108232991856,-0.94988689276508,-5.48781832524748,30.8991893512678
0.00740386286655109,0.0745452454667762,26.9913312216847,0.746769850809098,-0.737755650814309,27.6453265462701,0.0168832969731223,-0.143383807652081,27.255600249435,-0.979926397144445,-5.66942990277457,31.3925949649346
0.00738343298840331,0.0755862818003872,27.4428267195544,0.771670774891715,-0.752067438375949,28.0788603444422,0.0174718410427998,-0.147262048390262,27.7003054662597,-1.01037264908555,-5.85391853551354,31.884927403958
0.00736258415592411,0.0764739479136029,27.8942729672328,0.796958615703623,-0.766140748936427,28.5117588102748,0.018071288121613,-0.151161648983168,28.1449388599134,-1.04122252694803,-6.04127870994347,32.3761693317992
0.00734237523620779,0.0772103705420559,28.3456048090178,0.822630872948341,-0.779962035433107,28.9440242356213,0.0186816642704394,-0.155081239934403,28.5895003467323,-1.0724728936923,-6.23150480519545,32.8663034434293
0.00732385878176242,0.0777989779373382,28.7967580291237,0.848684968787177,-0.793517865840831,29.3756590399829,0.0193029946335326,-0.159019450757077,29.033989849129,-1.10412059698676,-6.42459109319719,33.355312466027
0.00730807153493328,0.0782444664870791,29.247669878887,0.875118249132884,-0.806794925345673,29.8066657689928,0.0199353034372937,-0.162974910089266,29.478407295587,-1.13616246931586,-6.62053173882234,33.8431791596756
0.00729602512550056,0.0785527550732638,29.6982795918174,0.901927984947485,-0.819780018443148,30.237047092896,0.0205786139891235,-0.166946245809331,29.9227526206537,-1.16859532808883,-6.81932080004452,34.3298863180589
0.00728869706413913,0.0787309277773187,30.1485288822411,0.92911137354339,-0.832460070961435,30.6668058050249,0.0212329486763554,-0.170932085151075,30.3670257649334,-1.20141597574918,-7.0209522280961,34.8154167691569
0.00728702212905292,0.0787871656895626,30.5983624234225,0.956665539886959,-0.844822132010183,31.0959448202729,0.0218983289652694,-0.174931054818742,30.8112266750799,-1.23462119988497,-7.22541986763164,35.2997533759397
0.00729188423615485,0.0787306687140537,31.0477283012244,0.984587537903683,-0.85685337585557,31.5244671735656,0.0225747754001859,-0.178941781101837,31.2553553037879,-1.26820777333976,-7.43271745689608,35.782879037062
0.00730410887483271,0.0785715683751045,31.4965784395785,1.01287435178414,-0.868541103722303,31.9523760183308,0.02326230760264,-0.182962889989762,31.6994116097845,-1.30217245432433,-7.64283862789765,36.2647766875548
0.00732445618183446,0.0783208327267651,31.9448689942737,1.04152289728994,-0.879872745523297,32.3796746249687,0.023960944270636,-0.18699300728626,32.1433955578199,-1.33651198652917,-7.85577690658544,36.7454292995176
0.00735361471536005,0.0779901645399106,32.3925607118406,1.07053002305885,-0.890835861517851,32.8063663793221,0.0246707031779807,-0.191030758723649,32.5873071186578,-1.37122309923757,-8.07152571303171,37.2248198828093
0.0073921959803175,0.0775918939923342,32.8396192506034,1.09989251190831,-0.901418143899144,33.2324547811481,0.0253916011736976,-0.195074770076849,33.031146269065,-1.40630250743959,-8.29007836161888,37.7029314857373
0.00744072974415702,0.0771388671151693,33.2860154612873,1.12960708213666,-0.911607418311955,33.6579434425913,0.0261236541815189,-0.199123667277179,33.4749129918006,-1.44174691194658,-8.5114280612312,38.1797471957467
0.00749966017100838,0.0766443312543796,33.7317256249105,1.15967038882117,-0.921391645301524,34.08283608666,0.0268668771994578,-0.203176076525924,33.9186072756047,-1.47755299950654,-8.73556791545117,38.6552501401075
0.0075693427902806,0.0761218187898822,34.1767316460419,1.19007902511234,-0.930758921694557,34.5071365457055,0.0276212842994587,-0.20723062440766,34.362229115187,-1.51371744292012,-8.96249092276055,39.1294234866012
0.00765004230469247,0.0755850303185696,34.6210211998787,1.22082952352361,-0.939697481913363,34.9308487599046,0.0283868886271261,-0.211285938003323,34.8057785112141,-1.55023690115733,-9.19218997674612,39.6022504442058
0.00774193123212195,0.0750477184530339,35.0645878319789,1.2519183572159,-0.948195699224211,35.3539767757471,0.029163702401532,-0.215340645003021,35.249255470297,-1.58710801947493,-9.42465786631009,40.0737142637802
0.00784508936589888,0.0745235733175288,35.5074310098727,1.28334194127616,-0.95624208692098,35.7765247445276,0.0299517369151008,-0.219393373818576,35.6926600049778,-1.62432742953456,-9.65988727588518,40.5437982387467
0.0079595040293954,0.0740261107393637,35.9495561261716,1.31509663398947,-0.963825299445264,36.1984969208431,0.0307510025335724,-0.223442753695782,36.1359921337163,-1.6618917495215,-9.89787078565437,41.012485705773
0.00808507109313004,0.0735685640404376,36.3909744531912,1.3471787381039,-0.970934133444076,36.6198976610962,0.0315615086960421,-0.227487414826378,36.5792518808753,-1.69979758426414,-10.1386008717753,41.4797600454517
0.00822159671619475,0.0731637802331164,36.8317030494976,1.37958450208758,-0.977557528766379,37.0407314220044,0.0323832639150781,-0.231525988459724,37.0224392767065,-1.73804152535409,-10.3820699066093,41.9456046829802
0.00836879976869617,0.072824121320254,37.2717646191772,1.41231012137739,-0.983684569399675,37.4610027591158,0.0332162757769153,-0.23555710701417,37.4655543573351,-1.77662015126703,-10.6282701589551,42.4100030888376
0.00852631488808848,0.0725613712939625,37.7111873250143,1.4453517396186,-0.989304484347921,37.880716325333,0.034060550941726,-0.239579404188108,37.9085971647446,-1.81553002748414,-10.8771937942871,42.872938779461
0.00869369611973817,0.0723866493246671,38.1500045571299,1.47870544989512,-0.994406648452078,38.2998768694424,0.0349160951439666,-0.243591515070709,38.3515677467604,-1.85476770661424,-11.1288328749985,43.3343953179204
0.00887042109073553,0.0723103295337343,38.5882546589984,1.51236729594954,-0.998980583154621,38.7184892346532,0.0357829131927998,-0.247592076252318,38.7944661570337,-1.89432972851657,-11.3831793606488,43.7943563145919
0.00905589566575057,0.0723419676518779,39.0259806130962,1.54633327339269,-1.00301595720936,39.1365583571429,0.036661008972593,-0.251579725934514,39.2372924550247,-1.93421262042424,-11.6402251082158,44.2528054278295
0.00924945903448868,0.0724902347836007,39.4632296887652,1.58059933090211,-1.00650258733798,39.5540892646116,0.0375503854434912,-0.255553104039826,39.6800467059848,-1.97441289706828,-11.8999618723528,44.7097263646353
0.00945038918187404,0.0727628584266121,39.9000530551739,1.61516137140897,-1.00943043883463,39.971087074845,0.0384510446420653,-0.259510852321081,40.1227289809398,-2.01492706080234,-12.1623813056495,45.1651028813283
0.00965790869429583,0.0731665708354856,40.3365053625391,1.65001525327296,-1.01178962612016,40.3875569942854,0.0393629876820341,-0.263451614470399,40.5653393566708,-2.05575160172809,-12.4274749588987,45.6189187842114
0.00987119085790242,0.073707064771285,40.7726442950256,1.68515679144488,-1.01357041324719,40.8035043166124,0.0402862147550618,-0.267374036227811,41.0078779156964,-2.09688299782112,-12.6952342813662,46.0711579302367
0.0100893660078223,0.0743889566434624,41.2085300989677,1.7205817586163,-1.01476321435774,41.2189344213317,0.0412207251316276,-0.271276765489493,41.4503447462532,-2.13831771505758,-12.9656506210663,46.5218042276696
0.0103115280901324,0.0752157570264919,41.644225090252,1.75628588635605,-1.01535859409476,41.633852772374,0.0421665171619705,-0.275158452415619,41.8927399422768,-2.18005220754139,-13.2387152250415,46.9708416367509
0.0105367414011974,0.0761898485204379,42.0797931448696,1.79226486623317,-1.01534726796912,42.0482649167027,0.0431235882771053,-0.279017749537812,42.3350636033821,-2.22208291763202,-13.5144192396466,47.4182541703567
0.010764047471493,0.0773124709205394,42.5152991767785,1.82851435092595,-1.01472010268349,42.462176482931,0.0440919349899131,-0.282853311866195,42.7773158348429,-2.26440627607296,-13.7927537108378,47.8640258946575
0.010992472063062,0.0785837136641266,42.9508086073204,1.86502995531672,-1.01346811641478,42.8755931799486,0.0450715528963032,-0.286663796996027,43.2194967475712,-2.3070187021207,-14.073709584466,48.3081409297747
0.0112210322511964,0.0800025155316774,43.3863868305014,1.9018072575722,-1.01158247905655,43.2885207955582,0.0460624366764465,-0.290447865213929,43.661606458097,-2.34991660367439,-14.3572777065744,48.7505834504358
0.0114487435617226,0.081566671590285,43.8220986784811,1.938841800209,-1.00905451242303,43.700965195121,0.0470645800960819,-0.294204179603675,44.1036450885462,-2.39309637740603,-14.6434488237012,49.1913376866272
0.0116746271353167,0.0832728473798288,44.2580078916136,1.97612909114417,-1.00587569041621,44.1129323202127,0.0480779760078926,-0.297931406151553,44.5456127666195,-2.43655440889122,-14.9322135831866,49.6303879242457
0.0118977168895889,0.0851166003522952,44.6941765973462,2.01366460473044,-1.00203763915773,44.5244281872879,0.0491026163529535,-0.301628213851292,44.9875096255701,-2.4802870727406,-15.2235625334838,50.0677185057476
0.0121170666482644,0.0870924085806227,45.1306648022124,2.05144378277605,-0.997532137086901,44.9354588863557,0.0501384921622496,-0.305293274808534,45.4293358041813,-2.52429073273169,-15.5174861244754,50.503313830796
0.0123317572047137,0.0891937067529786,45.5675299010539,2.08946203554898,-0.992351115026645,45.3460305796638,0.0511855935582638,-0.308925264344853,45.8710914467441,-2.56856174194149,-15.8139747077931,50.9371583569063
0.0125409032844399,0.0914129294595659,46.004826207464,2.12771474276535,-0.986486656218831,45.7561495003923,0.0522439097566341,-0.312522861101324,46.3127767030335,-2.61309644287946,-16.1130185371433,51.3692366000892
0.0127436603680419,0.0937415617603422,46.442604509282,2.16619725456198,-0.979930996330568,46.1658219513575,0.053313429067881,-0.316084747141609,46.7543917282856,-2.65789116762115,-16.4146077686357,51.7995331354923
0.0129392313327918,0.0961701969921986,46.8809116527634,2.20490489245286,-0.97267652343306,46.5750543037251,0.0543941388992028,-0.319609608054581,47.1959366831736,-2.7029422379424,-16.7187324611176,52.2280325980388
0.0131268728674672,0.0986886017324818,47.3197901588257,2.2438329502696,-0.964715777954577,46.9838529957326,0.0554860257563392,-0.32309613305646,47.6374117337838,-2.74824596545396,-17.0253825765116,52.6547196830648
0.0133059016116601,0.101285787781998,47.75927787451,2.28297669508569,-0.956041452609118,47.3922245314209,0.0565890752455038,-0.326543015092473,48.0788170515909,-2.79379865173682,-17.3345479801581,53.0795791469542
0.0134756999676347,0.103950090965104,48.199407662519,2.32233136812453,-0.946646392302296,47.8001754793758,0.0577032720753831,-0.329948950938005,48.5201528134337,-2.83959658847787,-17.6462184411627,53.502595807771
0.0136357215301454,0.106669256467943,48.640207131386,2.36189218565133,-0.936523594016024,48.2077124714784,0.0588286000592033,-0.333312641299266,48.9614192014895,-2.88563605760627,-17.9603836327471,53.9237545458903
0.0137854960776255,0.109430530349673,49.0816984085039,2.4016543398487,-0.925666206673526,48.6148422016639,0.0599650421168633,-0.336632790913444,49.4026164032492,-2.93191333143021,-18.2770331326052,54.3430403046258
0.0139246340670308,0.112220756767341,49.5238979578947,2.44161299967616,-0.914067530986194,49.0215714246903,0.0611125802771343,-0.339908108648349,49.8437446114912,-2.97842467277424,-18.5961564232628,54.7604380908565
0.0140528305745045,0.115026480355192,49.9668164442459,2.48176331171347,-0.901721019283827,49.4279069549158,0.0622711956799254,-0.34313730760154,50.2848040242558,-3.02516633511707,-18.9177428924421,55.1759329756494
0.0141698686250811,0.117834053096112,50.4104586443579,2.52210040098789,-0.888620275329736,49.8338556650839,0.0634408685786139,-0.346319105198928,50.7257948448184,-3.0721345627299,-19.2417818334305,55.5895100948816
0.0142756218569584,0.120629744919474,50.8548234067682,2.56261937178556,-0.874759054122207,50.2394244851184,0.0646215783424413,-0.349452223292854,51.1667172816636,-3.11932559081521,-19.568262445454,56.0011546498584
0.0143700564695172,0.123399857158904,51.2999036599218,2.60331530844697,-0.860131261683796,50.6446204009263,0.0658133034589734,-0.352535388259626,51.6075715484576,-3.16673564564608,-19.8971738340538,56.4108519079303
0.0144532324092786,0.126130837908535,51.7456864688642,2.64418327614673,-0.84473095483989,51.0494504532083,0.0670160215366244,-0.355567331096521,52.0483578640217,-3.21436094470594,-20.2285050114688,56.8185872031066
0.0145253037543548,0.128809398230227,52.1921531400329,2.68521832165786,-0.828552340987991,51.4539217362787,0.0682297093072453,-0.358546787518241,52.4890764523045,-3.26219769682881,-20.5622448970208,57.2243459366673
0.0145865182656059,0.131422628090146,52.6392793733288,2.72641547410063,-0.8115897778591,51.8580413968925,0.0694543426287743,-0.361472498052818,52.9297275423543,-3.31024210234005,-20.8983823175052,57.6281135777717
0.0146372160815755,0.133958110843643,53.0870354602597,2.76776974567632,-0.793837773272616,52.2618166330799,0.0706898964879511,-0.364343208136961,53.370311368291,-3.35849035319747,-21.2369060075853,58.0298756640651
0.0146778275441881,0.136404035045226,53.5353865265647,2.80927613238595,-0.775290984886089,52.6652546929901,0.0719363450030931,-0.367157668210849,53.8108281692784,-3.406938633133,-21.5778046101907,58.4296178022829
0.014708870152995,0.138749302337558,53.9842928173587,2.8509296147344,-0.75594421994118,53.0683628737405,0.0731936614269328,-0.369914633812345,54.251278189495,-3.45558311779477,-21.9210666769207,58.8273256688513
0.0147309446572208,0.140983630171615,54.4337100224814,2.89272515842003,-0.735792435007127,53.471148520275,0.0744618181495178,-0.372612865670655,54.691661678106,-3.50441997488958,-22.2666806684508,59.2229850104868
0.0147447303067796,0.143097648130399,54.8835896393985,2.93465771501012,-0.714830735723007,53.8736190242283,0.0757407867011704,-0.375251129799397,55.1319788892337,-3.55344536432587,-22.6146349549441,59.6165816447915
0.0147509792955161,0.145082986671611,55.3338793706869,2.97672222260249,-0.69305437654003,54.2757818227981,0.0770305377555086,-0.377828197589099,55.5722300819288,-3.6026554383571,-22.9649178164672,60.0081014608468
0.0147505104419394,0.146932357170314,55.7845235528428,3.01891360647355,-0.67045876046511,54.6776443976234,0.0783310411325269,-0.380342845899107,56.0124155201405,-3.65204634172555,-23.317517443409,60.3975304198038
0.0147442021643553,0.148639622230257,56.2354636128888,3.06122677971314,-0.64703943880688,55.0792142736699,0.0796422658017364,-0.382793857148904,56.4525354726875,-3.70161421180651,-23.6724219369049,60.7848545554714
0.0147329848183174,0.150199855340874,56.6866385490178,3.10365664384642,-0.62279211092532,55.4804990181217,0.080964179885364,-0.385180019408832,56.8925902132273,-3.75135517875289,-24.0296193092642,61.1700599749012
0.0147178324744302,0.151609389084334,57.1379854313098,3.14619808944341,-0.597712623986119,55.8815062392797,0.0822967506616105,-0.387500126490225,57.3325800202266,-3.80126536564029,-24.3890974844025,61.5531328589696
0.0146997542235153,0.152865851240828,57.589439918384,3.18884599671625,-0.57179697272085,56.2822435854655,0.0836399445679668,-0.389752978034924,57.7725051769311,-3.85134088861235,-24.7508442982771,61.9340594629576
0.0146797851037698,0.153968188297935,58.0409367857156,3.23159523610484,-0.545041299194017,56.6827187439317,0.0849937272045872,-0.391937379604197,58.2123659713342,-3.90157785702659,-25.1148474993274,62.3128261171271
0.0146589767506289,0.154916676038084,58.4924104612454,3.27444066885114,-0.517441892577989,57.0829394397781,0.0863580633377211,-0.394052142767042,58.6521626961474,-3.95197237360058,-25.4810947489189,62.6894192272943
0.0146383878744322,0.155712917053323,58.943795563849,3.31737714756258,-0.488995188936778,57.4829134348731,0.0877329169032001,-0.396096085187874,59.0918956487681,-4.00252053455849,-25.8495736217909,63.063825275401
0.0146190746735904,0.156359825215161,59.3950274402091,3.36039951676503,-0.459697771019625,57.8826485267811,0.0891182510099823,-0.398068030713594,59.5315651312495,-4.05321842977802,-26.2202716065091,63.4360308200819
0.0146020812916918,0.156861597305322,59.8460426956474,3.40350261344582,-0.429546368065262,58.2821525476945,0.0905140279437523,-0.399966809460037,59.9711714502686,-4.10406214293769,-26.5931761059215,63.8060224972292
0.014588430425863,0.157223672187068,60.296779714527,3.4466812675872,-0.398537855617719,58.6814333633714,0.091920209170576,-0.401791257897785,60.4107149170951,-4.15504775166444,-26.9682744376181,64.1737870205549
0.0145791141907368,0.157452678062607,60.7471791659231,3.48993030269079,-0.366669255354485,59.0804988720777,0.0933367553406111,-0.403540218937358,60.8501958475594,-4.20617132768167,-27.3455538343952,64.5393111821491
0.0145750853376746,0.157556368516622,61.1971844903893,3.53324453629348,-0.333937734927794,59.4793570035345,0.0947636262918713,-0.405212542013765,61.2896145620207,-4.25742893695752,-27.7250014447232,64.9025818530355
0.0145772489225477,0.157543548185915,61.6467423638068,3.57661878047529,-0.300340607819755,59.8780157178691,0.0962007810540448,-0.406807083170419,61.7289713853352,-4.30881663985354,-28.1066043332184,65.2635859837245
0.0145864545075826,0.157423989017925,62.0958031344993,3.62004784235974,-0.265875333212015,60.2764830045717,0.0976481778523663,-0.408322705142406,62.1682666468236,-4.36033049127368,-28.4903494811186,65.6223106047616
0.0146034889737063,0.157208338184156,62.5443212300247,3.66352652460713,-0.230539515870591,60.674766881455,0.0991057741115417,-0.409758277439118,62.6075006802388,-4.41196654081357,-28.8762237867627,65.9787428272745
0.0146290700097292,0.156908018796638,62.9922555303103,3.70704962590141,-0.19433090604646,61.0728753936183,0.100573526459725,-0.411112676426229,63.0466738237334,-4.46372083291016,-29.2642140660742,66.3328698435157
0.0146638403338071,0.15653512463538,63.4395697040834,3.75061194143114,-0.157247399392453,61.4708166124156,0.10205139073255,-0.412384785407022,63.4857864198269,-4.5155894069916,-29.654307053048,66.6846789274024
0.0147083626912191,0.156102310131746,63.8862325058578,3.79420826336499,-0.119287036896952,61.8685986344268,0.103539321977209,-0.413573494703063,63.9248388153727,-4.5675682976275,-30.0464894002418,67.0341574350528
0.0147631156608297,0.155622676866998,64.3322180310649,3.83783338132248,-0.0804480048348455,62.2662295804329,0.105037274456583,-0.414677701734215,64.3638313615253,-4.61965353467941,-30.4407476792709,67.3812928053198
0.0148284902909599,0.155109657837508,64.7775059272716,3.88148208284039,-0.0407286347361435,62.6637175943938,0.106545201653432,-0.415696311097993,64.802764413707,-4.67184114345163,-30.8370683813065,67.7260725603206
0.0149047875740222,0.154576900709629,65.2220815597869,3.92514915383551,-0.000127403372608755,63.0610708424295,0.108063056274619,-0.416628234648253,65.2416383315745,-4.72412714484223,-31.2354379175779,68.0684843059635
0.0149922167584247,0.154038151239736,65.6659361303409,3.96882937906422,0.0413570672372832,63.4582975118038,0.109590790255399,-0.417472391573219,65.6804534789857,-4.77650755549444,-31.6358426198788,68.4085157324712
0.0150908944861394,0.153507137970639,66.1090667479043,4.01251754257953,0.0837260098047969,63.8554058099111,0.111128354763748,-0.41822770847283,66.1192102239659,-4.82897838794824,-32.038268741077,68.7461546149005
0.0152008447351441,0.152997459237095,66.5514764511091,4.05620842818615,0.12698051172859,64.2524039632646,0.112675700204745,-0.418893119435431,66.5579089386739,-4.88153565079219,-32.4427024556274,69.0813888136591
0.0153219995378471,0.152522473423334,66.9931741821308,4.09989681989407,0.171121515033404,64.6493002164882,0.114232776225001,-0.419467566113774,66.9965499993687,-4.93417534881554,-32.8491298600892,69.4142062750184
0.0154542004396967,0.152095193317405,67.434174712282,4.14357750237148,0.216149816289672,65.0461028313084,0.115799531717133,-0.419949997800349,67.4351337863749,-4.9868934831606,-33.2575369736468,69.7445950316231
0.0155972006565439,0.151728185303955,67.8744985199667,4.18724526139723,0.262066066513988,65.44282008555,0.117375914824293,-0.420339371502036,67.873660684049,-5.03968605147529,-33.6679097386333,70.0725432029974
0.0157506678849953,0.151433474031774,68.314171622025,4.23089488431386,0.308870771050413,65.8394602721313,0.118961872944734,-0.420634652014072,68.3121310807451,-5.09254904806593,-34.0802340210592,70.3980389960475
0.0159141877169539,0.15122245308821,68.7532253598781,4.27452116048136,0.356564289432643,66.236031698062,0.120557352736433,-0.420834811993331,68.7505453687804,-5.14547846405032,-34.4944956111432,70.7210707055605
0.0160872676077495,0.151105802112091,69.1916961422462,4.31811888173256,0.405146835227142,66.6325426834414,0.122162300121749,-0.420938832030927,69.1889039444011,-5.19847028751091,-34.9106802238472,71.0416267147001
0.0162693413466166,0.15109341068258,69.629625146562,4.36168284283052,0.454618475857339,67.0290015604578,0.123776660292136,-0.420945700724114,69.6272072077476,-5.25152050364828,-35.3287734994147,71.3596954954983
0.0164597739786661,0.151194309235628,70.0670579815348,4.40520784192866,0.504979132409092,67.4254166723876,0.125400377712894,-0.420854414747506,70.0654555628197,-5.30462509493477,-35.7487610039128,71.6752656093437
0.0166578671287661,0.151416607183974,70.5040443136295,4.44868868103403,0.556228579417628,67.8217963725959,0.127033396127971,-0.420663978923596,70.5036494174422,-5.3577800412683,-36.1706282297775,71.988325707466
0.0168628646797245,0.151767438352258,70.9406374605179,4.49212016647443,0.608366444636239,68.2181490235359,0.128675658564804,-0.420373406292588,70.94178918323,-5.41098132012637,-36.5943605963623,72.2988645314171
0.0170739587596643,0.15225291378642,71.3768939548187,4.53549710936988,0.661392208787058,68.6144829957485,0.130327107339203,-0.41998171818152,71.3798752755529,-5.46422490672029,-37.0199434504907,72.6068709135479
0.0172902959963034,0.152878081956345,71.8128730816851,4.578814326109,0.715305205294268,69.0108066668616,0.131987684060285,-0.419487944272698,71.8179081135008,-5.51750677414948,-37.4473620670117,72.9123337774824
0.0175109839987943,0.153646896342373,72.248636394005,4.62206663883086,0.770104620000184,69.4071284205882,0.133657329635443,-0.418891122671424,72.2558881198486,-5.570822893556,-37.8766016493585,73.215242138587
0.0177350980306624,0.154562190378964,72.6842472091582,4.66524887591286,0.825789490864645,69.8034566457229,0.135335984275364,-0.418190299973021,72.6938157210206,-5.62416923427925,-38.3076473301109,73.5155851044365
0.0179616878400125,0.155625659721244,73.1197700914231,4.70835587246509,0.88235870764823,70.1997997351385,0.137023587499081,-0.417384531329155,73.1316913470558,-5.67754176401074,-38.7404841715613,73.8133518752766
0.0181897846154057,0.156837851800717,73.5552703242395,4.75138247083187,0.939811011579861,70.5961660847785,0.138720078139074,-0.416472880513447,73.5695154315722,-5.73093644894906,-39.1750971662828,74.1085317444818
0.0184184080375032,0.158198162643078,73.9908133766148,4.79432352110076,0.998144995009374,70.99256409265,0.140425394346409,-0.415454419986384,74.0072884117313,-5.78434925395498,-39.611471237702,74.4011140990105
0.0186465733976249,0.159704840931638,74.4264643680098,4.83717388161974,1.05735910104571,71.3890021578121,0.142139473595917,-0.41432823095951,74.4450107282027,-5.83777614270664,-40.049591240674,74.6910884198549
0.0188732987547216,0.161354999311971,74.8622875360501,4.87992841952302,1.11745162318138,71.7854886793632,0.14386225269141,-0.413093403458918,74.8826828251285,-5.89121307785487,-40.4894419620611,74.9784442824885
0.0190976121018587,0.163144632944547,75.2983457113896,4.92258201126579,1.17842070490403,72.1820320554237,0.145593667770945,-0.411749036388016,75.3203051500876,-5.94465602117862,-40.9310081213148,75.2631713573084
0.0193185585121871,0.165068645320037,75.734699803994,4.9651295431687,1.24026433929567,72.5786406821171,0.14733365431212,-0.410294237589591,75.75787815406,-5.99810093374052,-41.3742743710599,75.5452594100745
0.0195352072325505,0.167120881354272,76.1714083050226,5.00756591197223,1.30298036862065,72.9753229525451,0.149082147137409,-0.408728123907154,76.1954022913911,-6.05154377604248,-41.8192252976837,75.8246983023444
0.0197466586904526,0.169294167774559,76.6085268083625,5.04988602540154,1.36656648390295,73.3720872557607,0.150839080419539,-0.40704982124556,76.6328780197555,-6.10498050818143,-42.2658454219261,76.1014779919041
0.0199520513771732,0.171580360794472,77.0461075557128,5.09208480274231,1.43102022449394,73.7689419757354,0.152604387686904,-0.405258464630923,77.0703058001216,-6.15840709000509,-42.7141191994745,76.3755885331954
0.0201505685665423,0.173970401048901,77.4841990089284,5.13415717542776,1.4963389776313,74.165895490322,0.154378001829013,-0.403353198269803,77.5076860967152,-6.21181948126784,-43.1640310215606,76.6470200777385
0.0203414448254047,0.17645437572427,77.9228454531168,5.17609808763751,1.56251997799023,74.5629561702121,0.156159855101977,-0.401333175607678,77.9450193769837,-6.26521364178666,-43.6155652155609,76.9157628745508
0.0205239722683369,0.179021587769877,78.362086633733,5.2179024969085,1.62956030722786,74.9601323778879,0.157949879134034,-0.399197559386687,78.38230611156,-6.31858553159712,-44.0687060456002,77.1818072705621
0.0206975065058948,0.181660632015397,78.8019574306499,5.2595653747584,1.69745689352192,75.357432466568,0.15974800493111,-0.396945521702661,78.8195467742263,-6.37193111110938,-44.5234377131572,77.4451437110248
0.0208614722327925,0.184359477947308,79.2424875718803,5.30108170732187,1.76620651110482,75.7548647791466,0.161554162882411,-0.394576244061421,79.2567418418779,-6.42524634126432,-44.9797443576744,77.705762739921
0.0210153684001284,0.187105558814418,79.6837013893126,5.34244649600002,1.83580577979405,76.1524376471258,0.163368282766057,-0.392088917434356,79.693891794487,-6.4785271836896,-45.4376100571695,77.9636550003645
0.0211587729142762,0.189885866641447,80.1256176184829,5.38365475812335,1.90625116452026,76.5501593895412,0.165190293754745,-0.389482742313276,80.1309971150666,-6.53176960085583,-45.897018828851,78.2188112349993
0.0212913468045253,0.1926870526317,80.5682492440491,5.42470152762855,1.97753897485403,76.9480383118786,0.167020124421451,-0.386756928764535,80.5680582896341,-6.58496955623271,-46.3579546297353,78.4712222863937
0.0214128378021255,0.195495532337731,81.0116033922678,5.46558185574935,2.04966536453258,77.3460827049838,0.168857702745161,-0.383910696482431,81.0050758071745,-6.63812301444521,-46.8204013572681,78.7208790974304
0.0215230832751914,0.198297594875268,81.4556812713895,5.50629081172175,2.12262633098768,77.7443008439634,0.170702956116643,-0.380943274841878,81.442050159605,-6.69122594142973,-47.2843428499473,78.9677727116916
0.0216220124670334,0.201079515353473,81.9004781605005,5.54682348350393,2.19641771487591,78.1427009870759,0.17255581134424,-0.377853902950338,81.8789818417374,-6.74427430459025,-47.7497628879491,79.2118942738413
0.0217096479899533,0.203827669596966,82.3459834469446,5.58717497851089,2.27103519961272,78.5412913746148,0.174416194659711,-0.374641829699045,82.3158713512425,-6.79726407295455,-48.2166451937576,79.4532350300016
0.0217861065323707,0.206528650145075,82.792180712059,5.62734042436426,2.34647431091138,78.9400802277806,0.176284031724091,-0.371306313813476,82.7527191886134,-6.85019121733026,-48.6849734327955,79.6917863281264
0.0218515987443034,0.209169382434567,83.2390478645634,5.66731496965731,2.42273041632837,79.3390757475429,0.17815924763359,-0.367846623903103,83.1895258571285,-6.90305171046105,-49.1547312140593,79.9275396183695
0.0219064282746162,0.211737240006509,83.6865573205477,5.70709378473533,2.49979872481633,79.7382861134923,0.180041766925523,-0.364262038510418,83.6262918628158,-6.95584152718265,-49.6259020907556,80.1604864534489
0.0219509899429696,0.214220157528597,84.1346762286186,5.74667206249167,2.57767428628621,80.1377194826799,0.181931513584265,-0.360551846159207,84.0630177144154,-7.00855664457893,-50.0984695609409,80.3906184890071
0.0219857670398668,0.216606740393576,84.5833667383891,5.78604501917936,2.65635199117972,80.5373839884469,0.183828411047249,-0.356715345402114,84.4997039233433,-7.06119304213784,-50.572417068164,80.6179274839663
0.0220113277594299,0.218886369643967,85.0325863101358,5.82520789523861,2.73582657005376,80.9372877392404,0.185732382210977,-0.352751844867453,84.9363510036551,-7.11374670190739,-51.0477280021102,80.84240530088
0.0220283207813024,0.221049300984752,85.4822880631023,5.86415595614011,2.81609259317808,81.3374388174179,0.187643349437079,-0.3486606633053,85.3729594720086,-7.16621360865148,-51.5243856992491,81.0640439062794
0.0220374700301232,0.223086756679595,85.9324211596025,5.90288449324435,2.89714447014768,81.7378452780385,0.189561234558388,-0.344441129632838,85.8095298476275,-7.21858975000572,-52.0023734434839,81.2828353710162
0.0220395686530961,0.224991009182825,86.3829312217789,5.94138882467683,2.97897644951142,82.1385151476407,0.191485958885049,-0.340092582978977,86.2460626522646,-7.27087111663313,-52.4816744668038,81.4987718706001
0.0220354722679941,0.226755455438434,86.8337607775899,5.97966429621933,3.06158261841827,82.5394564230065,0.193417443210657,-0.335614372728233,86.6825584101654,-7.32305370237976,-52.9622719499387,81.711845685533
0.0220260915452343,0.228374680877635,87.2848497323576,6.01770628221711,3.14495690228275,82.9406770699117,0.195355607818423,-0.331005858563876,87.1190176480304,-7.37513350443025,-53.4441490230163,81.9220492016373
0.0220123841981617,0.229844512266558,87.7361358619871,6.05551018650209,3.22909306447102,83.3421850218608,0.197300372487368,-0.326266410510334,87.5554408949795,-7.42710652346325,-53.9272887662212,82.1293749103811
0.0219953464651329,0.231162058693265,88.1875553237852,6.09307144333197,3.31398470600906,83.7439881788079,0.199251656498542,-0.321395408974872,87.9918286825141,-7.47896876380673,-54.4116742104569,82.333815409198
0.0219760041751776,0.232325740135762,88.6390431806566,6.13038551834512,3.39962526531463,84.1460944058612,0.201209378641271,-0.316392244788522,88.4281815444811,-7.53071623359322,-54.8972883380101,82.5353634018025
0.021955403495726,0.233335303217103,89.0905339343407,6.16744790953121,3.48600801795429,84.548511531973,0.203173457219436,-0.311256319246285,88.8645000170356,-7.58234494491485,-55.3841140832165,82.7340116985015
0.0219346014659661,0.234191823926477,89.5419620632769,6.20425414821753,3.57312607642727,84.9512473486122,0.205143810057768,-0.30598704414659,89.300784638604,-7.63385091397834,-55.87213433313,82.9297532165001
0.0219146564227165,0.234897697262902,89.993262560646,6.24079980007065,3.6609723899775,85.3543096084214,0.20712035450818,-0.30058384183002,89.7370359498474,-7.68523016125979,-56.3613319281931,83.1225809802043
0.0218966184271809,0.235456613936799,90.4443714681343,6.27708046611352,3.74953974443541,85.757706023857,0.209103007456115,-0.295046145217295,90.1732544936244,-7.73647871165932,-56.8516896629101,83.3124881215176
0.0218815198005667,0.235873524440757,90.8952264010049,6.31309178375755,3.83882076209111,86.1614442658113,0.211091685326925,-0.289373397846522,90.6094408149546,-7.78759259465564,-57.3431902865224,83.4994678801341
0.0218703658743153,0.236154590970171,91.3457670601362,6.34882942784969,3.92880790160034,86.5655319622185,0.213086304092274,-0.283565053909701,91.0455954609812,-7.83856784446034,-57.8358165036856,83.6835136038265
0.0218641260566601,0.236307127833932,91.7959357267976,6.38428911173414,4.01949345792484,86.969976696642,0.215086779276561,-0.2776205782885,91.4817189809342,-7.88940050017209,-58.3295509751486,83.8646187487299
0.0218637253115252,0.236339531141399,92.2456777360831,6.41946658832841,4.11086956230857,87.3747860068437,0.217093025963376,-0.271539446589283,91.9178119260936,-7.94008660593065,-58.824376318436,84.0427768796199
0.0218700361385305,0.236261198681811,92.6949419251026,6.45435765121359,4.20292818229146,87.7799673833356,0.219104958801966,-0.265321145177405,92.3538748497524,-7.99062221107066,-59.3202751085303,84.2179816701876
0.0218838711342811,0.236082441023541,93.1436810522492,6.48895813573838,4.29566112176195,88.1855282679123,0.22112249201374,-0.258965171210764,92.7899083071793,-8.04100337027527,-59.8172298785584,84.3902269033086
0.0219059762053997,0.2358143849513,93.5918521841029,6.52326392013661,4.38906002105009,88.5914760521652,0.223145539398784,-0.252471032672621,93.2259128555822,-8.0912261437296,-60.3152231204784,84.559506471308
0.0219370244931515,0.235468870428144,94.0394170468065,6.55727092665788,4.48311635706258,88.9978180759774,0.225174014342406,-0.24583824840367,93.6618890540707,-8.14128659727391,-60.8142372857694,84.7258143762205
0.0219776110582751,0.23505834231528,94.4863423390483,6.59097512271105,4.5778214434612,89.4045616259993,0.2272078298217,-0.239066348133379,94.0978374636196,-8.19118080255661,-61.3142547861224,84.8891447300458
0.0220282483630379,0.234595738105881,94.9326000041082,6.62437252201995,4.67316643088623,89.8117139341061,0.229246898412132,-0.232154872510584,94.5337586470312,-8.24090483718707,-61.8152579941334,85.0494917549992
0.022089362575849,0.23409437293008,95.3781674587655,6.65745918579118,4.76914230722619,90.2192821758345,0.231291132294147,-0.225103373133349,94.969653168899,-8.29045478488814,-62.3172292439986,85.2068497837576
0.022161290712253,0.23356782306785,95.8230277772274,6.69023122389332,4.86573989793547,90.6272734688005,0.233340443259802,-0.217911412578083,95.40552159557,-8.33982673564849,-62.820150832211,85.3612132597009
0.0222442786150448,0.233029809166323,96.267169828606,6.72268479604724,4.96294986640125,91.0356948710984,0.23539474271941,-0.210578564427921,95.841364495108,-8.38901678587464,-63.3240050182587,85.5125767371478
0.0223384797658173,0.232494080300151,96.7105883668611,6.75481611302694,5.06076271436102,91.4445533796788,0.237453941708216,-0.20310441330036,96.2771824372565,-8.43802103854284,-63.8287740253257,85.6609348815883
0.0224439549106785,0.231974299940411,97.1532840725109,6.78662143787046,5.15916878237236,91.8538559287086,0.239517950893079,-0.195488554874161,96.7129759934015,-8.48683560335056,-64.3344400409929,85.8062824699098
0.0225606724743294,0.231483934811823,97.5952635458114,6.81809708710031,5.25815825033602,92.2636093879099,0.241586680579191,-0.18773059591551,97.1487457365344,-8.53545659686784,-64.8409852179427,85.9486143906194
0.0226885097292989,0.231036147522922,98.0365392515021,6.84923943195291,5.35772113807399,92.6738205608812,0.243660040716799,-0.179830154303435,97.5844922412151,-8.58388014268829,-65.3483916746635,86.0879256440614
0.0228272546809874,0.23064369375225,98.4771294156065,6.8800448996164,5.45784730596367,93.0844961833972,0.245737940907955,-0.17178685905449,98.0202160835344,-8.63210237157981,-65.8566414961568,86.2242113426293
0.0229766086243211,0.230318824668812,98.9170578751677,6.91050997447631,5.55852645562951,93.4956429216916,0.247820290413281,-0.163600350346696,98.4559178410776,-8.68011942163506,-66.3657167346454,86.3574667109735
0.0231361893242673,0.230073195160072,99.3563538821794,6.94063119936843,5.65974813069354,93.9072673707188,0.249906998158757,-0.155270279542743,98.8915980928866,-8.72792743842163,-66.8755994102835,86.4876870862041
0.0233055347701838,0.229917778338451,99.7950518633422,6.97040517683831,5.76150171758579,94.3193760523978,0.251997972742521,-0.146796309212451,99.3272574194233,-8.77552257513183,-67.3862715118682,86.6148679180886
0.0234841074528823,0.229862786700336,100.23319113763,6.9998285704066,5.86377644641615,94.7319754138378,0.254093122441686,-0.138178113154495,99.7628964025321,-8.8229009927323,-67.8977149975518,86.7390047692452
0.0236712991132822,0.229917600222253,100.670815593991,7.02889810583979,5.96656139190855,95.1450718255442,0.256192355219185,-0.129415376417386,100.198515625403,-8.87005886011321,-68.4099117955567,86.8600933153306
0.0238664359124711,0.230090701598964,101.107973331832,7.05761057242549,6.06984547439894,95.5586715796079,0.258295578730617,-0.120507795319718,100.634115672534,-8.91699235423714,-68.9228438048906,86.9781293452231
0.0240687839747039,0.230389618759261,101.54471626722,7.08596282425154,6.17361746089799,95.9727808878761,0.260402700331122,-0.11145507746967,101.069697129695,-8.96369766028765,-69.436492896064,87.0931087612015
0.0242775552571868,0.230820874738001,101.98109970803,7.1139517814884,6.27786596621968,96.3874058801061,0.262513627082267,-0.102256941783773,101.505260583888,-9.01017097181752,-69.950840911808,87.2050275791181
0.0244919137032119,0.231389944937895,102.417181901492,7.14157443167387,6.38257945417698,96.8025526021023,0.264628265758946,-0.0929131185049358,101.940806623313,-9.05640849089665,-70.4658696677943,87.3138819285669
0.0247109816381229,0.232101221781557,102.853023557832,7.16882783099956,6.48774623884542,97.2182270138369,0.266746522856303,-0.0834233492197334,102.37633583733,-9.10240642825951,-70.9815609533561,87.419668053048
0.0249338463705241,0.232957986732752,103.288687353886,7.19570910559821,6.5933544858958,97.6344349875544,0.268868304596659,-0.0737873868749521,102.81184881642,-9.14816100345241,-71.49789653221,87.5223823101255
0.0251595669638963,0.233962389654504,103.724237420713,7.22221545283112,6.69939221399683,98.0511823058617,0.270993516936466,-0.0640049957934001,103.247346152149,-9.1936684449802,-72.0148581431796,87.6220211715816
0.0253871811461909,0.23511543546927,104.159738819385,7.24834414257497,6.80584729628867,98.4684746598023,0.273122065573265,-0.0540759516889771,103.682828437131,-9.23892499045275,-72.5324275009194,87.7185812235651
0.0256157123268972,0.236416978090892,104.595257009204,7.27409251850704,6.91270746192837,98.8863176469178,0.275253855952664,-0.0440000416810048,104.11829626499,-9.28392688673097,-73.0505862966411,87.8120591667353
0.0258441766923938,0.237865721607293,105.030857312671,7.29945799938814,7.01996029770778,99.3047167692955,0.277388793275329,-0.0337770643078193,104.553750230323,-9.32867039007248,-73.5693161988395,87.9024518164011
0.0260715903510314,0.239459228704703,105.466604381558,7.32443808034235,7.1275932497451,99.723677431603,0.279526782503988,-0.0234068295396237,104.989190928663,-9.37315176627681,-74.0885988540208,87.9897561026543
0.0262969764992938,0.241193936335995,105.902561668403,7.34903033413272,7.23559362525046,100.143204939112,0.281667728370446,-0.0128891587906032,105.424618956441,-9.41736729083031,-74.6084158874308,88.0739690704988
0.0265193725795455,0.243065178645217,106.338790907755,7.37323241243204,7.34394859436646,100.563304495711,0.283811535382618,-0.00222388493029991,105.860034910951,-9.46131324905055,-75.1287489037849,88.1550878799745
0.026737837398318,0.24506721716519,106.775351611351,7.39704204708782,7.45264519208433,100.983981201908,0.285958107831569,0.00858914770574917,106.295439390307,-9.50498593623036,-75.6495794879985,88.2331098062761
0.0269514581718931,0.247193278303003,107.212300581359,7.42045705138054,7.56167032023613,101.405240052821,0.28810734979857,0.0195500833061142,106.730832993412,-9.54838165778142,-76.1708892059188,88.3080322398671
0.0271593574631873,0.249435598117529,107.649691445642,7.44347532127436,7.67101074956386,101.827085936167,0.290259165162162,0.0306590545743121,107.166216319917,-9.5914967293774,-76.6926596050567,88.3798526865886
0.0273606999707857,0.251785474372194,108.087574218824,7.46609483665921,7.78065312186564,102.249523630238,0.292413457605238,0.0419161827203853,107.601589970185,-9.63432747709674,-77.2148722153205,88.4485687677631
0.0275546991275507,0.254233325813975,108.525994892757,7.48831366258353,7.89058395221975,102.672557801873,0.294570130622128,0.0533215774532183,108.036954545253,-9.67687023756487,-77.7375085497495,88.5141782202936
0.0277406234627364,0.256768758585527,108.964995059716,7.51012995047653,8.00078963128673,103.096193004427,0.296729087525701,0.0648753369735925,108.472310646793,-9.71912135809609,-78.2605501052492,88.5766788967573
0.0279178026781565,0.2593806396211,109.404611571426,7.53154193935914,8.11125642768994,103.52043367573,0.298890231454474,0.0765775479679802,108.907658877078,-9.7610771968349,-78.7839783633263,88.6360687654942
0.0280856333858931,0.262057176809064,109.844876236712,7.55254795704273,8.22197049047494,103.945284136051,0.301053465379737,0.0884282856030755,109.342999838943,-9.8027341228969,-79.3077747908255,88.6923459106916
0.0282435844524848,0.264786005625212,110.285815560263,7.57314642131445,8.33291785164784,104.370748586056,0.303218692112677,0.100427613521064,109.778334135744,-9.84408851650925,-79.8319208406657,88.7455085324619
0.0283912018927067,0.267554281852986,110.727450524667,7.5933358411085,8.44408442879292,104.796831104767,0.305385814311524,0.112575583835632,110.213662371327,-9.8851367691506,-80.356397952578,88.795554946917
0.0285281132551127,0.270348779911269,111.169796417532,7.61311481766206,8.55545602776953,105.223535647522,0.307554734488696,0.124872237128708,110.648985149986,-9.92587528369055,-80.8811875538434,88.842483586237
0.0286540314416307,0.273155996209605,111.612862705135,7.63248204565517,8.66701834548844,105.650866043939,0.30972535501796,0.137317602447955,111.084303076425,-9.96630047452862,-81.4062710600317,88.8862929987332
0.0287687579047976,0.275962256847327,112.056652953672,7.65143631433336,8.77875697276755,106.078825995879,0.311897578141599,0.149911697304982,111.519616755723,-10.0064087677327,-81.9316298757402,88.9269818489075
0.0288721851688066,0.278753828869949,112.501164798794,7.66997650861221,8.89065739726706,106.507419075423,0.314071305977584,0.162654527674311,111.954926793297,-10.0461966011771,-82.457245395334,88.9645489175052
0.0289642986244638,0.281517034196344,112.946389963716,7.68810161016272,9.00270500650376,106.936648722846,0.316246440526762,0.175546087993072,112.390233794858,-10.0856604246798,-82.9830990036852,88.998993101564
0.0290451775534459,0.284238365236831,113.392314325787,7.7058106984766,9.11488509094455,107.366518244609,0.318422883680043,0.188586361161439,112.825538366383,-10.1247967001396,-83.5091720769141,89.0303134144574
0.0291149953438828,0.286904601138466,113.838918031039,7.72310295191044,9.22718284717866,107.797030811351,0.320600537225599,0.201775318543803,113.260841114068,-10.1636019016725,-84.0354459831293,89.0585089859325
0.0291740188672053,0.289502923522454,114.286175655783,7.73997764870772,9.33958338116849,108.228189455902,0.322779302856068,0.215112919970684,113.696142644298,-10.2020725157473,-84.5619020831697,89.0835790621442
0.0292226069952834,0.292021030522549,114.734056413994,7.75643416799781,9.4520717115786,108.659997071301,0.324959082175769,0.228599113741378,114.131443563603,-10.2402050413212,-85.0885217313452,89.1055230056826
0.0292612082469911,0.294447247894912,115.182524408802,7.7724719907708,9.56463277318242,109.092456408836,0.327139776707918,0.242233836627345,114.566744478624,-10.2779959899746,-85.6152862761787,89.1243402955967
0.029290357564288,0.296770635951257,115.631538926055,7.78809070082726,9.67725142034617,109.525570076093,0.329321287901848,0.256017013876334,115.002045996075,-10.3154418860451,-86.1421770611482,89.1400305274126
0.029310672229491,0.298981091069705,116.081054767578,7.80328998570199,9.78991243058954,109.959340535029,0.331503517140247,0.269948559217243,115.437348722702,-10.3525392667613,-86.6691754254288,89.152593413146
0.0293228469473741,0.301069440562721,116.531022621393,7.81806963756065,9.90260050822226,110.393770100064,0.333686365746385,0.284028374865721,115.872653265251,-10.389284682376,-87.1962627046351,89.1620287813107
0.0293276481278367,0.303027529729097,116.981389465889,7.83242955406842,10.0153002880561,110.82886093619,0.33586973499136,0.298256351530504,116.307960230423,-10.4256746962986,-87.7234202315633,89.1683365769215
0.0293259074168291,0.304848299987198,117.432099004604,7.84636973922959,10.1279963391914,111.264615057109,0.33805352610134,0.31263236842049,116.743270224842,-10.461705885227,-88.2506293369341,89.1715168614918
0.0293185145347644,0.306525857078645,117.883092128066,7.85989030419726,10.2406731688774,111.701034323394,0.34023764026481,0.327156293252553,117.178583855014,-10.4973748392791,-88.7778713501351,89.1715698130265
0.0293064094924901,0.308055528444049,118.334307398866,7.87299146805211,10.3533152264449,112.138120440675,0.342421978639831,0.341827982260092,117.61390172729,-10.5326781621235,-89.3051275999634,89.1684957260099
0.0292905742647936,0.309433909003286,118.78568155598,7.88567355854919,10.4659069073117,112.575874957857,0.344606442361291,0.356647280202321,118.049224447827,-10.5676124711096,-89.8323794153678,89.1622950113883
0.0292720240101328,0.310658894719747,119.237150034152,7.89793701283207,10.5784325570578,113.01429926537,0.34679093254817,0.371614020374292,118.484552622551,-10.6021743973976,-90.3596081261921,89.1529681965476
0.0292517979325971,0.311729703488044,119.688647494062,7.9097823781131,10.6908764755706,113.453394593444,0.348975350310799,0.386728024617661,118.919886857119,-10.6363605860867,-90.8867950639166,89.1405159252857
0.0292309498878529,0.312646883054552,120.140108358886,7.92121031231908,10.8032229212592,113.893162010427,0.351159596758131,0.401989103332188,119.355227756882,-10.6701676963442,-91.4139215624008,89.1249389577803
0.0292105388388514,0.313412305856373,120.591467352796,7.93222158470134,10.9154561153346,114.333602421134,0.353343573005005,0.417397055487977,119.790575926842,-10.7035924015328,-91.9409689586257,89.1062381705512
0.0291916192693016,0.314029150843069,121.042660036962,7.94281707640936,11.0275602461569,114.774716565239,0.355527180179421,0.43295166863845,120.225931971619,-10.7366313893376,-92.4679185934352,89.0844145564176
0.0291752316632648,0.314501872523013,121.493623338601,7.95299778102703,11.1395194736466,115.2165050157,0.357710319429807,0.448652718934062,120.661296495413,-10.7692813618932,-92.9947518122781,89.0594692244506
0.029162393157725,0.314836157648693,121.944296068717,7.96276480507074,11.2513179337584,115.658968177235,0.359892891932299,0.464499971136754,121.096670101961,-10.8015390359085,-93.5214499659494,89.0314033999205
0.0291540884716615,0.315038870119132,122.39461942424,7.97211936844834,11.3629397430173,116.102106284834,0.362074798898011,0.480493178635141,121.532053394502,-10.833401142793,-94.0479944113312,89.000218424239
0.0291512612100952,0.31511798482933,122.844537470423,7.98106280487829,11.4743690031138,116.545919402323,0.364255941580313,0.496632083460442,121.967446975739,-10.8648644287805,-94.574366512134,88.9659157548961
0.0291548056349267,0.315082511333343,123.293997599531,7.98959656226806,11.5855898055577,116.990407420969,0.366436221282107,0.512916416303139,122.402851447801,-10.8959256550531,-95.1005476396362,88.928496965393
0.0291655589863045,0.3149424083065,123.742950962041,7.99772220305099,11.6965862363876,117.435570058145,0.368615539363102,0.529345896530386,122.838267412201,-10.9265815978648,-95.6265191734248,88.8879637451685
0.0291842944289648,0.314708489891359,124.191352866804,8.00544140448098,11.8073423809361,117.881406856034,0.370793797247091,0.545920232204143,123.273695469801,-10.9568290486636,-96.1522625021345,88.8443178995217
0.0292117146876978,0.314392325089604,124.639163146925,8.01275595888402,11.9178423286466,118.327917180397,0.372970896429227,0.562639120100061,123.709136220775,-10.9866648142136,-96.6777590241868,88.7975613495285
0.0292484464250778,0.314006131417253,125.08634648833,8.01966777386605,12.028070177941,118.775100219393,0.375146738483294,0.57950224572709,124.144590264565,-11.0160857167159,-97.2029901485283,88.7476961319542
0.0292950354031093,0.313562664072883,125.532872718382,8.02617887247625,12.138010041137,119.222954982452,0.377321225068985,0.596509283347838,124.580058199847,-11.0450885939294,-97.7279372953691,88.6947243991603
0.0293519424587581,0.313075101878277,125.978717052189,8.03229139332526,12.2476460494103,119.671480299212,0.379494257939168,0.61365989599966,125.015540624492,-11.0736702992905,-98.2525818969194,88.6386484190065
0.0294195403117283,0.312556931238813,126.423860294617,8.0380075906575,12.3569623578028,120.120674818518,0.381665738947161,0.630953735516482,125.451038135525,-11.1018277020318,-98.7769053981269,88.5794705747479
0.0294981112115629,0.312021829338351,126.868288996398,8.04332983437705,12.4659431502723,120.570537007476,0.383835570053996,0.648390442551378,125.88655132909,-11.1295576873013,-99.3008892574124,88.5171933649268
0.0295878454204325,0.311483547732266,127.311995563084,8.04826061002639,12.5745726447819,121.02106515058,0.386003653335683,0.66596964659986,126.322080800408,-11.1568571562791,-99.8245149474052,88.4518194032601
0.0296888405180384,0.310955797434843,127.754978315997,8.05280251871761,12.6828350984274,121.472257348903,0.388169890990474,0.683690966023932,126.757627143739,-11.1837230262951,-100.347763955678,88.3833514185211
0.0298011015060855,0.310452136516219,128.197241504729,8.05695827701523,12.7907148125999,121.92411151935,0.390334185346117,0.70155400807686,127.193190952345,-11.2101522309449,-100.87061778548,88.3117922544165
0.0299245416819149,0.309985861132297,128.638795271108,8.06073071677037,12.8981961381804,122.376625393987,0.392496438867117,0.719558368928693,127.62877281845,-11.2361417202054,-101.393057956472,88.2371448694588
0.0300589842442348,0.309569900811653,129.07965556499,8.06412278490569,13.0052634807652,122.829796519439,0.39465655416198,0.737703633692514,128.064373333201,-11.2616884605496,-101.915066005453,88.1594123368333
0.0302041645885226,0.309216718719574,129.519844012585,8.06713754315052,13.1119013059188,123.283622256362,0.396814433990462,0.755989376451434,128.49999308663,-11.2867894350603,-102.436623487101,88.0785978442603
0.0303597332456035,0.308938217514071,129.959387738428,8.06977816772594,13.2180941444515,123.738099778983,0.39896998127081,0.774415160286319,128.935632667615,-11.3114416435442,-102.957711974694,87.9947046938523
0.0305252594141368,0.308745651305051,130.398319142492,8.0720479489792,13.323826597719,124.193226074727,0.401123099086998,0.792980537304256,129.371292663839,-11.3356421026434,-103.478313060843,87.9077363019664
0.0307002350361838,0.308649544128398,130.836675634271,8.07395029096734,13.4290833429424,124.648997943911,0.403273690695955,0.811685048667755,129.806973661754,-11.359387845948,-103.998408358225,87.8176961990513
0.0308840793646161,0.308659615254139,131.274499326044,8.07548871098944,13.5338491385436,125.105411999518,0.405421659534794,0.830528224624692,130.242676246542,-11.3826759241068,-104.5179795003,87.7245880294905
0.0310761439716997,0.308784711563986,131.711836687822,8.07666683906734,13.6381088294957,125.562464667059,0.407566909228027,0.849509584538984,130.678401002072,-11.4055034049376,-105.03700814205,87.6284155514391
0.0312757181496235,0.309032747160103,132.148738166814,8.07748841737458,13.7418473526833,126.020152184507,0.40970934359478,0.868628636922002,131.114148510867,-11.4278673735368,-105.555475960693,87.5291826366566
0.0314820346558396,0.309410650304942,132.585257774528,8.07795729961316,13.8450497422718,126.478470602316,0.411848866655994,0.887884879464725,131.549919354058,-11.4497649323878,-106.073364656415,87.4268932703349
0.0316942757586604,0.309924317742125,133.021452644865,8.07807745033817,13.9477011350808,126.937415783527,0.413985382641624,0.907277799070625,131.985714111353,-11.4711932014694,-106.590655953089,87.3215515509208
0.0319115795414264,0.31057857641059,133.457382566813,8.07785294422991,14.0497867759604,127.396983403954,0.41611879599783,0.926806871889292,132.421533360989,-11.4921493183627,-107.107331598998,87.2131616899341
0.0321330464264975,0.311377152538202,133.893109495556,8.07728796531354,14.1512920231654,127.857168952459,0.418249011394158,0.946471563350793,132.857377679701,-11.5126304383575,-107.623373367557,87.1017280117806
0.0323577458831732,0.31232264808584,134.328697045951,8.07638680612605,14.2522023537264,128.317967731314,0.420375933730713,0.966271328200771,133.293247642676,-11.5326337345578,-108.138763058028,86.9872549535606
0.0325847232862041,0.313416524507196,134.764209972524,8.07515386683066,14.3525033688125,128.779374856646,0.422499468145323,0.986205610536275,133.72914382352,-11.5521563979868,-108.653482496244,86.8697470648718
0.0328130068936915,0.3146590937915,135.199713640176,8.07359365427843,14.4521807990851,129.241385258977,0.424619520020694,1.00627384384233,134.165066794213,-11.5711956376907,-109.167513535321,86.7492090076083
0.0330416149147417,0.316049516764033,135.635273489931,8.07171078101738,14.5512205100362,129.703993683851,0.426735994991558,1.02647545102923,134.601017125074,-11.5897486808417,-109.680838056378,86.625645555754
0.0332695626381545,0.317585808630368,136.070954504044,8.06950996424893,14.6496085073114,130.167194692546,0.428848798951804,1.04680984447061,135.036995384718,-11.6078127728409,-110.193437969244,86.4990615951716
0.0334958695936225,0.319264851762366,136.506820674824,8.06699602473205,14.747330942012,130.630982662886,0.430957838061607,1.06727642604217,135.47300214002,-11.6253851774191,-110.705295213177,86.3694621233868
0.0337195667163692,0.321082415734693,136.942934481488,8.06417388563499,14.8443741159744,131.095351790135,0.433063018754542,1.08787458716123,135.909037956075,-11.6424631767382,-111.216391757574,86.2368522493675
0.0339397034848819,0.323033184627487,137.379356379297,8.06104857133501,14.9407244870219,131.56029608799,0.435164247744685,1.10860370882694,136.345103396157,-11.6590440714906,-111.726709602677,86.1012371932984
0.0341553549994394,0.325110791611804,137.816144305138,8.05762520616631,15.036368674188,132.02580938966,0.437261432033704,1.12946316166128,136.781199021679,-11.6751251809983,-112.236230780286,85.9626222863506
0.0343656289665929,0.327307860827338,138.253353203552,8.05390901311629,15.1312934629054,132.491885349044,0.439354478917944,1.15045230595075,137.217325392157,-11.6907038433114,-112.74493735446,85.8210129704469
0.0345696725517444,0.329616056545278,138.691034577107,8.04990531247072,15.2254858101589,132.958517441995,0.441443295995487,1.17157049168885,137.653483065168,-11.7057774153053,-113.252811422227,85.6764147980217
0.034766679058628,0.332026139581498,139.12923606475,8.0456195204079,15.3189328495991,133.425698967678,0.443527791173213,1.19281705861921,138.08967259631,-11.720343272777,-113.759835114285,85.5288334317769
0.0349558943910139,0.334528030885973,139.5680010516,8.04105714754249,15.4116218966121,133.893423050028,0.445607872673835,1.21419133627953,138.525894539165,-11.7343988105413,-114.265990595704,85.3782746444325
0.0351366232485009,0.337110882182874,140.007368313374,8.03622379741926,15.5035404533432,134.36168263929,0.447683449042932,1.23569264404623,138.962149445256,-11.7479414425249,-114.771260066625,85.2247443184728
0.0353082350050527,0.339763153472496,140.447371698357,8.03112516495734,15.5946762136716,134.830470513659,0.449754429155959,1.25732029117979,139.398437864012,-11.760968601861,-115.275625762959,85.0682484458878
0.0354701692161557,0.342472697131686,140.888039849534,8.02576703484546,15.6850170681306,135.299779281011,0.451820722225249,1.2790735768709,139.834760342723,-11.7734777409822,-115.779069957084,84.9087931279101
0.0356219406983416,0.345226848264946,141.329395969178,8.02015527988886,15.7745511087734,135.769601380724,0.453882237806994,1.30095179028726,140.271117426505,-11.7854663317125,-116.281574958537,84.7463845747467
0.0357631441235027,0.348012520865588,141.771457627845,8.01429585930829,15.8632666339778,136.239929085594,0.455938885808218,1.32295421062116,140.707509658258,-11.796931865359,-116.783123114711,84.581029105307
0.0358934580701105,0.350816309247368,142.214236619367,8.008194816992,15.9511521531889,136.71075450384,0.457990576493727,1.34508010713777,141.143937578628,-11.807871852802,-117.283696811542,84.412733146925
0.0360126484742607,0.353624594104338,142.657738863062,8.00185827970117,16.0381963915962,137.1820695812,0.460037220493048,1.36732873922418,141.580401725965,-11.8182838245852,-117.783278474201,84.241503235078
0.0361205714255343,0.356423652453048,143.101964354013,7.99529245522975,16.1243882947402,137.653866103119,0.46207872880735,1.38969935643914,142.016902636284,-11.8281653310036,-118.28185056778,84.0673460131
0.0362171752560492,0.359199770609752,143.546907161841,7.98850363051929,16.2097170330482,138.126135697025,0.464115012816345,1.41219119856353,142.45344084323,-11.837513942192,-118.779395597974,83.8902682318909
0.0363025018758284,0.361939359258909,143.992555478043,7.98149816972975,16.2941720062934,138.598869834693,0.466145984285179,1.43480349565162,142.89001687803,-11.8463272482118,-119.275896111771,83.7102767496208
0.0363766873137173,0.36462906958129,144.438891711541,7.97428251226701,16.377742847976,139.072059834698,0.468171555371296,1.45753546808292,143.32663126946,-11.8546028591366,-119.771334698126,83.5273785314299
0.0364399614304962,0.367255909333305,144.885892631695,7.96686317076808,16.4604194296222,139.545696864957,0.470191638631292,1.48038632661493,143.763284543803,-11.8623384051382,-120.265693988645,83.3415806491244
0.0364926467794743,0.369807357706725,145.333529557659,7.95924672904487,16.5421918649991,140.019771945349,0.472206147027744,1.50335527243645,144.19997722481,-11.86953153657,-120.75895665826,83.1528902808664
0.0365351565995695,0.372271477752288,145.78176859255,7.95143983998753,16.6230505142411,140.494275950431,0.474214993936022,1.52644149722173,144.636709833659,-11.8761799240506,-121.251105425904,82.9613147108612
0.0365679919365249,0.37463702512395,146.230570900542,7.94344922342841,16.7029859878862,140.969199612224,0.476218093151085,1.5496441831853,145.073482888916,-11.8822812585466,-121.742123055184,82.7668613290389
0.0365917378992718,0.376893551894552,146.679893024645,7.93528166396759,16.7819891508188,141.444533523094,0.478215358894249,1.57296250313752,145.510296906497,-11.8878332514536,-122.23199235505,82.5695376307314
0.0366070590702913,0.379031504209634,147.12968724257,7.92694400876114,16.8600511261157,141.920268138703,0.480206705819944,1.59639562054082,145.947152399625,-11.8928336346771,-122.720696180467,82.3693512163462
0.0366146941009085,0.38104231258472,147.579901957775,7.9184431652732,16.9371632987934,142.396393781046,0.482192049022441,1.61994268956675,146.384049878795,-11.897280160712,-123.208217433077,82.1663097910339
0.0366154495344923,0.382918473712658,148.03048212249,7.90978609899306,17.0133173194533,142.872900641562,0.484171304042565,1.64360285515367,146.820989851729,-11.9011706027217,-123.694539061865,81.9604211643534
0.0366101929122727,0.384653622731099,148.481369689233,7.90097983111836,17.0885051078224,143.349778784323,0.48614438687438,1.66737525306516,147.25797282334,-11.9045027546152,-124.179644063821,81.7516932499309
0.0365998452276357,0.386242595004662,148.932504087116,7.89203143620565,17.1627188561871,143.827018149291,0.488111213971859,1.69125900994922,147.694999295694,-11.9072744311248,-124.663515484596,81.5401340651153
0.0365853728050662,0.387681476600151,149.383822718999,7.88294803978966,17.2359510327172,144.304608555659,0.490071702255519,1.71525324339807,148.132069767965,-11.9094834678816,-125.146136419162,81.3257517306297
0.0365677786891204,0.388967642774075,149.83526147539,7.87373681597234,17.3081943846779,144.782539705249,0.49202576911905,1.73935706200878,148.569184736399,-11.9111277214906,-125.627490012467,81.1085544702175
0.0365480936367038,0.39009978394691,150.28675526085,7.86440498498323,17.3794419415273,145.260801185988,0.493973332435904,1.76356956544456,149.006344694275,-11.9122050696049,-126.107559460083,80.8885506102851
0.0365273668123243,0.391077918804961,150.738238528533,7.85495981071222,17.4496870178975,145.739382475448,0.495914310565866,1.78788984449671,149.443550131864,-11.9127134109986,-126.586328008858,80.6657485795397
0.0365066562907088,0.391903394344801,151.189645818452,7.84540859821637,17.5189232164563,146.218272944444,0.497848622361607,1.81231698114741,149.88080153639,-11.9126506656391,-127.063778957564,80.440156908623
0.036487019474123,0.39257887285347,151.640912295005,7.83575869120185,17.5871444306484,146.697461860705,0.499776187175198,1.83685004863309,150.318099391992,-11.9120147747586,-127.53989565754,80.2117842297412
0.0364695035328336,0.393108305996068,152.091974279325,7.82601746948268,17.6543448473127,147.176938392597,0.501696924864612,1.86148811150858,150.755444179682,-11.910803700924,-128.014661513333,79.9806392762896
0.0364551359763854,0.393496896357324,152.542769772026,7.8161923464175,17.7205189491758,147.656691612904,0.503610755800191,1.88623022571195,151.192836377306,-11.9090154281062,-128.48805998334,79.7467308824738
0.0364449154607539,0.393751046951385,152.993238962062,7.80629076632599,17.785661517217,148.136710502669,0.505517600871087,1.91107543863005,151.630276459508,-11.906647961749,-128.960074580441,79.510067982927
0.0364398029320537,0.393878299371037,153.443324717455,7.7963202018863,17.8497676329063,148.61698395508,0.507417381491683,1.93602278916473,152.067764897687,-11.9036993288359,-129.430688872639,79.270659612322
0.0364407132014455,0.393887261390577,153.892973053885,7.78628815151494,17.9128326803106,149.097500779417,0.509310019607976,1.96107130779985,152.50530215996,-11.9001675779568,-129.899886483685,79.02851490498
0.036448507038348,0.393787524962825,154.342133577253,7.77620213673088,17.9748523480687,149.578249705036,0.511195437703941,1.98622001666886,152.942888711121,-11.8960507793737,-130.36765109371,78.7836430944749
0.0364639838602233,0.39358957565795,154.790759896604,7.766069699505,18.0358226312331,150.059219385403,0.513073558807863,2.01146792962317,153.380525012604,-11.8913470250849,-130.833966439851,78.5360535132334
0.03648787508728,0.393304694678097,155.238810004012,7.75589839959687,18.095739832976,150.540398402174,0.514944306498634,2.03681405230119,153.818211522443,-11.8860544288884,-131.298816316873,78.2857555921316
0.0365208382196808,0.392944854645972,155.68624661833,7.74569581188,18.1546005661605,151.021775269306,0.516807604912033,2.06225738219809,154.255948695233,-11.8801711264449,-131.762184577793,78.0327588600862
0.0365634516835097,0.392522610406951,156.133037489995,7.73546952365743,18.2124017547734,151.503338437215,0.518663378746964,2.08779690873615,154.69373698209,-11.8736952753393,-132.224055134491,77.7770729436434
0.036616210480116,0.392050986102949,156.579155664418,7.72522713196906,18.2691406352206,151.985076296962,0.52051155327167,2.11343161333597,155.131576830616,-11.8666250551408,-132.684411958332,77.5187075665624
0.0366795226617847,0.391543359772696,157.024579701837,7.71497624089234,18.3248147574821,152.466977184473,0.522352054329912,2.13916046948821,155.569468684853,-11.8589586674631,-133.143239080773,77.2576725493952
0.0367537066452389,0.391013346708483,157.469293851851,7.70472445883803,18.3794219861283,152.949029384789,0.524184808347121,2.1649824428261,156.007412985254,-11.8506943360231,-133.600520593976,76.993977809063
0.0368389893635135,0.390474682755428,157.91328818125,7.69447939584235,18.4329605011941,153.431221136338,0.526009742336516,2.1908964911986,156.445410168636,-11.8418303066977,-134.056240651408,76.7276333584279
0.0369355052464718,0.389941108678097,158.356558654142,7.68424866085745,18.4854287989119,153.913540635234,0.527826783905182,2.21690156474431,156.883460668144,-11.8323648475816,-134.510383468453,76.4586493058613
0.0370432960108568,0.389426256643343,158.799107163745,7.67403985904154,18.5368256923026,154.395976039596,0.529635861260129,2.24299660596591,157.321564913217,-11.8222962490421,-134.962933323004,76.1870358548076
0.0371623112324541,0.388943539780375,159.240941515649,7.66386058905039,18.5871503116245,154.878515473883,0.531436903214305,2.26918054980545,157.759723329542,-11.8116228237741,-135.413874556064,75.9128033033448
0.0372924096657965,0.388506045682323,159.6820753627,7.65371844033185,18.6364021046781,155.361147033247,0.533229839192581,2.2954523237202,158.197936339022,-11.8003429068541,-135.863191572343,75.6359620437406
0.0374333612709577,0.388126434611111,160.122528092088,7.64362099042483,18.6845808369693,155.843858787889,0.535014599237698,2.32181084775921,158.636204359735,-11.7884548557921,-136.310868840842,75.3565225620055
0.037584849902402,0.387816843062314,160.56232466561,7.6335758022645,18.731686591729,156.326638787434,0.536791114016183,2.34825503464054,159.074527805895,-11.7759570505841,-136.756890895446,75.0744954374407
0.0377464766115711,0.38758879324206,161.001495414415,7.62359042149523,18.7777197697889,156.809475065308,0.538559314824222,2.37478378982916,159.512907087819,-11.7628478937623,-137.20124233551,74.7898913421838
0.0379177635128569,0.387453108906588,161.440075789965,7.61367237379281,18.8226810893156,157.292355643114,0.540319133593507,2.40139601161546,159.951342611882,-11.7491258104449,-137.643907826437,74.5027210407493
0.0380981581617574,0.387419837919509,161.878106073246,7.60382916219757,18.8665715854012,157.775268535014,0.542070502897035,2.42809059119454,160.389834780484,-11.7347892483849,-138.084872100259,74.2129953895664
0.0382870383942082,0.387498181794273,162.315631044634,7.59406826446,18.9093926095117,158.258201752103,0.543813355954875,2.45486641274601,160.828383992014,-11.7198366780176,-138.524119956211,73.9207253365127
0.0384837175771983,0.387696432411562,162.752699617122,7.58439713040032,18.9511458287937,158.741143306779,0.545547626639901,2.48172235351458,161.266990640805,-11.7042665925073,-138.961636261304,73.6259219204437
0.0386874502226328,0.388021916034707,163.189364435898,7.57482317928361,18.9918332252395,159.224081217109,0.547273249483479,2.50865728389118,161.705655117106,-11.6880775077929,-139.397405950897,73.3285962707196
0.0388974379188188,0.38848094469146,163.625681447561,7.56535379721203,19.031457094712,159.707003511172,0.548990159681118,2.53567006749485,162.144377807039,-11.6712679626329,-139.831414029255,73.0287596067276
0.0391128355367239,0.389078774947928,164.06170944247,7.55599633453562,19.0700200458297,160.1898982314,0.550698293098082,2.56275956125515,162.583159092561,-11.6538365186485,-140.263645570121,72.7264232374012
0.0393327576710959,0.389819574069863,164.497509573976,7.54675810328309,19.1075249987126,160.672753438891,0.552397586274963,2.58992461549535,163.021999351433,-11.6357817603666,-140.694085717267,72.4215985607352
0.0395562852794361,0.390706393547137,164.93314485842,7.53764637461425,19.1439751835901,161.15555721771,0.55408797643321,2.61716407401611,163.460898957178,-11.6171022952611,-141.122719685055,72.114297063298
0.0397824724845179,0.391741149947915,165.368679659995,7.52866837629531,19.1793741392727,161.638297679162,0.555769401480619,2.64447677417992,163.899858279044,-11.5977967537939,-141.549532758987,71.8045303197394
0.0400103535084573,0.392924613068138,165.804179164632,7.51983129019875,19.2137257114879,162.120962966042,0.557441800016783,2.67186154699613,164.338877681972,-11.5778637894539,-141.974510296253,71.4923099922958
0.0402389497081536,0.394256401347619,166.239708847205,7.51114224982884,19.2470340510814,162.603541256855,0.559105111338493,2.69931721720654,164.777957526557,-11.5573020787962,-142.397637726282,71.1776478302911
0.0404672766830988,0.395734984533998,166.67533393637,7.50260833787447,19.2793036120861,163.086020770002,0.560759275445105,2.72684260337174,165.21709816901,-11.5361103214791,-142.818900551278,70.8605556696349
0.040694351427042,0.397357693587834,167.11111888139,7.4942365837905,19.3105391496596,163.568389767942,0.562404233043856,2.75443651795798,165.656299961125,-11.5142872403007,-143.238284346761,70.5410454323163
0.0409191994947464,0.399120737833636,167.547126825286,7.48603396140906,19.3407457178924,164.050636561305,0.564039925555144,2.78209776742468,166.095563250244,-11.4918315812345,-143.655774762102,70.2191291258954
0.0411408621540823,0.401019229370333,167.98341908858,7.4780073865819,19.3699286674871,164.532749512975,0.565666295117753,2.80982515231256,166.534888379216,-11.4687421134639,-144.071357521058,69.8948188429903
0.0413584034920129,0.403047214758267,168.420054667843,7.47016371485538,19.3980936433129,165.014717042129,0.56728328459404,2.83761746733237,166.974275686368,-11.4450176294156,-144.485018422294,69.5681267607618
0.0415709174407052,0.405197713996118,168.857089753124,7.46250973917905,19.4252465818347,165.49652762823,0.56889083757508,2.86547350145425,167.413725505466,-11.4206569447917,-144.896743339913,69.2390651403939
0.0417775346871563,0.407462766788473,169.294577268188,7.45505218764916,19.4513937084206,165.978169814978,0.570488898385752,2.89339203799766,167.853238165679,-11.3956588986014,-145.306518223975,68.9076463265712
0.0419774294264977,0.409833486081617,169.732566437308,7.44779772128831,19.476541534529,166.45963221421,0.572077412089794,2.92137185472189,168.292813991548,-11.3700223531916,-145.714329101014,68.5738827469535
0.0421698259156893,0.412300118810513,170.171102382162,7.44075293186232,19.5006968547778,166.940903509744,0.573656324494796,2.94941172391725,168.73245330295,-11.3437461942754,-146.120162074552,68.2377869116468
0.042354004780827,0.414852113753317,170.610225752113,7.43392433973549,19.5238667438976,167.421972461185,0.575225582157156,2.97751041249672,169.17215641506,-11.3168293309611,-146.524003325611,67.8993714126706
0.0425293090279548,0.417478196331167,171.049972390921,7.42731839176519,19.5460585535719,167.902827907656,0.576785132386983,3.00566668208832,169.611923638321,-11.2892706957795,-146.925839113217,67.558648923423
0.0426951497042995,0.420166450120801,171.4903730426,7.42094145923707,19.5672799091655,168.383458771487,0.57833492325295,3.03387928912791,170.05175527841,-11.2610692447094,-147.325655774905,67.2156321981416
0.0428510111544326,0.422904404766892,171.931453098875,7.41479983584166,19.5875387063451,168.86385406184,0.5798749035871,3.06214698495272,170.491651636199,-11.2322239572037,-147.723439727218,66.8703340713624
0.0429964558142014,0.42567912989125,172.373232390294,7.40889973569345,19.6068431075936,169.344002878269,0.581405022989602,3.09046851589532,170.93161300773,-11.202733836213,-148.1191774662,66.5227674573742
0.0431311284845407,0.428477334499275,172.815725022762,7.40324729139331,19.6252015386205,169.823894414222,0.582925231833451,3.11884262337825,171.371639684173,-11.1725979082089,-148.512855567891,66.1729453496712
0.0432547600276209,0.431285471282503,173.258939260852,7.39784855213526,19.6426226846723,170.303517960475,0.584435481269129,3.14726804400909,171.811731951799,-11.141815223206,-148.904460688811,65.8208808204017
0.0433671704293489,0.43408984511251,173.70287745888,7.39270948185827,19.659115486744,170.782862908501,0.585935723229196,3.17574350967627,172.251890091944,-11.1103848547834,-149.293979566449,65.4665870198141
0.0434682711750902,0.436876724918755,174.147536040369,7.38783595744407,19.6746891376966,171.261918753773,0.587425910432847,3.20426774764521,172.692114380978,-11.0783059001042,-149.681399019741,65.1100771757001
0.0435580668896877,0.439632458044151,174.592905526086,7.38323376696164,19.6893530782806,171.740675098989,0.588905996390406,3.23283948065519,173.132405090272,-11.0455774799347,-150.066705949543,64.7513645928345
0.043636656198424,0.442343586080478,175.038970610482,7.37890860795911,19.7031169930713,172.219121657233,0.590375935407766,3.26145742701663,173.572762486166,-11.0121987386626,-150.449887339112,64.3904626524122
0.0437042317724749,0.444996961104204,175.485710285942,7.37486608580384,19.7159908063172,172.697248255065,0.591835682590779,3.29012030070899,174.013186829938,-10.9781688443138,-150.830930254565,64.0273848114825
0.0437610795305713,0.447579861164865,175.933098013867,7.37111171207126,19.7279846777045,173.175044835527,0.593285193849592,3.31882681147913,174.45367837777,-10.943486988568,-151.209821845352,63.6621446023801
0.0438075769778891,0.450080103825502,176.381101941222,7.36765090298306,19.7391089980414,173.652501461084,0.594724425902924,3.34757566494023,174.894237380721,-10.9081523867743,-151.586549344711,63.2947556321541
0.0438441906734928,0.452486156520136,176.829685160811,7.3644889778954,19.749374384865,174.129608316486,0.596153336282287,3.37636556267125,175.334864084692,-10.8721642779643,-151.96110007013,62.9252315819928
0.0438714728287547,0.454787242478886,177.278806013164,7.36163115783753,19.7587916779739,174.606355711543,0.597571883336158,3.40519520231682,175.775558730398,-10.8355219248653,-152.333461423798,62.553586206647
0.0438900570508543,0.45697344097841,177.72841842758,7.35908256410142,19.7673719348893,175.082734083838,0.598980026234084,3.4340632776877,176.216321553337,-10.7982246139123,-152.70362089305,62.17983333385
0.0439006532574792,0.459035780704921,178.178472299553,7.35684821688276,19.7751264262486,175.558734001346,0.600377724970739,3.46296847886174,176.657152783757,-10.7602716552581,-153.071566050821,61.8039868637347
0.0439040418009373,0.460966325069297,178.628913901475,7.35493303397371,19.7820666311339,176.034346164981,0.601764940369917,3.49190949228528,177.098052646633,-10.7216623827836,-153.437284556081,61.4260607682484
0.0439010668517808,0.462758248388563,179.079686323255,7.35334182950793,19.7882042323387,176.509561411058,0.603141634088467,3.52088500087508,177.53902136163,-10.6823961541064,-153.80076415427,61.0460690905645
0.0438926291034594,0.464405901944306,179.530729939223,7.35207931275788,19.7935511115772,176.984370713675,0.604507768620174,3.54989368412073,177.98005914308,-10.6424723505883,-154.16199267774,60.664025944492
0.0438796778701911,0.465904869044982,179.981982897474,7.35115008698504,19.7981193446375,177.458765187011,0.605863307299572,3.57893421818751,178.42116619995,-10.6018903773419,-154.520958046174,60.2799455138819
0.0438632026599171,0.467252008353427,180.433381627612,7.35055864834295,19.8019211964836,177.932736087544,0.607208214305708,3.60800527601971,178.862342735813,-10.5606496632364,-154.877648267019,59.8938420520318
0.0438442243126508,0.468445484890782,180.884861362691,7.35030938483345,19.8049691163086,178.406274816182,0.608542454665834,3.63710552744446,179.303588948823,-10.518749660902,-155.2320514359,59.5057298810865
0.0438237858015378,0.469484788290352,181.336356671051,7.35040657531622,19.8072757325433,178.879372920313,0.609865994259045,3.66623363927594,179.744905031684,-10.4761898467338,-155.584155737045,59.1156233914383
0.0438029427993491,0.470370738046443,181.787801993637,7.3508543885717,19.8088538478223,179.352022095771,0.611178799819853,3.69538827542011,180.186291171626,-10.4329697208936,-155.933949443689,58.7235370411222
0.0437827541167898,0.471105475680212,182.239132182346,7.35165688241744,19.8097164339113,179.824214188718,0.612480838941701,3.72456809697983,180.627747550374,-10.3890888073122,-156.281420918487,58.329485355211
0.0437642721208504,0.471692443923424,182.690283034974,7.35281800287798,19.8098766266002,180.295941197436,0.613772080080407,3.75377176236042,181.069274344125,-10.3445466536894,-156.626558613921,57.9334829252063
0.0437485332413986,0.472136353197754,183.1411918223,7.35434158340816,19.8093477205628,180.767195274048,0.615052492557556,3.78299792737567,181.510871723519,-10.2993428314933,-156.969351072694,57.5355444084281
0.0437365486723277,0.472443135838296,183.591797802981,7.3562313441698,19.8081431641891,181.237968726141,0.61632204656382,3.81224524535423,181.952539853615,-10.2534769359594,-157.30978692813,57.1356845274016
0.0437292953698878,0.472619888671559,184.042042721986,7.35849089136181,19.8062765543906,181.708254018312,0.617580713162213,3.84151236724645,182.394278893864,-10.2069485860872,-157.647854904566,56.7339180692415
0.0437277074454303,0.472674804707136,184.491871288465,7.36112371660331,19.803761631385,182.178043773631,0.618828464291285,3.87079794173159,182.836088998085,-10.159757424637,-157.983543817738,56.3302598850348
0.0437326680428345,0.472617094835491,184.941231629111,7.36413319636984,19.8006122734609,182.647330775014,0.620065272768254,3.90010061532546,183.277970314439,-10.1119031181253,-158.316842575166,55.9247248892201
0.0437450017825387,0.472456900539306,185.390075713294,7.3675225914824,19.7968424917267,183.116107966523,0.62129111229206,3.92941903248838,183.719922985407,-10.0633853568188,-158.64774017653,55.517328058966
0.0437654678445797,0.472205198720646,185.838359746477,7.37129504664891,19.7924664248477,183.584368454574,0.622505957446364,3.95875183573365,184.161947147763,-10.0142038547281,-158.976225714051,55.1080844335459
0.0437947537525846,0.471873699819274,186.286044528684,7.37545359005804,19.7874983337728,184.052105509066,0.623709783702477,3.98809766573622,184.604042932552,-9.96435834959971,-159.302288372854,54.6970091137123
0.043833469909524,0.47147474044796,186.733095775121,7.38000113302491,19.7819525964559,184.519312564431,0.624902567422216,4.01745516144189,185.046210465067,-9.91384860290737,-159.62591743134,54.2841172610672
0.0438821449244902,0.471021171798292,187.179484396308,7.38494046968841,19.7758437025732,184.985983220598,0.6260842858607,4.04682296017676,185.488449864827,-9.86267439984246,-159.947102261548,53.8694240974316
0.0439412217580702,0.470526245075658,187.62518673548,7.39027427675971,19.7691862482413,185.452111243881,0.627254917169074,4.07619969775706,185.930761245552,-9.81083554930312,-160.265832329507,53.4529449042124
0.0440110547023269,0.47000349520568,188.070184761336,7.39600511332152,19.7619949307375,185.917690567786,0.62841444039716,4.10558400859932,186.373144715145,-9.75833188388251,-160.582097195598,53.0346950217675
0.0440919072002107,0.469466624017833,188.51446621459,7.40213542067771,19.7542845432262,186.382715293737,0.629562835496049,4.1349745258309,186.815600375666,-9.70516325985607,-160.895886514895,52.6146898487687
0.0441839504986581,0.468929384057361,188.958024707165,7.40866752225272,19.7460699694949,186.847179691725,0.630700083320609,4.16436988140078,187.258128323315,-9.6513295571677,-161.207190037515,52.1929448415627
0.0442872631198782,0.468405464106144,189.400859773261,7.41560362354038,19.7373661787009,187.311078200884,0.631826165631933,4.19376870619074,187.700728648412,-9.59683067941499,-161.515997608956,51.7694755135303
0.0444018311265722,0.467908377409718,189.842976871917,7.42294581210136,19.7281882201335,187.774405429985,0.632941065099716,4.22316963012678,188.143401435371,-9.54166655383342,-161.822299170435,51.3442974344431
0.0445275491492081,0.467451353514052,190.284387341093,7.43069605760896,19.7185512179933,188.237156157862,0.634044765304552,4.25257128229089,188.586146762687,-9.48583713127957,-162.126084759218,50.9174262298194
0.0446642221370825,0.467047234515134,190.725108303679,7.43885621194243,19.7084703661919,188.699325333751,0.635137250740168,4.28197229103307,189.028964702915,-9.42934238621329,-162.427344508945,50.488877580277
0.0448115677897973,0.466708376419976,191.165162526238,7.44742800932722,19.6979609231747,189.160908077576,0.636218506815581,4.31137128408366,189.471855322649,-9.37218231667896,-162.726068649959,50.058667220885
0.0449692196219847,0.466446556212472,191.604578231675,7.45641306652164,19.6870382067692,189.621899680144,0.637288519857182,4.34076688866592,189.914818682506,-9.31435694428562,-163.02224750962,49.6268109405138
0.0451367306115905,0.466272885114505,192.043388867386,7.46581288304901,19.6757175890616,190.082295603283,0.638347277110751,4.3701577316089,190.357854837109,-9.25586631418621,-163.315871512617,49.1933245811828
0.0453135773807162,0.466197728434522,192.481632830804,7.47562884147486,19.6640144913042,190.542091479901,0.639394766743392,4.39954243946051,190.800963835066,-9.19671049505578,-163.606931181284,48.758224037407
0.0454991648578158,0.466230632304809,192.919353154616,7.48586220772822,19.6519443788565,191.00128311399,0.640430977845399,4.42891963860091,191.244145718958,-9.13688957906868,-163.8954171359,48.3215252555412
0.0456928313708116,0.466380257526859,193.356597154208,7.49651413146641,19.6395227561612,191.459866480546,0.641455900432044,4.45828795535603,191.687400525321,-9.07640368187485,-164.18132009499,47.8832442331238
0.0458938541222786,0.466654320673029,193.793416040258,7.50758564648241,19.6267651617597,191.91783772544,0.642469525445292,4.48764601611148,192.130728284631,-9.01525294257497,-164.464630875624,47.4433970182172
0.0461014550000559,0.467059542533167,194.229864499617,7.51907767115416,19.6136871633465,192.375193165216,0.643471844755436,4.51699244742645,192.574129021284,-8.95343752369479,-164.745340393706,47.0019997087483
0.0463148066793039,0.467601603947437,194.666000247912,7.53099100893489,19.600304352868,192.83192928683,0.644462851162667,4.54632587614804,193.01760275359,-8.89095761115835,-165.023439664262,46.5590684518463
0.0465330389749179,0.468285109031356,195.101883557512,7.54332634888365,19.5866323416645,193.288042747328,0.645442538398551,4.57564492952564,193.461149493752,-8.82781341426027,-165.298919801723,46.1146194431796
0.0467552454061522,0.469113555775264,195.537576764697,7.55608426623518,19.5726867556606,193.743530373462,0.646410901127446,4.60494823532554,193.904769247854,-8.7640051656371,-165.571772020202,45.668668926291
0.0469804899381081,0.470089313987353,195.973143760045,7.56926522300831,19.5584832306043,194.198389161252,0.64736793494783,4.63423442194574,194.348462015851,-8.6995331212376,-165.841987633771,45.2212331919314
0.0472078138672278,0.471213610545329,196.408649466176,7.58286956865197,19.5440374073565,194.652616275487,0.648313636393555,4.66350211853088,194.792227791551,-8.63439756029211,-166.109558056726,44.7723285773921
0.0474362428199599,0.472486521925088,196.844159307102,7.59689754072781,19.529364927235,195.10620904918,0.649248002935025,4.69274995508737,195.236066562608,-8.56859878528096,-166.374474803853,44.3219714658357
0.0476647938352057,0.473906973983339,197.279738673477,7.61134926562875,19.5144814274116,195.559164982955,0.650171032980295,4.72197656259865,195.67997831051,-8.50213712190184,-166.63672949069,43.8701782856261
0.047892482501927,0.475472748982576,197.715452388123,7.6262247593323,19.4994025363674,196.011481744398,0.651082725876087,4.75118057314057,196.123963010564,-8.43501291903631,-166.89631383378,43.4169655096561
0.04811833012334,0.477180499858819,198.151364176141,7.64152392818782,19.4841438694054,196.463157167348,0.651983081908731,4.78036061999692,196.56802063189,-8.36722654871519,-167.153219650925,42.962349654675
0.0483413708784213,0.479025771742665,198.587536143932,7.65724656973679,19.4687210242239,196.914189251138,0.652872102305027,4.80951533777507,197.012151137411,-8.29877840608319,-167.407438861426,42.5063472806139
0.0485606589500342,0.481003030750062,199.024028271369,7.67339237356505,19.4531495765507,197.364576159802,0.653749789233024,4.83864336252169,197.45635448384,-8.22966890936238,-167.658963486334,42.0489749899104
0.0487752755869008,0.483105700058657,199.460897921226,7.68996092218611,19.4374450758413,197.814316221219,0.654616145802719,4.86774333183861,197.900630621677,-8.15989849981488,-167.907785648681,41.5902494268321
0.0489843360639963,0.485326203276664,199.898199369887,7.70695169195454,19.4216230410406,198.263407926227,0.655471176066678,4.89681388499873,198.344979495195,-8.08946764170442,-168.153897573713,41.1301872767983
0.0491869965028461,0.487656015092364,200.335983363143,7.72436405400842,19.4056989564115,198.711849927686,0.656314885020574,4.92585366306199,198.78940104244,-8.01837682225714,-168.39729158912,40.6688052657014
0.0493824605098281,0.490085719162387,200.774296700705,7.74219727523991,19.3896882674298,199.159641039507,0.657147278603645,4.95486130899148,199.233895195216,-7.94662655162126,-168.63796012526,40.2061201592267
0.0495699855870811,0.492605073155108,201.213181852824,7.76045051929287,19.3736063767479,199.606780235636,0.657968363699066,4.98383546776946,199.678461879084,-7.87421736282597,-168.875895715377,39.7421487621715
0.0497488892672071,0.495203080811635,201.652676612172,7.77912284758664,19.3574686402284,200.053266649007,0.658778148134248,5.01277478651361,200.123101013355,-7.80114981173922,-169.111090995812,39.2769079177629
0.0499185549198116,0.497868070821187,202.092813783816,7.7982132203649,19.341290363047,200.499099570452,0.659576640681043,5.04167791459311,200.567812511086,-7.72742447702473,-169.34353870622,38.8104145069743
0.0500784371752683,0.50058778223101,202.533620915863,7.81772049776852,19.3250867958688,200.944278447579,0.660363851055876,5.07054350374488,201.012596279074,-7.65304196009792,-169.573231689769,38.3426854478421
0.0502280669091106,0.50334945602463,202.975120072979,7.83764344093166,19.3088731310951,201.388802883623,0.661139789919793,5.0993702081898,201.457452217852,-7.57800288508101,-169.800162893342,37.8737376947801
0.0503670557293324,0.506139932408049,203.417327654671,7.85798071309974,19.2926644991856,201.832672636258,0.661904468878417,5.12815668474885,201.902380221687,-7.50230789875714,-170.024325367735,37.4035882378939
0.0504950999087794,0.50894575324348,203.860254259852,7.87873088076864,19.2764759650529,202.27588761638,0.662657900481831,5.15690159295934,202.347380178578,-7.42595767052359,-170.245712267844,36.9322541022944
0.0506119837058794,0.511753268967171,204.303904598822,7.89989241484382,19.2603225245331,202.718447886869,0.663400098224375,5.18560359519104,202.792451970253,-7.34895289234406,-170.464316852856,36.4597523474096
0.0507175820192868,0.514548749224449,204.748277453445,7.92146369181854,19.2442191009315,203.160353661314,0.664131076544354,5.2142613567623,203.237595472167,-7.27129427870003,-170.68013248643,35.9861000662971
0.050811862325683,0.517318496354364,205.193365685856,7.94344299497009,19.2281805416441,203.601605302721,0.664850850823663,5.24287354605613,203.682810553502,-7.19298256654121,-170.893152636872,35.5113143849546
0.0508948858550052,0.520048960761498,205.639156295705,7.96582851557304,19.2122216148559,204.042203322193,0.665559437387337,5.27143883463619,204.128097077168,-7.11401851523511,-171.103370877309,35.0354124616299
0.0509668079637528,0.522726857126511,206.085630525481,7.98861835412854,19.1963570063163,204.482148377587,0.666256853503001,5.29995589736273,204.573454899803,-7.03440290651561,-171.310780885858,34.5584114861311
0.051027877674699,0.525339280333052,206.53276401311,8.0118105216086,19.1806013161918,204.921441272153,0.666943117380246,5.32842341250842,205.018883871774,-6.95413654443075,-171.515376445788,34.0803286791349
0.0510784363602034,0.527873819929406,206.98052699061,8.03540294071452,19.1649690559959,205.360082953151,0.667618248169918,5.35684006187413,205.464383837177,-6.87322025528951,-171.717151445682,33.6011812914952
0.0511189155562481,0.53031867190131,207.4288845272,8.05939344714824,19.1494746455976,205.79807451045,0.668282265963317,5.38520453090456,205.909954633844,-6.79165488760772,-171.916099879585,33.1209866035505
0.0511498339051272,0.532662746509719,207.877796814915,8.08377979089587,19.1341324103076,206.235417175112,0.668935191791315,5.41351550880375,206.355596093342,-6.70944131205316,-172.112215847158,32.6397619244314
0.0511717932361992,0.534895770945762,208.32721949439,8.1085596375223,19.1189565780423,206.672112317954,0.669577047623387,5.4417716886505,206.801308040979,-6.6265804213896,-172.305493553825,32.157524591367
0.0511854738060211,0.537008385575648,208.777104018166,8.13373056947597,19.1039612765663,207.108161448104,0.670207856366557,5.46997176751357,207.247090295808,-6.54307313042013,-172.495927310906,31.674291968991
0.0511916287312817,0.538992232591538,209.22739804855,8.15929008740281,19.0891605308136,207.54356621154,0.670827641864253,5.49811444656685,207.692942670633,-6.45892037592949,-172.683511535758,31.1900814486475
0.0511910776599477,0.540840035950263,209.678045886749,8.18523561146847,19.0745682602852,207.978328389611,0.671436428895082,5.52619843120418,208.138864972014,-6.37412311662557,-172.868240751906,30.7049104476963
0.0511846997376778,0.542545671569685,210.128988929775,8.21156448268788,19.0601982765265,208.412449897561,0.672034243171515,5.5542224311542,208.584857000272,-6.28868233308,-173.050109589165,30.2187964088178
0.0511734259375566,0.544104226861048,210.580166151334,8.23827396426112,19.0460642806812,208.845932783027,0.672621111338489,5.58218516059482,209.0309185495,-6.20259902766791,-173.229112783767,29.7317567993174
0.0511582308313046,0.545512048803194,211.031514602744,8.26536124291492,19.0321798611224,209.278779224541,0.673197060971915,5.6100853382676,209.477049407568,-6.11587422450681,-173.405245178472,29.2438091104298
0.0511401238890771,0.546766779908579,211.482969929744,8.29282343024863,19.0185584911618,209.710991530018,0.673762120577105,5.63792168759187,209.923249356131,-6.02850896939455,-173.578501722687,28.7549708566233
0.0511201404025688,0.54786738158873,211.934466900919,8.32065756408395,19.0052135268346,210.142572135241,0.674316319587114,5.66569293677867,210.369518170641,-5.94050432974653,-173.748877472567,28.2652595749028
0.0510993321321987,0.548814144595124,212.385939943361,8.34886060981747,18.9921582047606,210.573523602334,0.674859688360987,5.69339781894435,210.815855620356,-5.85186139453193,-173.916367591122,27.7746928241139
0.0510787577835164,0.549608686386684,212.837323681151,8.3774294617752,18.979405640082,211.00384861824,0.675392258181928,5.72103507222401,211.262261468348,-5.76258127420919,-174.080967348315,27.2832881842461
0.0510594734205464,0.550253935453679,213.288553472184,8.40636094456817,18.966968824475,211.433549993187,0.675914061255373,5.74860343988463,211.708735471519,-5.67266510066058,-174.242672121153,26.7910632557357
0.0510425229245013,0.550754102805844,213.739565938908,8.4356518144484,18.9548606242365,211.862630659156,0.676425130706983,5.77610167043795,212.155277380608,-5.58211402712596,-174.401477393779,26.2980356587691
0.0510289286051499,0.551114641006308,214.190299488589,8.46529876066425,18.9430937784449,212.291093668345,0.676925500580545,5.80352851775302,212.601886940207,-5.49092922813566,-174.557378757555,25.8042230325856
0.051019682069141,0.55134219129864,214.640694818786,8.49529840681457,18.9316808971936,212.718942191633,0.677415205835788,5.83088274116848,213.048563888774,-5.39911189944259,-174.710371911142,25.3096430347806
0.0510157354448541,0.551444519528711,215.090695403885,8.5256473122006,18.9206344598969,213.146179517042,0.677894282346112,5.8581631056045,213.495307958646,-5.30666325795345,-174.860452660575,24.814313340608
0.0510179930569893,0.551430441702864,215.540247958671,8.55634197317509,18.9099668136677,213.572809048203,0.678362766896226,5.88536838167443,213.942118876053,-5.21358454165915,-175.007616919333,24.3182516422837
0.0510273036362877,0.551309740146402,215.989302875114,8.58737882448777,18.8996901717655,213.998834302821,0.678820697179701,5.91249734579605,214.388996361138,-5.11987700956442,-175.151860708405,23.8214756482883
0.0510444531406948,0.551093071329492,216.437814628809,8.61875424062643,18.8898166121141,214.424258911137,0.679268111796436,5.93954878030252,214.835940127967,-5.02554194161654,-175.293180156351,23.3240030826699
0.0510701582541632,0.550791866509399,216.88574215171,8.65046453715298,18.8803580758889,214.849086614406,0.679705050250039,5.96652147355293,215.282949884549,-4.93058063863336,-175.43157149936,22.8258516843478
0.0511050606183941,0.550418226397551,217.333049168132,8.68250597203367,18.871326366171,215.273321263363,0.680131552945112,5.99341422004252,215.730025332854,-4.83499442223039,-175.567031081299,22.3270392064154
0.0511497218413985,0.549984811096665,217.779704491281,8.71487474696288,18.8627331466686,215.696966816701,0.680547661184456,6.02022582051242,216.177166168832,-4.73878463474719,-175.699555353762,21.8275834154439
0.0512046193150982,0.549504726567192,218.225682277904,8.74756700867988,18.8545899405038,216.120027339554,0.68095341716619,6.04695508205909,216.624372082428,-4.6419526391729,-175.829140876114,21.3275020907859
0.0512701428625374,0.548991408874394,218.670962239,8.78057885027768,18.8469081290648,216.542507001982,0.681348863980774,6.07360081824325,217.071642757605,-4.54449981907098,-175.955784315526,20.8268130238797
0.0513465922239158,0.548458507438607,219.115529804906,8.81390631250366,18.8396989509201,216.964410077461,0.681734045607955,6.10016184919847,217.518977872366,-4.44642757850319,-176.07948244701,20.3255340175529
0.0514341753798098,0.547919768463553,219.559376243444,8.84754538505116,18.8329735007962,217.385740941381,0.682109006913618,6.12663700173924,217.966377098769,-4.34773734195273,-176.200232153449,19.8236828853275
0.0515330076998494,0.547388919653114,220.002498730198,8.88149200784149,18.8267427286157,217.80650406955,0.682473793646552,6.15302510946863,218.413840102955,-4.24843055424669,-176.318030425618,19.3212774507248
0.051643111895947,0.546879557248338,220.444900370392,8.91574207229591,18.8210174385956,218.226704036704,0.682828452435133,6.17932501288548,218.861366545168,-4.14850868047759,-176.432874362207,18.8183355465704
0.0517644187510848,0.546405036326509,220.88659017222,8.9502914225969,18.8158082884032,218.646345515024,0.683173030783915,6.20553555949109,219.308956079777,-4.04797320592428,-176.544761169833,18.3148750142998
0.0518967685877804,0.545978365205986,221.327582971908,8.98513585693828,18.8111257883702,219.065433272657,0.683507577070139,6.23165560389542,219.756608355301,-3.946825635972,-176.653688163053,17.8109137032652
0.0520399134347293,0.54561210469721,221.767899311132,9.0202711287637,18.8069803007622,219.483972172257,0.683832140540146,6.25768400792285,220.204323014436,-3.84506749603168,-176.759652764368,17.3064694700413
0.0521935198458104,0.545318272835044,222.207565267852,9.05569294799293,18.8033820391022,219.901967169518,0.684146771305719,6.28361964071729,220.652099694075,-3.74270033145851,-176.862652504225,16.8015601777328
0.0523571723226153,0.545108255623406,222.646612241952,9.09139698223565,18.800341067548,220.319423311723,0.684451520340324,6.3094613788469,221.099938025341,-3.63972570746973,-176.962685021015,16.2962036952822
0.0525303772898835,0.544992724222704,223.085076697485,9.12737885799214,18.7978673003205,220.736345736308,0.684746439475273,6.33520810640818,221.547837633605,-3.53614520906168,-177.059748061061,15.7904178967778
0.0527125675725949,0.544981558916512,223.522999863636,9.16363416184062,18.7959705011827,221.152739669421,0.685031581395797,6.36085871512953,221.995798138523,-3.43196044092615,-177.153839478611,15.2842206607623
0.0529031073238704,0.545083780108224,223.960427396861,9.20015844161074,18.794660282967,221.568610424498,0.685306999637039,6.38641210447427,222.443819154056,-3.3271730273659,-177.244957235816,14.7776298695429
0.0531012973541121,0.545307486522855,224.397409006981,9.2369472075429,18.7939461071502,221.983963400853,0.685572748579954,6.41186718174302,222.891900288504,-3.22178461220952,-177.333099402713,14.2706634085008
0.0533063808138009,0.545659800724892,224.833998050281,9.27399593343307,18.7938372834739,222.398804082264,0.685828883447131,6.43722286217551,223.340041144533,-3.11579685872558,-177.418264157196,13.7633391654025
0.0535175491848704,0.54614682201085,225.270251092931,9.3113000577628,18.7943429696094,222.813138035581,0.686075460298523,6.46247806905186,223.788241319207,-3.00921144953595,-177.500449784984,13.2556750297107
0.0537339485384006,0.546773586695112,225.706227448305,9.34885498481409,18.7954721708652,223.226970909335,0.686312536027095,6.48763173379311,224.236500404016,-2.90203008652853,-177.579654679591,12.7476888918975
0.053954686019324,0.547544035779411,226.14198869195,9.38665608576887,18.7972337399357,223.640308432363,0.686540168354394,6.51268279606123,224.684817984912,-2.79425449076919,-177.655877342281,12.2393986427567
0.0541788365217104,0.54846098997911,226.577598158161,9.42469869979282,18.7996363766894,224.053156412438,0.686758415826022,6.53763020385843,225.133193642338,-2.68588640241301,-177.72911638203,11.7308221727183
0.0544054495208305,0.549526132071975,227.013120422245,9.46297813510341,18.8026886279957,224.46552073491,0.686967337807035,6.56247291362582,225.58162695126,-2.57692758061483,-177.799370515468,11.2219773711629
0.054633556030424,0.55073999653576,227.448620772701,9.50148967002176,18.8063988875877,224.877407361358,0.687166994477255,6.58720989034145,226.030117481206,-2.46737980343914,-177.866638566838,10.7128821257374
0.0548621756552829,0.552101966447645,227.884164677579,9.54022855400835,18.81077539596,225.288822328251,0.6873574468265,6.6118401076176,226.478664796295,-2.35724486776918,-177.930919467926,10.203554321672
0.0550903237103086,0.553610277629181,228.319817249377,9.57919000868229,18.8158262403001,225.699771745617,0.687538756649726,6.63636254779744,226.927268455274,-2.24652458921546,-177.992212258009,9.69401184109696
0.0553170183775392,0.555262030032459,228.755642712808,9.61836922882406,18.8215593544515,226.110261795725,0.687710986542092,6.66077620205093,227.375928011554,-2.13522080202355,-178.050516083784,9.18427256236195
0.0555412878722389,0.557053206374404,229.191703879766,9.65776138336162,18.8279825189071,226.520298731774,0.687874199893944,6.68508007047008,227.824643013247,-2.02333535898116,-178.105830199295,8.67435435935498
0.0557621775880056,0.558978698033936,229.628061635766,9.69736161633983,18.8351033608313,226.929888876593,0.688028460885707,6.70927316216339,228.273413003202,-1.91087013132463,-178.158153965863,8.16427510082315
0.0559787571890248,0.561032338228945,230.06477444202,9.73716504787301,18.8429293541086,227.339038621351,0.688173834482707,6.73335449534964,228.722237519042,-1.79782700864469,-178.207486852003,7.65405264969428
0.056190127615159,0.56320694248471,230.501897857219,9.77716677508075,18.8514678194188,227.747754424273,0.688310386429906,6.75732309745084,229.171116093207,-1.68420789879157,-178.253828433337,7.1437048623996
0.0563954279626313,0.565494356390616,230.939484082899,9.81736187300682,18.860725924335,228.156042809372,0.688438183246556,6.78117800518453,229.620048252986,-1.57001472777949,-178.297178392514,6.63324958819761
0.0565938421997696,0.567885510616632,231.377581536116,9.85774539552128,18.8707106834447,228.563910365184,0.688557292220772,6.80491826465517,230.069033520562,-1.45524943969047,-178.337536519105,6.12270466849911
0.0567846056738106,0.570370483123968,231.816234452901,9.89831237620576,18.8814289584918,228.971363743515,0.688667781404031,6.82854293144483,230.518071413052,-1.33991399657749,-178.374902709518,5.61208793619337
0.0569670113612847,0.57293856845524,232.255482525763,9.939057829222,18.8928874585371,229.378409658198,0.688769719605582,6.8520510707031,230.967161442545,-1.22401037836704,-178.409276966887,5.10141721497557
0.0571404158112317,0.575578353928436,232.695360578183,9.97997675016368,18.9050927401375,229.785054883857,0.688863176386785,6.87544175723611,231.41630311615,-1.10754058276104,-178.440659400969,4.59071031867547
0.0573042447276214,0.578277802486569,233.1358982788,10.0210641168917,18.9180512075409,230.191306254682,0.688948222055366,6.89871407559478,231.865495936029,-0.990506625138081,-178.469050228035,4.07998505058737
0.0574579981350779,0.581024341872216,233.57711989763,10.0623148903528,18.9317691128961,230.597170663211,0.6890249276596,6.92186712016222,232.314739399449,-0.872910538454098,-178.494449770752,3.56925920280135
0.0576012550705239,0.583804959704821,234.019044106342,10.1037240153824,18.9462525564759,231.002655059121,0.689093364982406,6.94489999524032,232.764032998821,-0.754754373142421,-178.516858458069,3.0585505555359
0.0577336777428349,0.586606303940672,234.461683824257,10.1452864214902,18.9615074869118,231.407766448028,0.689153606535375,6.96781181513543,233.213376221746,-0.636040197013192,-178.536276825086,2.54787687647185
0.0578550151031846,0.589414788093296,234.905046111356,10.1869970236312,18.9775397014395,231.812511890297,0.689205725552718,6.99060170424319,233.662768551059,-0.516770095152195,-178.552705512932,2.03725592008778
0.0579651057705741,0.592216700488362,235.349132109218,10.2288507229593,18.9943548461528,232.216898499855,0.689249795985134,7.01326879713253,234.112209464875,-0.396946169819081,-178.566145268633,1.52670542699676
0.0580638802601712,0.594998316725053,235.793937030411,10.2708424075671,19.0119584162656,232.620933443019,0.689285892493609,7.0358122386287,234.561698436635,-0.276570540345006,-178.576596944971,1.01624312328465
0.0581513624665686,0.597746014418265,236.239450196453,10.3129669532084,19.0303557563795,233.024623937326,0.689314090443134,7.05823118389545,235.011234935155,-0.155645343029674,-178.584061500348,0.505886719849772
0.0582276703599192,0.600446389206152,236.685655124094,10.3552192240077,19.0495520607567,233.427977250373,0.68933446589635,7.0805247985163,235.46081842467,-0.0341727310378033,-178.58853999864,-0.00434608825579141
0.0582930158600764,0.603086370928429,237.132529659232,10.3975940731529,19.0695523735959,233.831000698668,0.689347095607124,7.10269225857488,235.910448364884,0.087845125704981,-178.590033609046,-0.51443762248345
0.058347703862275,0.605653338815453,237.580046157419,10.4400863435749,19.0903615893105,234.233701646481,0.689352057014043,7.1247327507343,236.360124211017,0.210406040616832,-178.588543605936,-1.02437022144374
0.0583921303974164,0.608135234478972,238.028171709504,10.4826908686125,19.111984452808,234.636087504709,0.689349428233842,7.14664547231565,236.809845413859,0.333507810564923,-178.584071368695,-1.53412624156036
0.0584267799205005,0.610520671464904,238.476868410596,10.5254024726633,19.1344255597686,235.038165729743,0.689339288054758,7.16842963137547,237.259611419813,0.457148215971253,-178.576618381558,-2.04368805772263
0.0584522217319844,0.612799040118394,238.926093670176,10.5682159718213,19.1576893569224,235.439943822348,0.68932171592981,7.19008444678234,237.709421670952,0.581325020918999,-178.566186233448,-2.55303806393622
0.0584691055486206,0.614960606523046,239.375800560814,10.6111261745012,19.1817801423237,235.841429326541,0.689296791970011,7.21160914829239,238.159275605066,0.706035973259422,-178.5527766178,-3.06215867397224
0.0584781562523769,0.616996604310418,239.825938202661,10.6541278820502,19.2067020656221,236.242629828488,0.689264596937508,7.23300297662392,238.609172655713,0.831278804719311,-178.536391332396,-3.57103232201465
0.0584801678581139,0.618899318192773,240.276452180551,10.6972158893473,19.2324591283273,236.64355295539,0.689225212238656,7.25426518353096,239.059112252276,0.957051231008957,-178.517032279176,-4.07964146330586
0.0584759967525087,0.620662158151349,240.7272849903,10.74038498539,19.2590551840688,237.044206374395,0.689178719917016,7.27539503187589,239.50909382001,1.08335095193066,-178.494701464064,-4.58796857479062
0.0584665542680005,0.622279723312948,241.17837651052,10.7836299538709,19.2864939388483,237.444597791499,0.689125202646291,7.29639179570097,239.959116780099,1.21017565148778,-178.469400996778,-5.09599615575811
0.0584527986660202,0.623747854667857,241.629664496056,10.8269455737419,19.3147789512839,237.844734950463,0.689064743723191,7.3172547602989,240.409180549708,1.33752299799424,-178.441133090636,-5.60370672848219
0.0584357266132088,0.625063675919943,242.081085088979,10.8703266197681,19.3439136328447,238.244625631734,0.688997427060234,7.33798322228233,240.859284542041,1.46539064418464,-178.40990006237,-6.11108283885982
0.058416364242494,0.626225621912371,242.532573342912,10.913767863072,19.373901248076,238.644277651367,0.688923337178476,7.35857648965231,241.30942816639,1.59377622732477,-178.375704331918,-6.61810705704758
0.0583957578975867,0.62723345423695,242.984063756338,10.9572640716678,19.4047449148139,239.043698859957,0.688842559200182,7.37903388186573,241.759610828195,1.72267736932272,-178.338548422225,-7.12476197809638
0.0583749646645123,0.628088263807983,243.435490810497,11.0008100109857,19.4364476043866,239.442897141575,0.688755178841425,7.39935472990163,242.209831929099,1.85209167684041,-178.29843495904,-7.63103022258408
0.058355042797088,0.628792460359247,243.8867895074,11.0444004443893,19.4690121418051,239.841880412709,0.688661282404628,7.41953837632653,242.660090867004,1.98201674140562,-178.255366670696,-8.13689443724634
0.0583370421447186,0.629349749001386,244.337895903523,11.0880301336825,19.5024412059391,240.240656621205,0.688560956771037,7.43958417535859,243.110387036126,2.11245013952456,-178.209346387903,-8.64233729560533
0.0583219946904717,0.629765094152971,244.788747634755,11.1316938396111,19.5367373296796,240.639233745224,0.688454289393135,7.45949149293071,243.560719827059,2.24338943279483,-178.160377043528,-9.14734149859658
0.0583109053051344,0.63004467132777,245.239284428261,11.1753863223554,19.5719029000868,241.037619792189,0.688341368286993,7.4792597067526,244.011088626826,2.37483216801892,-178.108461672367,-9.65188977519366
0.0583047428189053,0.630195807420126,245.689448597051,11.2191023420175,19.607940158522,241.435822797747,0.688222282024559,7.49888820637162,244.461492818941,2.50677587731811,-178.053603410925,-10.1559648830309
0.0583044315066443,0.630226910276238,246.139185513137,11.2628366591015,19.6448512007645,241.833850824733,0.68809711972589,7.5183763932326,244.911931783466,2.63921807824688,-177.995805497181,-10.659549609024
0.0583108430753439,0.630147388468849,246.588444055433,11.3065840349893,19.6826379771115,242.23171196213,0.687965971051321,7.53772368073651,245.362404897075,2.77215627390777,-177.935071270352,-11.1626267699886
0.0583247892338777,0.629967562303894,247.037177028668,11.3503392324107,19.7213022924613,242.629414324047,0.687828926193578,7.556929494298,245.812911533107,2.90558795306662,-177.871404170662,-11.6651792132564
0.058347014915351,0.629698567178107,247.485341549911,11.3940970159093,19.760845806379,243.026966048685,0.687686075869832,7.57599327140176,246.263451061633,3.03951059026833,-177.804807739091,-12.1671898172896
0.058378192211761,0.629352250475091,247.932899399528,11.437852152305,19.8012700331444,243.424375297316,0.687537511313694,7.59491446165782,246.714022849512,3.173921645953,-177.735285617132,-12.6686414922929
0.0584189150694288,0.628941063233227,248.379817333724,11.4815994111528,19.8425763417822,243.821650253264,0.687383324267164,7.61369252685562,247.164626260457,3.30881856657252,-177.662841546544,-13.1695171808232
0.0584696947820714,0.628477947841777,248.826067356108,11.5253335651992,19.8847659560731,244.218799120885,0.687223606972506,7.63232694101694,247.61526065509,3.44419878470757,-177.587479369094,-13.6697998583973
0.0585309563066918,0.627976223022231,249.271626946112,11.5690493908368,19.9278399545472,244.615830124551,0.68705845216409,7.65081719044766,248.065925391012,3.58005971918503,-177.5092030263,-14.1694725340971
0.0586030354159655,0.62744946733126,249.716479242399,11.6127416685566,19.9717992704574,245.012751507642,0.686887953060164,7.66916277378835,248.516619822858,3.71639877519584,-177.428016559171,-14.6685182511727
0.0586861766897208,0.626911402381267,250.160613179816,11.6564051834006,20.0166446917352,245.409571531528,0.686712203354584,7.68736320206367,248.967343302368,3.85321334441316,-177.34392410794,-15.1669200876431
0.0587805323376918,0.626375776916422,250.604023578793,11.7000347254133,20.062376860926,245.806298474565,0.686531297208484,7.70541799873061,249.418095178442,3.99050080511106,-177.256929911798,-15.6646611568947
0.0588861618361637,0.625856252808738,251.046711186514,11.7436250900934,20.1089962751062,246.202940631089,0.686345329241904,7.72332669972542,249.868874797211,4.12825852228348,-177.167038308617,-16.1617246082771
0.0590030323525926,0.625366293952977,251.488682669546,11.787171078847,20.1565032857807,246.599506310406,0.686154394525359,7.74108885350952,250.319681502095,4.26648384776368,-177.074253734677,-16.6580936276972
0.059131019924907,0.624919058943899,251.929950558046,11.830667499442,20.204898098762,246.996003835791,0.685958588571364,7.75870402111401,250.770514633873,4.40517412034394,-176.978580724384,-17.15375143821
0.0592699113560679,0.624527298317734,252.370533142026,11.8741091664637,20.2541807740289,247.392441543482,0.685758007325916,7.7761717761831,251.221373530744,4.54432666589577,-176.880023909988,-17.6486813006076
0.059419406779629,0.624203257034978,252.810454320565,11.9174909017746,20.3043512255678,247.788827781681,0.685552747159916,7.79349170501624,251.672257528393,4.68393879749036,-176.778588021293,-18.1428665140058
0.0595791228485089,0.623958582776572,253.249743405235,11.9608075349761,20.3554092211947,248.185170909548,0.685342904860555,7.81066340660905,252.123165960059,4.82400781551948,-176.674277885368,-18.6362904164277
0.059748596496918,0.62380424052334,253.68843487937,12.0040539038741,20.4073543823584,248.581479296203,0.685128577622653,7.82768649269303,252.574098156598,4.96453100781671,-176.567098426253,-19.1289363853852
0.0599272892243103,0.623750433791617,254.126568115171,12.0472248549496,20.4601861839264,248.977761319719,0.684909863039952,7.84456058777397,253.02505344655,5.10550564977893,-176.457054664657,-19.6207878384582
0.0601145918502381,0.623806532808774,254.564187050977,12.0903152438331,20.5139039539521,249.374025366126,0.684686859096364,7.86128532916919,253.476031156205,5.24692900448831,-176.344151717661,-20.1118282338706
0.060309829689935,0.623981009832569,255.001339831341,12.1333199357856,20.5685068734251,249.770279828402,0.684459664157183,7.87786036704346,253.927030609674,5.38879832283448,-176.228394798408,-20.6020410710642
0.0605122681021825,0.624281381749376,255.438078412869,12.1762338061842,20.6239939760047,250.166533105474,0.684228376960247,7.89428536444371,254.37805112895,5.53111084363712,-176.109789215798,-21.09140989127
0.0607211183633341,0.624714160029267,255.874458139035,12.2190517410153,20.6803641477361,250.562793601211,0.683993096607068,7.91055999733247,254.829092033979,5.67386379376884,-175.988340374173,-21.579918278077
0.0609355438240921,0.625284808071011,256.310537287441,12.2617686373742,20.737616126751,250.959069723417,0.683753922553916,7.92668395462,255.280152642727,5.81705438827836,-175.864053773003,-22.0675498579976
0.061154666308553,0.625997705937211,256.746376593209,12.3043794039722,20.7957485029534,251.355369882825,0.68351095460287,7.94265693819523,255.731232271248,5.96067983051403,-175.736935006565,-22.5542883010315
0.0613775727179659,0.626856122458322,257.182038752394,12.3468789616518,20.8547597176892,251.751702492086,0.683264292892827,7.95847866295535,256.182330233754,6.10473731224763,-175.60698976362,-23.0401173212262
0.061603321804397,0.627862194673129,257.617587909438,12.3892622439106,20.9146480634027,252.148075964755,0.683014037890475,7.97414885683413,256.633445842679,6.24922401379846,-175.47422382709,-23.525020677235
0.0618309510818974,0.629016914570936,258.053089132854,12.4315241974334,20.9754116832791,252.544498714275,0.682760290381237,7.98966726082902,257.084578408754,6.39413710415775,-175.338643073723,-24.008982172872
0.0620594838446878,0.630320123105221,258.488607883381,12.4736597826347,21.0370485708746,252.940979152964,0.682503151460172,8.00503362902689,257.535727241069,6.53947374111333,-175.200253473765,-24.4919856576651
0.0622879362631833,0.631770511457881,258.924209478945,12.5156639742104,21.0995565697342,253.337525690986,0.682242722522847,8.02024772862849,257.986891647148,6.68523107137455,-175.059061090622,-24.9740150274054
0.0625153245293077,0.633365629544956,259.359958560757,12.5575317617,21.1629333729984,253.73414673533,0.681979105256179,8.03530933997165,258.438070933016,6.83140623069754,-174.915072080518,-25.4550542246943
0.0627406720224405,0.635101901766571,259.79591856491,12.5992581500594,21.2271765229994,254.130850688778,0.681712401629238,8.05021825655317,258.889264403269,6.97799634401067,-174.768292692155,-25.9350872394878
0.0629630164664897,0.636974650013236,260.232151203742,12.6408381602453,21.292283410849,254.52764594887,0.681442713884031,8.06497428504938,259.340471361142,7.12499852554027,-174.618729266365,-26.4140981096378
0.0631814170470227,0.638978123945407,260.668715961202,12.6822668298102,21.358251276016,254.924540906867,0.681170144526246,8.07957724533539,259.791691108584,7.27240987893669,-174.466388235762,-26.8920709214307
0.0633949614551845,0.641105538561065,261.10566960632,12.7235392135105,21.4250772058983,255.321543946706,0.680894796315972,8.09402697050313,260.242922946321,7.42022749740045,-174.311276124387,-27.3689898101229
0.0636027728223739,0.64334911905527,261.543065728733,12.7646503839258,21.4927581353871,255.718663443946,0.680616772258398,8.10832330687792,260.694166173933,7.56844846380879,-174.153399547355,-27.8448389604741
0.0638040165064895,0.645700152954603,261.980954300068,12.8055954320914,21.5612908464258,256.115907764717,0.680336175594476,8.12246611403389,261.14542008992,7.71706985084235,-173.99276521049,-28.3196026072768
0.0639979066871335,0.648149049477064,262.419381264757,12.8463694681437,21.6306719675652,256.513285264653,0.680053109791564,8.13645526480795,261.596683991774,7.86608872111207,-173.829379909971,-28.7932650358833
0.0641837127236637,0.650685406023745,262.858388163618,12.8869676219783,21.7008979735151,256.910804287824,0.679767678534046,8.15029064531255,262.047957176051,8.0155021272864,-173.663250531959,-29.2658105827302
0.0643607652266128,0.653298081652254,263.298011793299,12.9273850439226,21.7719651846934,257.30847316566,0.679479985713927,8.16397215494704,262.499238938441,8.16530711221865,-173.494384052232,-29.737223635859
0.0645284617899283,0.655975277313866,263.738283904384,12.9676169054212,21.8438697667747,257.706300215864,0.679190135421411,8.17749970640777,262.950528573837,8.31550070907454,-173.322787535811,-30.2074886354349
0.0646862723289569,0.65870462255763,264.179230940622,13.0076583997361,21.9166077302396,258.104293741319,0.67889823193545,8.19087322569682,263.401825376409,8.46607994146,-173.148468136589,-30.6765900742613
0.0648337439672729,0.661473268316561,264.620873821466,13.0475047426605,21.990174929924,258.502462028988,0.678604379714278,8.20409265212944,263.853128639675,8.61704182354915,-172.971433096947,-31.1445124982925
0.0649705054145264,0.664267985295426,265.063227769709,13.087151173248,22.0645670645731,258.900813348806,0.678308683385933,8.21715793834018,264.304437656568,8.76838336021242,-172.791689747378,-31.6112405071426
0.0650962707776188,0.667075267378842,265.506302185659,13.1265929545552,22.1397796763979,259.299355952553,0.678011247738749,8.2300690502876,264.755751719513,8.92010154714493,-172.609245506102,-32.0767587545916
0.0652108427488256,0.669881439375006,265.950100568935,13.1658253744009,22.215808150638,259.698098072731,0.677712177711843,8.24282596725783,265.207070120495,9.07219337099499,-172.424107878677,-32.5410519490885
0.0653141151170893,0.672672768307253,266.394620488543,13.2048437461383,22.2926477151304,260.09704792142,0.677411578385578,8.25542868186659,265.658392151132,9.22465580949277,-172.23628445761,-33.0041048542514
0.0654060745526453,0.675435577365882,266.839853601529,13.243643409444,22.3702934398868,260.49621368913,0.677109554972019,8.26787720006008,266.109717102743,9.3774858315792,-172.045782921964,-33.4659022893643
0.0654868016204577,0.678156361539368,267.285785720103,13.2822197311215,22.4487402366803,260.895603543635,0.676806212805373,8.28017154111441,266.561044266426,9.53068039753492,-171.852611036965,-33.9264291298706
0.0655564709845862,0.680821903860372,267.732396926706,13.3205681059198,22.5279828586427,261.295225628806,0.676501657332415,8.29231173763375,267.012372933122,9.68423645910946,-171.656776653597,-34.3856703078643
0.065615350773542,0.683419391130754,268.179661736144,13.358683957368,22.608015899874,261.695088063416,0.676195994102911,8.30429783554717,267.463702393691,9.83815095965054,-171.458287708206,-34.8436108125769
0.065663801085784,0.68593652793392,268.627549303469,13.396562738625,22.6888337950657,262.095198939953,0.675889328760017,8.31612989410414,267.915031938983,9.99242083423353,-171.257152222093,-35.3002356908621
0.0657022716246312,0.688361647704644,269.076023675958,13.4341999333444,22.7704308191395,262.495566323398,0.675581767030689,8.32780798586869,268.366360859908,10.147043009791,-171.053378301105,-35.7555300476769
0.0657312984628304,0.690683819608108,269.525044087138,13.4715910565555,22.8528010869016,262.896198250008,0.675273414716067,8.33933219671223,268.817688447509,10.3020144052424,-170.846974135231,-36.2094790465596
0.0657514999486047,0.692892949982741,269.97456529047,13.5087316555592,22.9359385527163,263.297102726078,0.674964377681864,8.35070262580515,269.269013993031,10.4573319316239,-170.63794799818,-36.6620679101044
0.0657635717769778,0.694979877126626,270.424537929977,13.5456173108393,23.0198370101979,263.698287726683,0.674654761848747,8.36191938560696,269.720336787997,10.6129924922183,-170.426308246975,-37.1132819204331
0.0657682812622686,0.696936458255123,270.874908944768,13.5822436369892,23.1044900919248,264.099761194416,0.674344673182711,8.37298260185517,270.171656124272,10.7689929826853,-170.212063321527,-37.5631064196634
0.0657664608595979,0.69875564752782,271.325622004152,13.618606283654,23.1898912691748,264.501531038105,0.674034217685456,8.38389241355289,270.622971294142,10.925330291191,-169.995221744217,-38.0115268103738
0.0657590009947758,0.700431564135161,271.776617969755,13.6547009364872,23.2760338516857,264.903605131516,0.673723501384756,8.39464897295505,271.07428159038,11.0820012985389,-169.775792119472,-38.4585285560654
0.0657468422727778,0.701959549547715,272.227835380838,13.690523318123,23.3629109874407,265.305991312039,0.673412630324832,8.40525244555335,271.525586306317,11.2390028782999,-169.553783133341,-38.9040971816205
0.065730967144901,0.70333621316217,272.679210958807,13.7260691891624,23.4505156624807,265.708697379362,0.67310171055672,8.41570301005984,271.976884735917,11.3963318969424,-169.329203553061,-39.3482182737579
0.0657123911233904,0.704559465725204,273.130680126742,13.7613343491751,23.5388407007463,266.11173109412,0.672790848128646,8.42600085838925,272.428176173842,11.5539852139633,-169.102062226627,-39.7908774814843
0.0656921536396246,0.705628540076578,273.582177539667,13.7963146377147,23.6278787639481,266.51510017654,0.672480149076403,8.43614619564,272.87945991553,11.7119596820183,-168.872368082362,-40.2320605165434
0.0656713086476708,0.706543998922785,274.033637621148,13.8310059353487,23.7176223514705,266.918812305056,0.672169719413725,8.44613924007385,273.330735257258,11.8702521470525,-168.640130128473,-40.6717531538608
0.0656509150790284,0.707307729528855,274.484995101796,13.8654041647021,23.8080638003077,267.322875114914,0.671859665122676,8.45598022309433,273.782001496216,12.0288594484309,-168.405357452619,-41.109941231986
0.0656320272565724,0.707922925394659,274.93618555521,13.8995052915146,23.8991952850341,267.727296196759,0.671550092144036,8.4656693892238,274.233257930578,12.1877784190697,-168.168059221462,-41.5466106535306
0.0656156853760464,0.70839405515955,275.387145926931,13.9333053257112,23.9910088178119,268.132083095201,0.6712411063677,8.47520699607926,274.684503859572,12.3470058855665,-167.92824468023,-41.9817473856038
0.0656029061619216,0.708726819151562,275.837815052022,13.9668003224858,24.0834962484353,268.537243307363,0.67093281362308,8.48459331434684,275.135738583547,12.5065386683312,-167.685923152264,-42.4153374602438
0.065594673801093,0.708928094161112,276.288134157011,13.9999863833973,24.1766492644154,268.942784281414,0.670625319669522,8.49382862775501,275.586961404045,12.6663735817171,-167.441104038572,-42.8473669748463
0.0655919312528049,0.709005867170761,276.738047342045,14.0328596574778,24.2704593911038,269.34871341508,0.670318730186728,8.50291323304649,276.038171623872,12.8265074341517,-167.193796817377,-43.2778220925894
0.0655955720265254,0.708969158909047,277.187502039292,14.0654163423532,24.3649179918605,269.755038054139,0.670013150765193,8.51184743994894,276.489368547164,12.9869370282672,-166.944011043664,-43.7066890428546
0.0656064325113945,0.70882793821516,277.6364494438,14.0976526853744,24.4600162682641,270.161765490891,0.66970868689665,8.52063157114427,276.940551479457,13.147659161032,-166.691756348719,-44.1339541216456
0.0656252849315572,0.708593028300035,278.08484491331,14.1295649847605,24.555745260368,270.568902962617,0.669405443964536,8.52926596223676,277.391719727759,13.3086706238812,-166.437042439678,-44.559603692002
0.0656528309913981,0.708276006066817,278.532648333714,14.1611495907518,24.6520958470024,270.976457650012,0.669103527234466,8.53775096171986,277.842872600613,13.4699682028477,-166.17987909906,-44.9836241844109
0.0656896962636661,0.707889095708556,278.979824447202,14.1924029067727,24.7490587461253,271.384436675601,0.668803041844722,8.5460869309418,278.294009408173,13.631548678693,-165.920276184306,-45.4060020972144
0.0657364253619895,0.707445057833082,279.426343140405,14.2233213906053,24.8466245152223,271.792847102137,0.668504092796768,8.55427424406984,278.745129462264,13.7934088270382,-165.658243627312,-45.8267239970137
0.0657934779275992,0.706957075374434,279.872179690219,14.2539015555706,24.9447835517578,272.201695930979,0.668206784945772,8.56231328805333,279.196232076455,13.9555454184949,-165.393791433965,-46.2457765190694
0.0658612254484702,0.706438637537923,280.317314965313,14.2841399717189,25.0435260936777,272.610990100445,0.66791122299115,8.57020446258553,279.647316566125,14.117955218796,-165.126929683669,-46.6631463676991
0.0659399489178145,0.7059034229931,280.761735581709,14.3140332670285,25.1428422199669,273.020736484156,0.667617511467139,8.57794818006413,280.098382248532,14.2806349889264,-164.857668528876,-47.0788203166705
0.0660298373281538,0.705365183477606,281.2054340112,14.3435781286108,25.2427218512609,273.430941889349,0.667325754733375,8.58554486555061,280.549428442877,14.4435814852543,-164.58601819461,-47.4927852095917
0.0661309869872746,0.704837628907287,281.648408641763,14.3727713039228,25.3431547505141,273.841613055182,0.667036056965505,8.59299495672828,281.000454470374,14.6067914596614,-164.311988977991,-47.9050279602975
0.0662434016334084,0.704334315006771,282.090663789506,14.4016096019857,25.4441305237252,274.252756651008,0.666748522145823,8.60029890385918,281.451459654314,14.7702616596741,-164.035591247757,-48.3155355532326
0.0663669933191294,0.703868534382854,282.532209662097,14.4300898946083,25.5456386207227,274.664379274642,0.666463254053919,8.60745716973969,281.902443320132,14.9339888285938,-163.756835443784,-48.7242950438303
0.0665015840268288,0.703453211863578,282.973062274011,14.4582091176161,25.647668336009,275.076487450599,0.666180356257364,8.61447022965498,282.353404795474,15.0979697056276,-163.475732076603,-49.1312935588891
0.0666469079732709,0.703100804821929,283.413243314332,14.4859642720839,25.750208809667,275.48908762832,0.665899932102419,8.62133857133221,282.80434341026,15.2622010260193,-163.192291726915,-49.5365182969444
0.0668026145566912,0.702823209097862,283.852779968209,14.5133524255721,25.8532490283288,275.902186180375,0.665622084704767,8.62806269489257,283.255258496751,15.426679521179,-162.906525045105,-49.939956528637
0.0669682718971314,0.702631671028638,284.291704693477,14.5403707133653,25.9567778262081,276.315789400655,0.665346916940278,8.63464311280207,283.706149389613,15.5914019188146,-162.618442750756,-50.3415955970785
0.0671433709191716,0.702536705998188,284.730054954268,14.5670163397136,26.0607838861972,276.729903502535,0.6650745314358,8.64108034982122,284.157015425983,15.7563649430612,-162.328055632152,-50.7414229182123
0.0673273299258104,0.70254802382365,285.167872913825,14.5932865790743,26.1652557410306,277.144534617034,0.664805030559987,8.64737494295347,284.60785594553,15.9215653146119,-162.035374545795,-51.1394259811714
0.0675194996128394,0.702674461213502,285.605205089039,14.6191787773544,26.270181774515,277.559688790945,0.664538516414145,8.65352744139248,285.058670290521,16.0869997508478,-161.740410415901,-51.5355923486327
0.0677191684744975,0.702923921458367,286.042101969535,14.6446903531531,26.3755502228271,277.975371984957,0.664275090823128,8.65953840646826,285.509457805884,16.2526649659679,-161.443174233914,-51.9299096571673
0.067925568553295,0.703303321453716,286.47861760442,14.6698187990025,26.4813491758811,278.391590071759,0.664014855326252,8.66540841159213,285.960217839269,16.4185576711195,-161.143677058,-52.3223656175875
0.0681378814894884,0.703818546103939,286.914809160079,14.6945616826068,26.5875665787652,278.808348834128,0.663757911168253,8.67113804220051,286.410949741114,16.5846745745275,-160.84193001255,-52.7129480152898
0.0683552448285459,0.704474410119656,287.3507364526,14.7189166480786,26.6941902332501,279.225653963,0.663504359290275,8.67672789569765,286.861652864703,16.7510123816246,-160.537944287683,-53.1016447105943
0.0685767585478962,0.705274627194234,287.786461458665,14.7428814171716,26.8012077993676,279.643511055537,0.663254300320897,8.68217858139707,287.312326566231,16.9175677951805,-160.231731138736,-53.488443639081
0.0688014917670918,0.706221786530415,288.222047808852,14.7664537905089,26.9086067970633,280.061925613167,0.663007834567199,8.68749072046205,287.762970204864,17.0843375154321,-159.923301885763,-53.8733328119214
0.0690284896080807,0.707317336682257,288.657560267501,14.7896316488058,27.0163746079214,280.48090303962,0.662765062005861,8.69266494584491,288.213583142798,17.2513182402118,-159.612667913028,-54.2563003162075
0.0692567801744029,0.708561576679675,289.093064203344,14.8124129540863,27.1244984769638,280.900448638955,0.662526082274304,8.69770190222514,288.664164745322,17.4185066650777,-159.299840668498,-54.637334315276
0.0694853816196931,0.709953654410551,289.528625055217,14.834795750893,27.2329655145246,281.320567613564,0.662290994661873,8.70260224594654,289.114714380877,17.5858994834421,-158.984831663329,-55.01642304903
0.0697133092767768,0.711491572246471,289.964307797188,14.8567781674885,27.3417626981988,281.74126506218,0.662059898101061,8.70736664495316,289.565231421115,17.7534933867008,-158.667652471361,-55.3935548342559
0.0699395828188333,0.71317219991028,290.400176407448,14.8783584170478,27.4508768748673,282.162545977866,0.66183289115877,8.71199577872426,290.015715240956,17.9212850643617,-158.348314728598,-55.7687180649372
0.0701632334235445,0.714991294594286,290.836293345277,14.8995347988416,27.5602947627991,282.584415246003,0.661610072027621,8.71649033820809,290.466165218652,18.0892712041732,-158.0268301327,-56.1419012125648
0.0703833109098662,0.716943528344826,291.272719040345,14.920305699408,27.6700029538292,283.006877642263,0.661391538517304,8.72085102575465,290.91658073584,18.2574484922532,-157.703210442462,-56.5130928264424
0.0705988908150968,0.719022522729752,291.709511398494,14.9406695937128,27.7799879156149,283.429937830584,0.661177388045974,8.72507855504745,291.3669611776,18.4258136132169,-157.377467477298,-56.8822815339901
0.07080908137737,0.721220890798246,292.146725328032,14.9606250462974,27.890235993969,283.853600361136,0.660967717631695,8.72917365103413,291.817305932514,18.5943632503052,-157.049613116725,-57.249456041042
0.0710130303856804,0.723530286325531,292.584412290386,14.9801707124127,28.0007334152719,284.277869668282,0.660762623883927,8.73313704985609,292.267614392723,18.7630940855125,-156.719659299837,-57.6146051321422
0.0712099318562094,0.725941460307333,293.022619878798,14.9993053391387,28.1114662889615,284.702750068539,0.66056220299506,8.73696949877708,292.717885953979,18.9320027997143,-156.387618024787,-57.9777176708355
0.0713990324902323,0.728444324629458,293.461391428487,15.0180277664887,28.222420610102,285.128245758537,0.660366550732002,8.74067175611079,293.168120015703,19.1010860727954,-156.053501348262,-58.338782599955
0.0715796378654389,0.731028022786296,293.900765661483,15.0363369284963,28.333582262031,285.55436081298,0.66017576242781,8.74424459114741,293.618315981043,19.2703405837762,-155.717321384959,-58.6977889419062
0.0717511183092899,0.733681007458625,294.34077636903,15.0542318542861,28.4449370190861,285.981099182601,0.659989932973371,8.74768878407919,294.068473256922,19.439763010941,-155.379090307061,-59.0547257989465
0.0719129144002647,0.736391124686488,294.781452134189,15.0717116691247,28.5564705494098,286.408464692127,0.659809156809143,8.75100512592505,294.518591254097,19.6093500319641,-155.038820343703,-59.4095823534619
0.0720645420407299,0.739145704288314,295.222816096911,15.0887755954533,28.6681684178334,286.836461038248,0.659633527916935,8.75419441845413,294.968669387209,19.7790983240369,-154.696523780453,-59.7623478682392
0.072205597043855,0.741931656084573,295.664885763541,15.1054229538995,28.78001608884,287.265091787584,0.659463139811746,8.75725747410849,295.41870707484,19.9490045639944,-154.352212958775,-60.1130116867349
0.0723357591766956,0.744735571385268,296.107672862339,15.1216531642673,28.891998929606,287.694360374667,0.659298085533662,8.76019511592472,295.86870373956,20.1190654284413,-154.005900275498,-60.4615632333401
0.0724547956023975,0.747543829097812,296.551183246222,15.1374657465057,29.0041022131207,288.124270099929,0.659138457639794,8.76300817745472,296.318658807983,20.2892775938785,-153.657598182289,-60.8079920136414
0.0725625636665509,0.750342705708287,296.995416843588,15.1528603216532,29.1163111213845,288.554824127696,0.658984348196287,8.76569750268544,296.768571710815,20.4596377368283,-153.307319185115,-61.1522876146786
0.0726590129761317,0.753118488287608,297.440367657636,15.167836612758,29.2286107486851,288.986025484199,0.65883584877037,8.76826394595782,297.218441882908,20.6301425339607,-152.95507584371,-61.4944397051984
0.0727441867242323,0.755857589577842,297.88602381425,15.1823944457736,29.3409861049504,289.417877055595,0.658693050422475,8.77070837188466,297.668268763305,20.8007886622182,-152.600880771037,-61.8344380359037
0.0728182222199059,0.75854666412607,298.33236765808,15.1965337504272,29.4534221191793,289.850381586003,0.658556043698401,8.77303165526771,298.118051795295,20.971572798941,-152.244746632757,-62.1722724396999
0.0728813505898838,0.761172724356598,298.779375896092,15.2102545610614,29.5659036429486,290.283541675558,0.65842491862155,8.77523468101381,298.567790426457,21.1424916219922,-151.886686146683,-62.5079328319375
0.07293389562757,0.763723255410121,299.227019787429,15.2235570174479,29.6784154539954,290.717359778483,0.658299764685209,8.77731834405016,299.017484108713,21.313541809882,-151.526712082248,-62.8414092106498
0.0729762717744557,0.766186327532865,299.675265378078,15.2364413655716,29.7909422598754,291.151838201177,0.658180670844896,8.77928354923873,299.46713229837,21.484720041892,-151.164837259961,-63.172691656788
0.0730089812297492,0.768550704772336,300.124073778434,15.2489079583846,29.9034687016955,291.586979100331,0.658067725510773,8.78113121128976,299.916734456172,21.6560229981997,-150.801074550867,-63.5017703344522
0.0730326101953813,0.770805948730459,300.573401481519,15.2609572565296,30.0159793579195,292.022784481064,0.657961016540108,8.78286225467449,300.366290047343,21.8274473600018,-150.435436876008,-63.8286354911179
0.0730478242753951,0.772942516141184,301.023200719263,15.2725898290308,30.1284587482476,292.45925619508,0.657860631229807,8.784477613537,300.815798541636,21.998989809638,-150.067937205875,-64.1532774578597
0.0730553630608089,0.774951849078405,301.473419853928,15.2838063539523,30.240891337567,292.896395938862,0.657766656309007,8.78597823160522,301.265259413375,22.1706470307138,-149.698588559867,-64.4756866495705
0.0730560339430798,0.776826456661635,301.924003801466,15.2946076190223,30.3532615399739,293.334205251886,0.657679177931729,8.78736506210115,301.714672141501,22.3424157082241,-149.327404005747,-64.7958535651774
0.0730507052110242,0.778559987210557,302.374894483347,15.3049945222229,30.465553722865,293.772685514872,0.657598281669597,8.78863906765027,302.164036209618,22.5142925286754,-148.954396659096,-65.1137687878531
0.0730402984971942,0.780147289904286,302.826031303108,15.3149680723441,30.5777522110978,294.21183794806,0.657524052504624,8.78980122019015,302.61335110603,22.6862741802079,-148.579579682765,-65.4294229852243
0.0730257806500024,0.781584465125218,303.277351643728,15.3245293895015,30.6898412912184,294.651663609532,0.657456574822055,8.79085250087829,303.062616323793,22.858357352718,-148.202966286331,-65.742806909576
0.0730081551170836,0.782868902808376,303.728791381691,15.3336797056161,30.801805215755,295.092163393555,0.657395932403284,8.7917938999992,303.511831360748,23.0305387379801,-147.824569725546,-66.0539113980515
0.0729884529332624,0.783999308272514,304.1802854135,15.3424203648567,30.9136282075775,295.533338028981,0.657342208418835,8.79262641687068,303.960995719569,23.2028150297673,-147.444403301791,-66.3627273728492
0.0729677234128585,0.784975715175759,304.631768190294,15.3507528240425,31.0252944643186,295.975188077668,0.657295485421405,8.79335105974941,304.410108907801,23.3751829239732,-147.062480361523,-66.6692458414157
0.07294702465077,0.785799485412751,305.08317425612,15.3586786530065,31.1367881628583,296.417713932959,0.657255845338982,8.79396884573582,304.8591704379,23.5476391187323,-146.678814295732,-66.9734578966344
0.0729274139396935,0.786473295948486,305.534438785437,15.3661995349174,31.2480934638683,296.860915818196,0.657223369468024,8.79448080067814,305.308179827272,23.7201803145408,-146.29341853938,-67.2753547170111
0.0729099382119199,0.787001112762488,305.985498115367,15.3733172665612,31.3591945164147,297.304793785279,0.657198138466713,8.79488795907586,305.757136598314,23.892803214376,-145.906306570859,-67.5749275668549
0.0728956246133531,0.787388152251821,306.436290268328,15.3800337585794,31.4700754626179,297.749347713284,0.657180232348275,8.79519136398241,306.206040278451,24.065504523817,-145.517491911434,-67.8721677964563
0.0728854713147642,0.787640830609023,306.886755460692,15.386351035665,31.5807204423682,298.194577307117,0.657169730474367,8.79539206690724,306.654890400174,24.2382809511633,-145.126988124693,-68.1670668422607
0.072880438660891,0.787766701847862,307.336836593304,15.3922712367151,31.6911135980939,298.640482096225,0.657166711548541,8.79549112771712,307.103686501076,24.4111292075544,-144.734808815991,-68.4596162270386
0.0728814407519333,0.787774385292653,307.786479719788,15.3977966149381,31.8012390795815,299.087061433367,0.657171253609773,8.79548961453687,307.552428123889,24.5840460070884,-144.340967631898,-68.7498075600515
0.0728893375444461,0.787673483472942,308.235634488804,15.4029295379166,31.9110810488452,299.534314493429,0.657183434026067,8.79538860364942,308.001114816518,24.7570280669403,-143.945478259646,-69.0376325372147
0.0729049275497705,0.787474491472322,308.684254556615,15.4076724876252,32.0206236850435,299.982240272306,0.657203329488126,8.79518917939522,308.449746132079,24.9300721074802,-143.548354426573,-69.3230829412558
0.0729289411982151,0.787188698866213,309.132297966583,15.4120280604003,32.1298511894417,300.430837585835,0.657231016003106,8.79489243407104,308.898321628932,25.1031748523906,-143.149609899566,-69.6061506418692
0.0729620349264268,0.786828085447353,309.579727492495,15.415998966865,32.2387477904171,300.880105068796,0.657266568888427,8.79449946782815,309.346840870711,25.2763330287841,-142.749258484511,-69.8868275958677
0.0730047860340568,0.786405211978914,310.026510942917,15.419588031805,32.3472977485051,301.330041173973,0.657310062765673,8.79401138856992,309.795303426364,25.4495433673201,-142.34731402573,-70.1651058473291
0.0730576883441867,0.785933107233548,310.472621424108,15.4227981939974,32.4554853614844,301.780644171276,0.657361571554556,8.79342931184883,310.243708870179,25.6228026023214,-141.943790405431,-70.4409775277402
0.0731211486903127,0.785425152572859,310.91803755937,15.4256325059908,32.5632949694977,302.231912146936,0.657421168466956,8.79275436076289,310.692056781818,25.7961074718902,-141.538701543147,-70.7144348561364
0.0731954842412455,0.784894965296965,311.36274366306,15.4280941338359,32.6707109602068,302.68384300276,0.657488926001041,8.79198766585154,311.140346746349,25.9694547180242,-141.13206139518,-70.9854701392374
0.0732809206643274,0.784356281949607,311.806729867899,15.4301863567675,32.7777177739789,303.136434455463,0.657564915935453,8.79113036499096,311.588578354274,26.1428410867318,-140.723883954046,-71.2540757715794
0.0733775911171066,0.783822842702871,312.249992204549,15.4319125668362,32.8842999091012,303.589684036068,0.657649209323579,8.79018360328886,312.03675120156,26.3162633281468,-140.314183247915,-71.5202442356434
0.0734855360482457,0.783308277869435,312.692532632867,15.4332762684896,32.9904419270226,304.043589089376,0.65774187648789,8.78914853297878,312.484864889667,26.4897181966437,-139.902973340053,-71.7839681019802
0.0736047037801362,0.782825997502342,313.134359024615,15.4342810781036,33.0961284576182,304.498146773515,0.657842987014362,8.78802631331383,312.932919025578,26.6632024509511,-139.490268328267,-72.0452400293306
0.0737349518385619,0.782389084945413,313.575485097805,15.4349307234619,33.2013442044748,304.95335405956,0.657952609746972,8.78681811045998,313.380913221823,26.836712854266,-139.076082344341,-72.3040527647429
0.0738760489888881,0.782010195094941,314.015930303262,15.4352290431853,33.3060739501947,305.409207731238,0.65807081278227,8.78552509738879,313.828847096512,27.010246174367,-138.660429553484,-72.5603991436862
0.0740276779336878,0.781701458028177,314.455719664353,15.4351799861086,33.4103025617146,305.865704384701,0.658197663464028,8.78414845376982,314.276720273353,27.1837991837274,-138.243324153767,-72.8142720901597
0.0741894386234464,0.781474388549478,314.894883571245,15.4347876106063,33.5140149956368,306.322840428388,0.658333228377969,8.78268936586238,314.724532381686,27.3573686596274,-137.824780375568,-73.0656646167987
0.0743608521299719,0.781339802103637,315.333457531371,15.4340560838665,33.6171963035706,306.780612082965,0.658477573346577,8.78114902640701,315.172283056499,27.5309513842666,-137.404812481009,-73.3145698249768
0.0745413650312978,0.781307737410399,315.771481878196,15.4329896811128,33.7198316374789,307.239015381344,0.658630763423973,8.77952863451644,315.619971938461,27.7045441448755,-136.983434763399,-73.5609809049038
0.074730354257074,0.781387386086736,316.209001440649,15.4315927847736,33.82190625503,307.698046168794,0.658792862890888,8.77782939556612,316.06759867394,27.8781437338269,-136.560661546678,-73.8048911357209
0.0749271323445694,0.781587029445783,316.646065175957,15.4298698835999,33.923405524949,308.157700103128,0.658963935249698,8.77605252108441,316.515162915027,28.0517469487463,-136.136507184851,-74.046293885591
0.075130953057271,0.781913982594859,317.082725768861,15.4278255717307,34.0243149323667,308.61797265498,0.659144043219551,8.77419922864228,316.962664319557,28.2253505926229,-135.710986061439,-74.2851826117863
0.0753410173204836,0.782374545900353,317.519039200513,15.4254645477056,34.1246200841638,309.078859108171,0.659333248731566,8.77227074174274,317.410102551133,28.3989514739191,-135.28411258891,-74.5215508607713
0.0755564794311128,0.782973963844861,317.955064290543,15.4227916134265,34.224306714305,309.54035456016,0.659531612924114,8.77026828970978,317.857477279147,28.5725464066804,-134.855901208127,-74.7553922682829
0.0757764535017525,0.783716391271514,318.390862216052,15.4198116730662,34.3233606891626,310.002453922582,0.659739196138182,8.76819310757707,318.304788178796,28.7461322106439,-134.426366387786,-74.9867005594066
0.0760000201021029,0.784604866991139,318.826496011416,15.4165297319252,34.4217680128243,310.465151921879,0.659956057912814,8.7660464359762,318.752034931105,28.9197057113473,-133.99552262386,-75.2154695486479
0.0762262330634371,0.785641294718727,319.262030053006,15.4129508952374,34.5195148323831,310.928443100018,0.660182256980632,8.7638295210247,319.199217222945,29.0932637402372,-133.563384439037,-75.4416931400021
0.0764541264141512,0.786826431304865,319.697529532968,15.4090803669237,34.6165874432052,311.392321815305,0.660417851263441,8.76154361421365,319.64633474705,29.2668031347761,-133.129966382164,-75.6653653270183
0.0766827214162297,0.788159882233481,320.133059926385,15.4049234482943,34.7129722941741,311.856782243281,0.660662897867914,8.75918997229504,320.093387202038,29.4403207385504,-132.695283027689,-75.8864801928614
0.0769110336736373,0.789640104367335,320.568686456105,15.4004855367003,34.8086559929057,312.321818377722,0.660917453081358,8.75676985716879,320.540374292422,29.6138134013766,-132.259348975103,-76.105031910369
0.0771380802841247,0.791264415934624,321.004473559623,15.3957721241347,34.9036253109332,312.787424031717,0.66118157236756,8.75428453576954,320.98729572863,29.787277979408,-131.822178848379,-76.3210147421061
0.0773628870056772,0.793029013761638,321.440484362319,15.3907887957827,34.9978671888565,313.253592838854,0.661455310362715,8.75173527995311,321.43415122702,29.96071133524,-131.38378729542,-76.5344230404145
0.0775844954078368,0.794928997765046,321.87678016135,15.3855412285225,35.0913687414544,313.720318254483,0.66173872087144,8.7491233663828,321.880940509895,30.134110338016,-130.944188987496,-76.7452512474602
0.0778019699764299,0.796958402720883,322.313419924385,15.3800351893764,35.1841172627555,314.187593557085,0.662031856862864,8.74645007641528,322.327663305514,30.3074718635316,-130.503398618693,-76.9534938952759
0.0780144051379042,0.799110237323571,322.750459807272,15.3742765339137,35.2761002310648,314.655411849727,0.662334770466804,8.74371669598644,322.774319348112,30.4807927943397,-130.061430905352,-77.1591456058006
0.0782209321666314,0.801376530535474,323.187952694545,15.3682712046044,35.3673053139425,315.123766061609,0.66264751297002,8.74092451549688,323.220908377903,30.6540700198537,-129.618300585512,-77.362201090915
0.0784207259352996,0.803748385204247,323.625947766548,15.3620252291252,35.4577203731316,315.592648949711,0.662970134812557,8.73807482969725,323.667430141103,30.8273004364513,-129.17402241836,-77.5626551524739
0.07861301146507,0.806216038890488,324.06449009668,15.3555447186196,35.547333469432,316.062053100523,0.663302685584164,8.7351689375734,324.113884389934,31.0004809475772,-128.728611183669,-77.7605026823346
0.0787970702286849,0.808768931801449,324.503620282073,15.3488358659096,35.6361328675162,316.531970931873,0.663645214020799,8.73220814223129,324.560270882636,31.1736084638455,-128.282081681247,-77.9557386623818
0.0789722461563842,0.811395781667804,324.943374110724,15.3419049436632,35.7241070406846,317.002394694849,0.663997768001217,8.72919375078181,325.006589383481,31.3466799031417,-127.83444873038,-78.1483581645486
0.0791379512915229,0.814084665330197,325.383782267816,15.334758302516,35.8112446755574,317.473316475807,0.664360394543637,8.7261270742254,325.452839662776,31.5196921907239,-127.38572716928,-78.3383563508346
0.0792936710403753,0.816823106721482,325.824870083642,15.3274023691495,35.8975346766978,317.944728198471,0.664733139802497,8.72300942733649,325.899021496879,31.6926422593238,-126.93593185453,-78.5257284733197
0.0794389689589622,0.819598170840755,326.266657325231,15.3198436443244,35.9829661711668,318.416621626128,0.665116049065284,8.71984212854785,326.345134668203,31.865527049247,-126.485077660531,-78.7104698741748
0.0795734910190175,0.822396563218445,326.709158033392,15.3120887008734,36.0675285130026,318.888988363908,0.665509166749459,8.71662649983484,326.791178965224,32.0383435084729,-126.033179478948,-78.8925759856689
0.0796969692955715,0.825204734270137,327.152380406562,15.3041441816508,36.1512112876247,319.361819861154,0.66591253639945,8.71336386659946,327.237154182488,32.211088592754,-125.580252218162,-79.0720423301721
0.0798092250202034,0.828008987833243,327.596326732421,15.2960167974422,36.2340043161578,319.835107413876,0.666326200683743,8.71005555755439,327.683060120618,32.3837592657147,-125.126310802714,-79.248864520156
0.0799101709468848,0.830795593077947,328.040993367899,15.2877133248339,36.3158976596722,320.308842167305,0.66675020139204,8.70670290460689,328.128896586321,32.5563524989495,-124.671370172757,-79.4230382581897
0.0799998129815604,0.833550898885144,328.486370767763,15.2792406040447,36.3968816233402,320.783015118515,0.667184579432517,8.70330724274265,328.574663392389,32.7288652721209,-124.215445283505,-79.5945593369327
0.0800782510321981,0.836261449692505,328.932443561596,15.270605536719,36.4769467605017,321.25761711914,0.66762937482915,8.69986990990957,329.020360357709,32.9012945730566,-123.758551104683,-79.7634236391246
0.080145679042962,0.838914101728392,329.379190678578,15.2618150836836,36.5560838766397,321.732638878177,0.668084626719131,8.69639224690146,329.465987307263,33.0736373978461,-123.300702619978,-79.9296271375703
0.0802023841843396,0.841496138485084,329.826585519091,15.2528762626699,36.6342840332606,322.208070964861,0.668550373350369,8.69287559724175,329.911544072129,33.245890750937,-122.841914826491,-80.0931658951226
0.0802487451803773,0.843995384230314,330.274596171768,15.2437961460005,36.711538551677,322.683903811629,0.669026652079067,8.68932130706713,330.357030489492,33.4180516452305,-122.382202734192,-80.2540360646612
0.0802852297644873,0.846400314321836,330.723185674246,15.234581858244,36.7878390166914,323.16012771716,0.669513499367389,8.68573072501119,330.802446402637,33.5901171021766,-121.921581365367,-80.4122338890679
0.0803123912663998,0.84870016107557,331.172312315506,15.2252405738373,36.863177280176,323.636732849495,0.670010950781202,8.68210520208803,331.247791660955,33.7620841518683,-121.46006575408,-80.5677557011987
0.0803308643445194,0.850885013945222,331.621929977347,15.2157795146776,36.9375454645478,324.113709249227,0.670519040987909,8.67844609157594,331.693066119945,33.9339498331363,-120.997670945621,-80.7205979238517
0.080341359889961,0.852945912801088,332.0719885122,15.2062059476847,37.010935966136,324.591046832771,0.671037803754356,8.67475474890099,332.138269641209,34.1057111936417,-120.534411995965,-80.8707570697329
0.0803446591406314,0.854874933148272,332.522434154186,15.1965271823359,37.0833414584382,325.068735395704,0.671567271944831,8.67103253152074,332.583402092457,34.2773652899693,-120.070303971229,-81.0182297414171
0.0803416070556067,0.856665262199579,332.973209960051,15.186750568174,37.1547548952647,325.546764616177,0.672107477519135,8.66728079880796,333.028463347505,34.4489091877198,-119.605361947126,-81.1630126313067
0.0803331050114621,0.858311264814827,333.424256276345,15.1768834922896,37.2251695137671,326.025124058393,0.672658451530744,8.66350091193437,333.473453286268,34.6203399616016,-119.139601008427,-81.3051025215858
0.0803201028928734,0.859808538434963,333.875511228997,15.1669333767806,37.2945788373499,326.503803176152,0.673220224125048,8.65969423375448,333.918371794768,34.7916546955221,-118.673036248418,-81.4444962841721
0.0803035906594706,0.861153956273897,334.326911231238,15.1569076761878,37.3629766784619,326.982791316463,0.673792824537672,8.65586212868947,334.36321876512,34.9628504826784,-118.205682768359,-81.5811908806645
0.0802845894793492,0.862345698181024,334.778391505682,15.1468138749109,37.4303571412669,327.462077723215,0.674376281092886,8.65200596261117,334.807994095539,35.133924425647,-117.73755567695,-81.7151833622879
0.0802641425266347,0.863383268749846,335.229886616246,15.136659484604,37.4967146241901,327.941651540908,0.674970621202085,8.64812710272614,335.252697690328,35.304873636474,-117.268670089783,-81.8464708698347
0.0802433055458764,0.864267502419699,335.681331005502,15.126452041553,37.5620438223388,328.421501818446,0.675575871362361,8.64422691745984,335.697329459879,35.4756952367635,-116.799041128818,-81.975050633602
0.0802231372896854,0.865000555494631,336.13265953302,15.1161991040372,37.6263397297964,328.901617512978,0.676192057155149,8.64030677634089,336.141889320665,35.6463863577661,-116.328683921834,-82.1009199733267
0.0802046899378515,0.865585885182336,336.58380801024,15.1059082496751,37.6895976417868,329.3819874938,0.67681920324496,8.6363680498855,336.586377195237,35.8169441404671,-115.857613601902,-82.2240762981169
0.0801889996061215,0.866028215932735,337.034713727449,15.0955870727567,37.7518131567079,329.8626005463,0.677457333378194,8.63241210948201,337.030793012214,35.987365735673,-115.38584530685,-82.344517106379
0.0801770770509162,0.866333493526757,337.485315968517,15.0852431815643,37.8129821780333,330.343445375953,0.678106470382028,8.62844032727557,337.475136706282,36.1576483040992,-114.913394178726,-82.4622399857433
0.0801698986725498,0.866508827527336,337.935556509114,15.0748841956822,37.8731009160799,330.824510612368,0.678766636163394,8.62445407605299,337.919408218181,36.3277890164549,-114.440275363271,-82.5772426129847
0.080168397914099,0.86656242285342,338.385380094333,15.0645177432983,37.9321658896403,331.305784813366,0.679437851708028,8.62045472912775,338.363607494702,36.4977850535295,-113.966504009384,-82.6895227539409
0.0801734571460904,0.866503501370814,338.834734891751,15.0541514584974,37.9901739274797,331.787256469107,0.680120137079611,8.61644366022516,338.807734488676,36.6676336062772,-113.492095268596,-82.7990782634272
0.0801859001188098,0.866342214508506,339.283572916227,15.0437929785499,38.047122169694,332.268914006251,0.680813511418976,8.61242224336777,339.251789158966,36.8373318759014,-113.017064294538,-82.9059070851482
0.0802064850545061,0.866089548003665,339.731850422941,15.0334499411957,38.1030080689308,332.750745792152,0.681517992943407,8.60839185276088,339.69577147046,37.0068770739381,-112.541426242417,-83.0100072516059
0.0802358984412909,0.865757219951333,340.179528265455,15.0231299819257,38.15782939147,333.232740139088,0.682233598946012,8.60435386267835,340.139681394055,37.1762664223396,-112.065196268486,-83.111376884005
0.0802747495793971,0.865357573385114,340.626572215889,15.0128407312624,38.2115842181646,333.714885308517,0.682960345795174,8.60030964734857,340.583518906656,37.3454971535568,-111.588389529523,-83.2100141921543
0.0803235659189047,0.864903464642526,341.072953244587,15.0025898120415,38.2642709452407,334.197169515358,0.683698248934085,8.59626058084065,341.027283991156,37.5145665106209,-111.111021182304,-83.3059174743662
0.0803827892163532,0.864408148773642,341.518647757028,14.9923848366955,38.3158882849555,334.679580932297,0.684447322880361,8.59220803695087,341.470976636431,37.6834717472251,-110.633106383082,-83.3990851173512
0.0804527725261046,0.86388516323498,341.96363778606,14.9822334045411,38.3664352661139,335.162107694118,0.685207581225723,8.58815338908937,341.914596837325,37.8522101278055,-110.154660287066,-83.4895155961113
0.0805337780311356,0.86334821107387,342.407911137924,14.9721430990725,38.4159112344419,335.644737902039,0.685979036635775,8.58409801016706,342.358144594639,38.0207789276209,-109.675698047901,-83.5772074738281
0.0806259757073831,0.862811044753697,342.851461490915,14.9621214852619,38.4643158528185,336.127459628076,0.686761700849846,8.58004327248286,342.80161991512,38.1891754328324,-109.196234817147,-83.6621594017497
0.08072944280602,0.862287351699798,343.294288445903,14.9521761068679,38.5116491013633,336.610260919413,0.687555584680912,8.5759905476111,343.245022811442,38.3573969405825,-108.716285743765,-83.7443701190731
0.0808441641292987,0.861790642562222,343.736397528349,14.9423144837551,38.5579112773825,337.093129802776,0.688360698015605,8.57194120628933,343.6883533022,38.5254407590737,-108.2358659736,-83.8238384528241
0.0809700330679911,0.861334143097858,344.177800141847,14.9325441092252,38.6031029951715,337.576054288824,0.689177049814285,8.56789661830632,344.13161141189,38.6933042076456,-107.754990648863,-83.900563317734
0.0811068533620758,0.860930690473809,344.618513473591,14.9228724473617,38.6472251856749,338.059022376532,0.690004648111199,8.56385815239039,344.574797170896,38.8609846168528,-107.273674907625,-83.9745437161135
0.0812543415412436,0.860592634689466,345.058560352597,14.9133069303892,38.6902790960045,338.542022057579,0.690843500014717,8.55982717609806,345.017910615477,39.0284793285406,-106.791933883298,-84.0457787377226
0.0814121299980057,0.860331745709508,345.497969061862,14.9038549560499,38.7322662888148,339.025041320733,0.691693611707636,8.55580505570301,345.460951787749,39.1957856959217,-106.309782704126,-84.1142675596385
0.0815797706436869,0.860159126797114,345.936773106021,14.8945238849974,38.7731886415375,339.508068156232,0.692554988447568,8.55179315608533,345.903920735668,39.362901083651,-105.82723649268,-84.1800094461202
0.0817567390962888,0.860085134438522,346.37501093643,14.8853210382109,38.8130483454751,339.991090560146,0.693427634567401,8.54779284062116,346.346817513019,39.5298228679006,-105.344310365346,-84.2430037484693
0.0819424393490183,0.860119305159202,346.812725635936,14.8762536944298,38.8518479047546,340.474096538746,0.694311553475835,8.5438054710726,346.789642179392,39.6965484364335,-104.861019431821,-84.3032499048892
0.0821362088690555,0.860270289450168,347.249964565925,14.8673290876114,38.8895901351412,340.957074112836,0.695206747657993,8.53983240747805,347.23239480017,39.8630751886775,-104.377378794608,-84.3607474403396
0.0823373240777294,0.860545792951891,347.686778978529,14.8585544044119,38.9262781627151,341.440011322088,0.696113218676107,8.53587500804282,347.675075446508,40.0294005357975,-103.893403548512,-84.4154959663898
0.0825450061654867,0.860952524983887,348.123223597179,14.849936781694,38.9619154224095,341.922896229341,0.697030967170279,8.53193462903018,348.11768419532,40.1955219007682,-103.40910878014,-84.4674951810673
0.0827584271977041,0.86149615446076,348.559356168903,14.8414833040599,38.9965056564135,342.405716924889,0.697959992859316,8.52801262465275,348.560221129252,40.3614367184456,-102.924509567401,-84.516744868705
0.0829767164702866,0.86218127320036,348.995236992041,14.8332010014137,39.03005291244,342.888461530735,0.698900294541638,8.52411034696425,349.00268633667,40.5271424356376,-102.439620979005,-84.5632448997845
0.08319896707694,0.863011366606093,349.430928423203,14.8250968465529,39.0625615418598,343.371118204819,0.699851870096258,8.52022914575167,349.44507991164,40.6926365111748,-101.954458073969,-84.6069952307766
0.0834242426528015,0.863988791692406,349.866494367488,14.8171777527909,39.094036197704,343.853675145217,0.700814716483837,8.51637036842784,349.887401953904,40.8579164159799,-101.469035901118,-84.6479959039792
0.0836515842615966,0.865114762418519,350.301999756113,14.8094505716116,39.1244818325361,344.336120594303,0.701788829747813,8.51253535992437,350.329652568865,41.0229796331368,-100.983369498597,-84.686247047352
0.083880017395508,0.866389342298863,350.737510015688,14.801922090358,39.1539036961944,344.818442842876,0.702774205015596,8.50872546258502,350.771831867561,41.1878236579595,-100.497473893374,-84.7217488743486
0.0841085590583799,0.867811444267266,351.173090533453,14.7945990299549,39.1823073334088,345.300630234249,0.703770836499843,8.50494201605953,351.21393996665,41.3524459980592,-100.011364100751,-84.7545016837459
0.0843362249036423,0.869378837783424,351.608806122821,14.7874880426678,39.2096985812909,345.782671168295,0.704778717499798,8.50118635719775,351.655976988384,41.516844173412,-99.5250551238749,-84.7845058594694
0.0845620363983763,0.87108816318222,352.044720493574,14.7805957098993,39.2360835667017,346.264554105449,0.705797840402708,8.4974598199444,352.097943060591,41.6810157164255,-99.0385619532526,-84.811761870418
0.0847850279842355,0.87293495327651,352.480895731008,14.7739285400233,39.2614687034981,346.746267570664,0.706828196685302,8.49376373523406,352.539838316648,41.8449581720042,-98.5518995662624,-84.8362702702834
0.085004254204511,0.874913662229818,352.917391788267,14.7674929662591,39.2858606896595,347.227800157319,0.70786977691535,8.49009943088675,352.981662895465,42.0086690976155,-98.0650829266721,-84.8580316973686
0.0852187967645383,0.877017701714761,353.354265995999,14.7612953445852,39.3092665042983,347.709140531077,0.708922570753285,8.48646823150393,353.423416941456,42.1721460633539,-97.5781269841566,-84.877046874403
0.0854277714899902,0.87923948436398,353.791572593327,14.7553419516956,39.3316934045551,348.190277433686,0.709986566953899,8.48287145836493,353.865100604522,42.3353866520051,-97.0910466738177,-84.8933166083542
0.085630335144501,0.881570474501416,354.229362283938,14.7496389829977,39.3531489223817,348.671199686727,0.7110617533681,8.47931042932386,354.306714040021,42.4983884591094,-96.6038569157056,-84.9068417902383
0.0858256920646838,0.884001246111676,354.667681820949,14.7441925506548,39.3736408612143,349.151896195307,0.712148116944749,8.47578645870701,354.74825740875,42.6611490930248,-96.1165726143421,-84.9176233949259
0.0860131005671073,0.886521547963292,355.106573623903,14.7390086816718,39.3931772925392,349.632355951689,0.713245643732558,8.47230085721075,355.189730876918,42.8236661749884,-95.6292086582456,-84.9256624809468
0.0861918790783825,0.88912037574767,355.546075431061,14.7340933160267,39.4117665523537,350.112568038862,0.714354318882054,8.46885493179984,355.631134616121,42.9859373391784,-95.1417799194583,-84.9309601902912
0.0863614119363751,0.891786051029717,355.986219989823,14.729452304849,39.4294172375244,350.592521634047,0.715474126647618,8.46544998560632,356.072468803319,43.1479602327749,-94.6543012530746,-84.9335177482085
0.0865211548079082,0.89450630672938,356.42703478784,14.7250914086438,39.4461382020461,351.07220601214,0.716605050389583,8.46208731782883,356.513733620811,43.30973251602,-94.1667874967716,-84.9333364630033
0.086670639666347,0.897268378766891,356.868541827027,14.7210162955645,39.4619385532048,351.551610549085,0.717747072576404,8.4587682236325,356.954929256207,43.4712518622771,-93.6792534703416,-84.9304177258289
0.0868094792713468,0.900059103410186,357.310757442361,14.7172325397336,39.4768276476449,352.030724725182,0.718900174786892,8.4554939940493,357.396055902407,43.6325159580905,-93.1917139752261,-84.9247630104782
0.0869373710929628,0.902865019762995,357.753692166965,14.7137456196131,39.490815087347,352.509538128322,0.720064337712511,8.45226591587892,357.837113757568,43.7935225032428,-92.7041837940523,-84.9163738731715
0.0870541006233978,0.905672476728956,358.197350644641,14.7105609164236,39.5039107155169,352.988040457155,0.721239541159748,8.44908527159019,358.278103025086,43.9542692108131,-92.2166776901706,-84.9052519523426
0.0871595440220114,0.908467743683734,358.641731590573,14.7076837126157,39.5161246123887,353.466221524177,0.722425764052538,8.44595333922302,358.719023913562,44.1147538072339,-91.7292104071949,-84.8913989684217
0.0872536700428953,0.911237123986427,359.086827800598,14.7051191903899,39.527467090947,353.944071258752,0.72362298443476,8.44287139229086,359.159876636781,44.2749740323474,-91.2417966685442,-84.8748167236154
0.0873365411993669,0.9139670703668,359.532626208982,14.7028724302704,39.5379486925688,354.421579710053,0.724831179472794,8.43984069968372,359.600661413679,44.4349276394608,-90.7544511769862,-84.8555071016854
0.0874083141261282,0.916644301139009,359.979107994285,14.7009484097291,39.5475801825899,354.898737049926,0.726050325458145,8.43686252557173,360.041378468323,44.5946123954022,-90.2671886141836,-84.8334720677232
0.0874692391075295,0.919255916118697,360.426248732485,14.6993520018627,39.5563725457981,355.37553357568,0.727280397810123,8.43393812930925,360.482028029874,44.754026080574,-89.7800236402408,-84.8087136679235
0.0875196587492579,0.921789511061258,360.874018596137,14.6980879741226,39.5643369818572,355.851959712794,0.728521371078594,8.43106876533951,360.922610332569,44.9131664890076,-89.2929708932545,-84.7812340293541
0.087560005780713,0.924233289397329,361.32238259798,14.6971609870976,39.5714849006635,356.328006017551,0.729773218946786,8.42825568309987,361.363125615686,45.0720314284158,-88.8060449888647,-84.7510353597244
0.0875907999861441,0.926576170019173,361.771300877009,14.6965755933502,39.5778279176394,356.803663179577,0.73103591423416,8.4255001269276,361.803574123515,45.2306187202455,-88.3192605198084,-84.7181199471505
0.0876126442741114,0.928807889870278,362.220729024699,14.6963362363067,39.5833778489673,357.278922024321,0.732309428899344,8.42280333596624,362.243956105337,45.3889261997296,-87.8326320554754,-84.6824901599181
0.087626219906747,0.930919100111305,362.670618448719,14.6964472492008,39.5881467067654,357.753773515429,0.733593734043124,8.42016654407253,362.684271815384,45.546951715938,-87.346174141466,-84.6441484462436
0.0876322809223876,0.932901454679008,363.120916771156,14.6969128540718,39.5921466942116,358.228208757056,0.734888799911494,8.41759097972394,363.124521512819,45.7046931318284,-86.8599012991504,-84.6030973340321
0.0876316477971445,0.934747690120892,363.57156825799,14.6977371608163,39.5953902006149,358.70221899608,0.736194595898773,8.41507786592678,363.564705461703,45.8621483242958,-86.3738280252306,-84.5593394306329
0.0876252004026118,0.936451695676486,364.022514276282,14.6989241662948,39.5978897964422,359.17579562424,0.737511090550775,8.4126284201249,364.004823930965,46.0193151842221,-85.8879687913042,-84.5128774225934
0.0876138703278973,0.93800857268494,364.473693775312,14.7004777534922,39.5996582282991,359.64893018019,0.738838251568038,8.41024385410894,364.444877194371,46.1761916165241,-85.4023380434306,-84.4637140754103
0.0875986326442544,0.939414682526337,364.925043787704,14.7024016907334,39.6007084138716,360.121614351467,0.740176045809115,8.40792537392628,364.884865530498,46.3327755402023,-84.9169502016984,-84.4118522332777
0.087580497199531,0.940667682448362,365.376499946385,14.7046996309517,39.6010534368304,360.593839976373,0.741524439293923,8.40567417979147,365.324789222698,46.4890648883873,-84.4318196597958,-84.3572948188346
0.0875604995372371,0.941766548787822,365.827997013113,14.7073751110133,39.6007065417011,361.065599045776,0.742883397207142,8.40349146599739,365.764648559074,46.6450576083869,-83.946960784583,-84.3000448329081
0.0875396915410708,0.942711587264911,366.279469414204,14.7104315510945,39.5996811287037,361.536883704826,0.744252883901682,8.40137842082689,366.204443832443,46.8007516617322,-83.4623879156661,-84.2401053542559
0.0875191319100833,0.943504430203447,366.730851779008,14.7138722541134,39.5979907485654,362.007686254588,0.745632862902197,8.39933622646521,366.64417534031,46.9561450242225,-82.9781153649738,-84.177479539306
0.0874998765722187,0.944148020708846,367.182079476701,14.7177004052156,39.5956490973087,362.477999153582,0.747023296908661,8.39736605891283,367.083843384832,47.1112356859702,-82.494157416336,-84.1121706218936
0.0874829691446528,0.944646584013669,367.633089146925,14.721919071313,39.5926700110194,362.947815019253,0.748424147799999,8.3954690878991,367.523448272793,47.2660216514451,-82.0105283250645,-84.0441819129969
0.0874694315481863,0.945005586374212,368.08381921991,14.7265312006762,39.5890674605959,363.417126629347,0.749835376637769,8.39364647679643,367.962990315564,47.4205009395174,-81.527242317536,-83.9735168004697
0.087460254879941,0.945231682067284,368.534210421762,14.7315396225796,39.584855546486,363.885926923204,0.751256943669903,8.39189938253509,368.402469829081,47.5746715835004,-81.0443135907772,-83.9001787487723
0.0874563906438553,0.945332649190515,368.984206260759,14.7369470469999,39.5800484934103,364.354209002977,0.752688808334501,8.39022895551871,368.841887133805,47.7285316311932,-80.5617563120521,-83.8241712987002
0.0874587424320964,0.945317315109159,369.433753490641,14.7427560643654,39.5746606450796,364.821966134757,0.754130929263679,8.38863633954036,369.281242554694,47.8820791449214,-80.0795846184515,-83.7454980671107
0.0874681581426697,0.945195472514705,369.882802547081,14.7489691453591,39.5687064589061,365.28919174962,0.755583264287464,8.3871226716993,369.720536421171,48.0353122015783,-79.5978126164848,-83.6641627466471
0.0874854228094108,0.944977787163387,370.331307953754,14.7555886407713,39.5622005007134,365.755879444601,0.757045770437758,8.38568908231835,370.159769067088,48.1882288926652,-79.116454381674,-83.5801691054609
0.0875112521104182,0.944675698444356,370.779228694684,14.7626167814048,39.5551574394478,366.222022983573,0.758518403952334,8.38433669486196,370.598940830697,48.3408273243305,-78.6355239581497,-83.4935209869323
0.0875462866100804,0.94430131398651,371.226528549812,14.7700556780292,39.5475920418936,366.687616298058,0.760001120278897,8.38306662585489,371.038052054619,48.4931056174087,-78.1550353582497,-83.404222309388
0.0875910867784279,0.943867299549525,371.673176391069,14.7779073213861,39.5395191673956,367.152653487951,0.761493874079193,8.38187998480152,371.477103085803,48.6450619074589,-77.6750025621197,-83.3122770658174
0.0876461288198751,0.943386765458371,372.119146436543,14.7861735822432,39.5309537625928,367.617128822175,0.762996619233172,8.3807778741059,371.916094275502,48.7966943448021,-77.1954395173162,-83.2176893235866
0.0877118013317752,0.942873150832402,372.564418460686,14.7948562114972,39.5219108561639,368.081036739245,0.76450930884319,8.37976138899236,372.355025979236,48.948001094558,-76.7163601384117,-83.1204632241501
0.0877884028018504,0.942340106831156,373.008977958878,14.8039568403246,39.5124055535895,368.544371847771,0.766031895238277,8.3788316174269,372.793898556756,49.0989803366818,-76.2377783066024,-83.0206029827615
0.0878761399427291,0.941801380091091,373.452816265043,14.8134769803806,39.5024530319334,369.007128926874,0.767564329978444,8.37798964003912,373.232712372017,49.2496302659992,-75.7597078693179,-82.9181128881809
0.0879751268517281,0.941270697462842,373.895930621382,14.8234180240438,39.4920685346443,369.469302926536,0.769106563859038,8.37723653004493,373.671467793138,49.3999490922419,-75.2821626398332,-82.8129973023811
0.0880853849748623,0.940761653079839,374.338324199702,14.8337812447083,39.4812673663835,369.930888967871,0.770658546915155,8.37657335316985,374.110165192371,49.5499350400816,-74.8051563968835,-82.7052606602519
0.0882068438459905,0.940287598699037,374.780006074212,14.8445677971195,39.4700648878776,370.391882343325,0.772220228426092,8.37600116757303,374.548804946069,49.6995863491641,-74.3287028842805,-82.5949074693021
0.0883393425651289,0.939861538156332,375.220991146033,14.8557787177562,39.458476510802,370.852278516813,0.773791556919849,8.37552102377197,374.987387434648,49.848901274142,-73.8528158105318,-82.48194230936
0.0884826319743664,0.939496026675879,375.661300020095,14.8674149252554,39.4465176926963,371.312073123774,0.775372480177682,8.37513396456782,375.425913042557,49.9978780847073,-73.3775088484622,-82.3663698322718
0.0886363774855131,0.939203075667303,376.100958835446,14.8794772208802,39.4342039319134,371.77126197117,0.776962945238694,8.3748410249715,375.86438215824,50.1465150656232,-72.9027956348378,-82.2481947615978
0.0888001625106108,0.93899406354059,376.539999050403,14.8919662890305,39.4215507626066,372.229841037407,0.778562898404485,8.37464323213038,376.302795174105,50.2948105167551,-72.4286897699914,-82.1274218923077
0.0889734924446634,0.938879652968088,376.978457184313,14.9048826977943,39.4085737497553,372.687806472203,0.780172285243835,8.37454160525572,376.741152486486,50.4427627531015,-71.9552048174517,-82.004056090473
0.0891557991493345,0.938869714929034,377.416374518069,14.9182268995404,39.3952884842324,373.145154596381,0.781791050597439,8.3745371555508,377.179454495613,50.5903701048233,-71.4823543035741,-81.8781022929582
0.0893464458867679,0.938973259786429,377.853796755831,14.9319992315496,39.3817105779161,373.601881901607,0.783419138582688,8.37463088613969,377.617701605573,50.7376309172736,-71.0101517171734,-81.7495655071103
0.0895447326539794,0.939198375570656,378.290773650722,14.9461999166858,39.3678556588466,374.057985050059,0.785056492598487,8.37482379199676,378.055894224278,50.8845435510259,-70.5386105091602,-81.6184508104461
0.0897499018702603,0.939552173580075,378.727358597584,14.960829064104,39.3537393664319,374.51346087405,0.786703055330127,8.37511685987687,378.494032763428,51.0311063819023,-70.0677440921784,-81.484763350338
0.0899611443725406,0.940040741356739,379.163608196081,14.9758866699957,39.3393773467035,374.968306375575,0.788358768754191,8.37551106824626,378.932117638479,51.1773178010008,-69.5975658402457,-81.3485083436979
0.0901776056764915,0.940669103055425,379.599581787747,14.9913726183701,39.3247852476238,375.422518725817,0.790023574143511,8.37600738721412,379.370149268605,51.3231762147217,-69.1280890883967,-81.2096910766601
0.090398392464088,0.941441187196092,380.035340970725,15.0072866818703,39.3099787144477,375.876095264589,0.791697412072159,8.37660677846492,379.808128076665,51.4686800447942,-68.6593271323281,-81.068316904261
0.0906225792612341,0.942359801772765,380.470949096155,15.0236285226236,39.2949733851407,376.329033499726,0.793380222420489,8.37731019519135,380.246054489165,51.6138277283014,-68.1912932280462,-80.924391250119
0.0908492152716773,0.943426616684531,380.906470750313,15.040397693125,39.2797848858532,376.781331106425,0.795071944380214,8.37811858202804,380.683928936228,51.7586177177053,-67.7240005915173,-80.7779196061113
0.0910773313356603,0.944642153454997,381.341971226684,15.0575936371522,39.2644288264555,377.232985926533,0.796772516459526,8.379032874986,381.121751851552,51.903048480871,-67.2574623983201,-80.6289075320494
0.0913059469834382,0.946005782213352,381.777515992297,15.0752156907127,39.248920796133,377.683995967786,0.798481876488258,8.38005400138765,381.559523672379,52.04711850109,-66.7916917833007,-80.4773606553538
0.0915340775548276,0.947515725920822,382.213170152617,15.0932630830202,39.2332763590436,378.134359403005,0.800199961623088,8.38118287980271,381.997244839458,52.1908262771035,-66.3267018402303,-80.3232846707258
0.0917607413562826,0.949169071838372,382.648997919378,15.1117349375,39.2175110500397,378.584074569243,0.801926708352774,8.38242041998472,382.434915797012,52.3341703231244,-65.8625056214648,-80.1666853398188
0.0919849668265834,0.950961790242664,383.085062085651,15.1306302728235,39.201640370455,379.033139966886,0.803662052503438,8.38376752280824,382.872536992696,52.477149168859,-65.3991161376075,-80.0075684909073
0.092205799681074,0.952888760405062,383.521423512437,15.1499480039683,39.1856797839585,379.481554258716,0.805405929243889,8.38522508020689,383.310108877568,52.6197613595282,-64.9365463571738,-79.8459400185551
0.092422310002555,0.954943803850645,383.95814063094,15.1696869433058,39.1696447124755,379.929316268933,0.807158273090972,8.38679397511193,383.747631906049,52.7620054558877,-64.4748092062586,-79.6818058832811
0.092633599244489,0.95711972490871,384.395268964597,15.1898458017124,39.1535505321787,380.376424982131,0.808919017914973,8.38847508139172,384.185106535891,52.903880034248,-64.0139175682062,-79.5151721112244
0.0928388071092423,0.959408358551421,384.832860674729,15.2104231897062,39.1374125695492,380.822879542249,0.810688096945046,8.39026926379182,384.622533228137,53.0453836864936,-63.5538842832823,-79.3460447938075
0.0930371182607928,0.96180062549171,385.270964133538,15.2314176186048,39.1212460975081,381.268679251472,0.812465442774686,8.39217737787578,385.059912447085,53.1865150201011,-63.0947221483494,-79.174430087398
0.0932277688278627,0.964286594474351,385.709623527939,15.2528275017072,39.1050663316216,381.713823569107,0.814250987367238,8.39420026996672,385.497244660258,53.3272726581579,-62.6364439165435,-79.0003342129691
0.0934100526499641,0.966855551644932,386.148878497449,15.2746511554945,39.0888884263778,382.158312110424,0.816044662061435,8.39633877708961,385.93453033836,53.4676552393789,-62.1790622969543,-78.8237634557585
0.0935833272155727,0.969496076820252,386.588763809123,15.2968868008518,39.0727274715389,382.602144645462,0.817846397576986,8.39859372691424,386.371769955245,53.6076614181234,-61.7225899543075,-78.644724164926
0.0937470192387801,0.972196126411161,387.029309072194,15.3195325643085,39.0565984885668,383.04532109781,0.81965612402018,8.40096593769894,386.808963987879,53.7472898644114,-61.2670395086494,-78.4632227532096
0.0939006298185085,0.974943122666053,387.470538494782,15.3425864792964,39.040516427125,383.487841543357,0.821473770889545,8.40345621823501,387.246112916305,53.8865392639387,-60.8124235350345,-78.2792656965803
0.0940437391228969,0.977724048811829,387.912470684669,15.3660464874244,39.0244961616563,383.929706209016,0.823299267081527,8.40606536779194,387.683217223605,54.025408318092,-60.3587545632155,-78.0928595338957
0.0941760105409614,0.980525549571097,388.355118495826,15.3899104397696,39.0085524880365,384.370915471422,0.825132540896212,8.40879417606322,388.120277395864,54.1638957439634,-59.9060450773354,-77.9040108665519
0.0942971942442317,0.983334036432204,388.798488921949,15.4141760981821,38.9927001203059,384.811469855604,0.826973520043073,8.41164342311304,388.557293922135,54.3020002743634,-59.4543075156225,-77.7127263581343
0.0944071301028979,0.986135796945016,389.242583037947,15.4388411366047,38.9769536874781,385.251370033642,0.828822131646759,8.41461387932357,388.994267294402,54.4397206578345,-59.0035542700882,-77.5190127340675
0.0945057499041508,0.988917107213282,389.68739598987,15.4639031424044,38.9613277304259,385.690616823293,0.830678302252914,8.41770630534311,389.431198007542,54.5770556586635,-58.5537976862267,-77.322876781263
0.0945930788248965,0.991664346656884,390.132917033426,15.4893596177161,38.9458366988459,386.129211186603,0.832541957834025,8.42092145203483,389.868086559293,54.7140040568934,-58.1050500627178,-77.1243253477668
0.0946692361168962,0.994364114027525,390.579129620793,15.5152079807972,38.9304949483014,386.567154228501,0.834413023795303,8.42426006042633,390.30493345021,54.8505646483342,-57.657323651132,-76.9233653424046
0.0947344349695631,0.997003343582472,391.026011535071,15.5414455673913,38.9153167373431,387.004447195372,0.836291424980605,8.42772286165993,390.741739183636,54.9867362445743,-57.2106306556378,-76.7200037344266
0.094788981524074,0.999569420255703,391.473535071301,15.5680696321017,38.9003162247085,387.441091473619,0.838177085678369,8.43131057694365,391.178504265661,55.1225176729898,-56.7649832327127,-76.5142475531513
0.0948332730219916,1.0020502926169,391.921667262607,15.595077349772,38.8855074666003,387.877088588207,0.840069929627597,8.43502391750294,391.615229205088,55.2579077767544,-56.3203934908553,-76.3061038876068
0.0948677950820827,1.00443458237847,392.370370149637,15.6224658168734,38.8709044140421,388.312440201193,0.841969880023861,8.43886358453316,392.051914513392,55.392905414848,-55.876873490301,-76.0955798861725
0.0948931181102639,1.0067116892007,392.819601091118,15.6502320528992,38.8565209103133,388.747148110249,0.843876859525336,8.44283026915276,392.488560704691,55.5275094620651,-55.4344352427399,-75.8826827562189
0.094909892859382,1.00887188955748,393.269313112996,15.6783730017629,38.842370688462,389.181214247169,0.84579079025887,8.44692465235724,392.925168295701,55.6617188090223,-54.9930907110372,-75.6674197637462
0.0949188451675873,1.01090642845885,393.71945529331,15.7068855332012,38.8284673688947,389.614640676367,0.847711593826077,8.45114740497378,393.361737805705,55.7955323621656,-54.5528518089565,-75.4497982330221
0.094920769916129,1.01280760288441,394.169973179644,15.7357664441804,38.8148244570454,390.04742959337,0.84963919130946,8.45549918761668,393.798269756512,55.9289490437765,-54.113730400885,-75.2298255462184
0.0949165242592113,1.01456883586076,394.620809235731,15.7650124603043,38.8014553411198,390.479583323297,0.851573503278566,8.45998065064348,394.234764672425,56.0619677919783,-53.6757383015623,-75.0075091430464
0.0949070201898214,1.01618474021696,395.071903313535,15.7946202372246,38.7883732899181,390.911104319338,0.853514449796164,8.46459243411182,394.671223080201,56.1945875607411,-53.2388872758108,-74.7828565203918
0.094893216515921,1.01765117117266,395.523193146904,15.8245863620512,38.7755914507328,391.341995161224,0.855461950424456,8.46933516773708,395.107645509014,56.3268073198868,-52.8031890382694,-74.5558752319476
0.0948761103308153,1.01896526705113,395.974614862742,15.8549073547624,38.763122847323,391.772258553695,0.857415924231305,8.47420947085071,395.544032490421,56.4586260550928,-52.368655253129,-74.326572887847
0.0948567280696621,1.02012547756267,396.426103505456,15.8855796696142,38.7509803779634,392.201897324956,0.859376289796507,8.47921595235931,395.980384558322,56.5900427678961,-51.9352975338716,-74.0949571542949
0.0948361162507553,1.02113157926819,396.877593570342,15.9165996965479,38.7391768135679,392.630914425144,0.861342965218069,8.48435521070444,396.416702248925,56.7210564756957,-51.5031274430112,-73.8610357531982
0.0948153320052481,1.02198467800577,397.329019541506,15.9479637625944,38.7277247958877,393.059312924783,0.863315868118531,8.48962783382321,396.852986100707,56.8516662117555,-51.0721564918374,-73.6248164617954
0.0947954335022544,1.02268719824098,397.78031642986,15.9796681332756,38.7166368357816,393.487096013239,0.865294915651301,8.49503439910955,397.289236654381,56.981871025206,-50.6423961401621,-73.3863071122855
0.0947774703777039,1.02324285948013,398.231420306735,16.0117090140019,38.7059253115588,393.914266997179,0.867280024507021,8.50057547337625,397.725454452856,57.1116699810451,-50.2138577960681,-73.1455155914554
0.0947624742748913,1.02365664006166,398.682268828707,16.0440825514635,38.6956024673939,394.340829299027,0.86927111091996,8.50625161281773,398.161640041201,57.2410621601396,-49.7865528156608,-72.902449840307
0.0947514496023781,1.02393472881013,399.132801749297,16.0767848350175,38.6856804118116,394.766786455425,0.871268090674424,8.51206336297355,398.597793966608,57.3700466592246,-49.3604925028223,-72.6571178536831
0.0947453646108335,1.02408446519643,399.582961413308,16.1098118980679,38.6761711162415,395.192142115688,0.873270879111197,8.51801125869265,399.033916778353,57.4986225909034,-48.935688108968,-72.4095276798927
0.0947451428846515,1.02411426879343,400.032693229733,16.1431597194382,38.6670864136418,395.616900040272,0.875279391134003,8.52409582409837,399.470009027764,57.6267890836463,-48.5121508328062,-72.1596874203347
0.0947516553369011,1.02403355894609,400.48194611934,16.1768242247373,38.65843799719,396.041064099239,0.877293541215989,8.53031757255412,399.906071268181,57.7545452817894,-48.0898918200996,-71.9076052291223
0.0947657127875462,1.02385266568567,400.930672933242,16.2108012877162,38.6502374190409,396.464638270726,0.879313243406239,8.5366770066299,400.342104054916,57.8818903455318,-47.6689221634301,-71.6532893127047
0.0947880591951247,1.02358273300784,401.378830839042,16.2450867316156,38.64249608915,396.887626639422,0.881338411336301,8.54317461806946,400.778107945222,58.0088234509335,-47.2492529019661,-71.3967479294898
0.0948193656014522,1.02323561570304,401.826381671371,16.2796763305048,38.635225274161,397.310033395043,0.883368958226739,8.54981088775828,401.214083498253,58.135343789912,-46.8308950212318,-71.1379893894649
0.0948602248376617,1.02282377097257,402.273292243981,16.3145658106095,38.628436096357,397.731862830823,0.885404796893715,8.55658628569222,401.650031275025,58.2614505702381,-46.4138594528796,-70.8770220538172
0.0949111470282956,1.02236014608723,402.719534620843,16.3497508516293,38.622139532673,398.153119342002,0.887445839755576,8.56350127094697,402.085951838383,58.3871430155322,-45.9981570744653,-70.6138543345535
0.0949725559184769,1.02185806334507,403.165086344061,16.3852270880439,38.6163464137703,398.573807424323,0.889491998839483,8.57055629164818,402.521845752962,58.5124203652588,-45.5837987092255,-70.3484946941191
0.0950447860376882,1.02133110356467,403.609930616775,16.4209901104071,38.6110674231693,398.993931672537,0.891543185788041,8.5777517849424,402.957713585148,58.6372818747214,-45.1707951258575,-70.0809516450162
0.095128080702616,1.02079298930901,404.054056439575,16.4570354666291,38.6063130964413,399.413496778914,0.893599311865963,8.58508817696868,403.393555903044,58.7617268150562,-44.7591570383024,-69.8112337494214
0.0952225908511074,1.02025746897733,404.497458699369,16.4933586632453,38.602093820457,399.832507531762,0.895660287966745,8.59256588283097,403.829373276433,58.8857544732259,-44.3488951055302,-69.5393496188027
0.0953283746897379,1.01973820282848,404.940138210003,16.5299551666727,38.5984198326902,400.250968813957,0.897726024619372,8.60018530657124,404.265166276738,59.0093641520123,-43.9400199313276,-69.265307913536
0.0954453981289688,1.01924865191367,405.38210170435,16.5668204044517,38.5953012205763,400.668885601469,0.899796431995029,8.60794684114335,404.700935476988,59.1325551700088,-43.532542064089,-68.9891173425204
0.0955735359725081,1.01880197080086,405.823361777972,16.6039497664742,38.5927479209228,401.086262961917,0.901871419913843,8.6158508683876,405.136681451778,59.2553268616123,-43.126471996609,-68.7107866627938
0.0957125738213794,1.0184109048716,406.263936784849,16.6413386061979,38.5907697193721,401.503106053112,0.903950897851637,8.62389775900612,405.572404777234,59.3776785770142,-42.7218201658789,-68.430324679147
0.0958622106483805,1.01808769286626,406.703850686072,16.6789822418441,38.5893762499131,401.919420121621,0.906034774946706,8.63208787253895,406.008106030976,59.4996096821916,-42.3185969528843,-68.1477402437382
0.0960220619951031,1.01784397524841,407.143132852759,16.7168759575822,38.5885769944421,402.335210501338,0.908122960006607,8.6404215573408,406.44378579208,59.6211195588971,-41.9168126824064,-67.863042255706
0.0961916637414287,1.01769070885731,407.581817824843,16.7550150046971,38.5883812823701,402.75048261206,0.910215361514972,8.64889915055866,406.879444641039,59.742207604649,-41.5164776228253,-67.5762396607825
0.0963704763963601,1.01763808822013,408.019945027712,16.793394602742,38.5887982902758,403.165241958079,0.912311887638333,8.65752097811007,407.315083159729,59.8628732327199,-41.1176019859266,-67.2873414509056
0.0965578898590668,1.01769547380688,408.457558449049,16.8320099406743,38.5898370416024,403.579494126778,0.914412446232966,8.66628735466219,407.750701931373,59.9831158721257,-40.7201959267095,-66.9963566638313
0.0967532285999823,1.01787132743104,408.894706278504,16.8708561779756,38.5915064063964,403.993244787239,0.916516944851754,8.67519858361151,408.186301540497,60.1029349676137,-40.3242695431986,-66.7032943827446
0.0969557572135303,1.01817315493023,409.331440513169,16.9099284457546,38.5938151010883,404.406499688858,0.918625290751062,8.68425495706444,408.621882572901,60.2223299796502,-39.9298328762572,-66.408163735871
0.0971646862963794,1.01860745620431,409.767816532058,16.9492218478344,38.5967716883113,404.819264659979,0.920737390897631,8.69345675581849,409.057445615616,60.3413003844077,-39.5368959094047,-66.1109738960866
0.0973791786078546,1.01917968264364,410.203892643086,16.9887314618214,38.6003845767585,405.231545606521,0.922853151975486,8.70280424934434,409.492991256869,60.4598456737511,-39.1454685686345,-65.811734080529
0.0975983554720553,1.01989420194727,410.639729606208,17.0284523401581,38.6046620210761,405.643348510633,0.92497248039286,8.71229769576849,409.928520086046,60.5779653552242,-38.7555607222369,-65.510453550206
0.0978213033841552,1.02075427030974,411.075390136632,17.0683795111583,38.6096121217908,406.054679429345,0.927095282289133,8.7219373418568,410.364032693655,60.6956589520352,-38.3671821806221,-65.207141609606
0.0980470807861092,1.02176201194391,411.510938392118,17.108507980025,38.6152428252711,406.465544493239,0.929221463541783,8.73172342299867,410.799529671286,60.8129260030414,-37.9803426961481,-64.9018076063064
0.0982747249793879,1.02291840590516,411.946439448554,17.148832729851,38.6215619237187,406.875949905122,0.931350929773357,8.74165616319198,411.235011611578,60.9297660627342,-37.5950519629494,-64.5944609305824
0.0985032591442735,1.02422328018678,412.381958768048,17.1893487226017,38.6285770551909,407.285901938711,0.933483586358451,8.7517357750288,411.670479108178,61.046178701223,-37.2113196167691,-64.2851110150155
0.0987316994365513,1.02567531306569,412.817561663879,17.2300509000808,38.6362957036509,407.695406937333,0.935619338430703,8.76196245968181,412.105932755706,61.1621635042186,-36.8291552347938,-63.9737673341013
0.0989590621330498,1.02727204168975,413.253312766636,17.2709341848779,38.6447251990444,408.104471312626,0.937758090889803,8.77233640689144,412.541373149716,61.2777200730163,-36.44856833549,-63.6604394038574
0.0991843707973666,1.02900987790924,413.689275495898,17.3119934812992,38.6538727174016,408.513101543258,0.939899748408514,8.78285779495382,412.976800886661,61.3928480244788,-36.0695683784447,-63.3451367814307
0.0994066634362601,1.03088413136497,414.125511541729,17.3532236762801,38.663745280963,408.921304173648,0.942044215439706,8.7935267907094,413.412216563852,61.5075469910176,-35.6921647642068,-63.0278690647047
0.0996249996156186,1.03288903984979,414.562080360231,17.3946196402808,38.674349758327,409.329085812702,0.944191396223399,8.80434354953232,413.847620779426,61.6218166205754,-35.3163668341323,-62.7086458919065
0.0998384675027047,1.03501780695824,414.999038687233,17.436176228164,38.6856928646174,409.736453132555,0.946341194793826,8.81530821532055,414.283014132301,61.7356565766063,-34.9421838702318,-62.3874769412133
0.100046190798617,1.03726264702819,415.436440074092,17.4778882800558,38.6977811616709,410.143412867327,0.948493514986495,8.82642092048674,414.718397222148,61.8490665380574,-34.5696250950202,-62.0643719303593
0.10024733552174,1.03961483735688,415.874334449389,17.519750622189,38.7106210582408,410.54997181188,0.950648260445277,8.83768178594983,415.153770649345,61.9620461993479,-34.1986996713689,-61.7393406162416
0.100441116599533,1.04206477764177,416.312767710086,17.5617580677297,38.7242188102177,410.956136820592,0.952805334629494,8.84909092112735,415.589135014945,62.0745952703496,-33.8294167023615,-61.4123927945266
0.100626804222513,1.04460205655169,416.751781345499,17.6039054175869,38.7385805208635,411.361914806136,0.954964640821021,8.86064842392855,416.024490920635,62.1867134763653,-33.4617852311508,-61.083538299256
0.100803729910914,1.04721552527777,417.191412097167,17.6461874612049,38.7537121410591,411.767312738268,0.957126082131398,8.87235438074815,416.459838968702,62.2984005581085,-33.0958142408192,-60.7527870024525
0.100971292241452,1.04989337784518,417.631691657393,17.6885989773403,38.769619469563,412.172337642623,0.959289561508955,8.88420886646095,416.895179761993,62.4096562716804,-32.7315126542412,-60.4201488137256
0.101128962179092,1.052623237888,418.072646408963,17.7311347348212,38.7863081532805,412.576996599522,0.961454981745941,8.89621194441708,417.330513903879,62.5204803885486,-32.3688893339484,-60.0856336798772
0.101276287956917,1.05539225150126,418.514297208171,17.7737894932919,38.8037836875406,412.981296742785,0.963622245485669,8.90836366643802,417.765841998216,62.6308726955242,-32.0079530819978,-59.7492515845073
0.101412899446273,1.05818718568874,418.95665921298,17.8165580039408,38.8220514163806,413.385245258553,0.965791255229659,8.92066407281341,418.201164649308,62.7408329947381,-31.6487126398413,-59.4110125476192
0.101538511959519,1.06099453182377,419.39974175772,17.8594350102127,38.8411165328368,413.788849384118,0.967961913344808,8.93311319229851,418.63648246187,62.8503611036182,-31.291176688199,-59.0709266252248
0.101652929429022,1.06380061343753,419.843548275428,17.9024152485068,38.8609840792388,414.192116406759,0.970134122070547,8.94571104211246,419.071796040989,62.9594568548645,-30.9353538469342,-58.7290039089506
0.101756046908695,1.06659169754562,420.288076268466,17.9454934488589,38.8816589475078,414.595053662588,0.972307783526023,8.95845762793726,419.50710599209,63.0681200964251,-30.5812526749312,-58.3852545256421
0.101847852348283,1.06935410862442,420.733317327724,17.9886643356093,38.9031458794557,414.997668535406,0.974482799717277,8.97135294391746,419.942412920892,63.1763506914709,-30.2288816699758,-58.0396886369697
0.101928427595971,1.07207434425529,421.179257200281,18.0319226280567,38.925449467086,415.399968455556,0.97665907254444,8.98439697266067,420.377717433377,63.2841485183705,-29.8782492686378,-57.6923164390341
0.101997948591534,1.07473919137118,421.625875905015,18.0752630410981,38.948574152893,415.801960898797,0.978836503808925,8.99758968523869,420.813020135749,63.3915134706637,-29.5293638461564,-57.3431481619711
0.102056684720196,1.07733584196905,422.073147895248,18.118680285855,38.9725242301593,416.203653385174,0.981014995220635,9.01093104118947,421.248321634395,63.4984454570359,-29.182233716328,-56.9921940695575
0.102104997306485,1.07985200709605,422.521042267142,18.1621690702868,38.997303843251,416.605053477901,0.983194448405171,9.0244209885198,421.68362253585,63.6049444012905,-28.8368671313966,-56.6394644588163
0.102143337237493,1.08227602787912,422.969523012159,18.2057240997915,39.0229169879073,417.006168782247,0.985374764911052,9.03805946370867,422.118923446758,63.7110102423226,-28.4932722819464,-56.2849696596223
0.102172241715938,1.08459698234976,423.418549311544,18.2493400777941,39.0493675115264,417.40700694443,0.987555846216931,9.05184639171143,422.554224973835,63.8166429340904,-28.1514572967969,-55.9287200343075
0.102192330154989,1.08680478681874,423.868075870447,18.2930117063234,39.0766591134436,417.807575650517,0.989737593738831,9.0657816859647,422.989527723828,63.9218424455877,-27.8114302429012,-55.570725977267
0.102204299238822,1.08889029058078,424.318053288938,18.3367336865771,39.1047953452029,418.207882625332,0.991919908837372,9.07986524839196,423.424832303484,64.0266087608153,-27.4731991252453,-55.2109979145648
0.102208917184957,1.09084536277771,424.768428466903,18.3805007194763,39.1337796108201,418.607935631366,0.99410269282501,9.09409696940988,423.860139319502,64.1309418787519,-27.1367718867515,-54.8495463035395
0.102207017256348,1.09266297031898,425.21914503948,18.4243075062097,39.163615167036,419.007742467695,0.99628584697328,9.10847672793549,424.295449378506,64.2348418133247,-26.8021564081832,-54.4863816324106
0.102199490582766,1.09433724585111,425.670143839455,18.4681487487677,39.1943051235598,419.407310968904,0.998469272520044,9.12300439139393,424.730763087,64.3383085933797,-26.4693605080524,-54.1215144198848
0.10218727836179,1.09586354488042,426.121363382821,18.5120191504672,39.2258524433016,419.806649004015,1.00065287067674,9.13767981572709,425.16608105133,64.4413422626516,-26.1383919425298,-53.7549552147624
0.102171363519629,1.09723849128466,426.57274037348,18.5559134164677,39.2582599425922,420.205764475422,1.00283654263562,9.15250284540287,425.601403877651,64.5439428797329,-25.8092584053572,-53.3867145955436
0.102152761920666,1.09846001059642,427.024210222919,18.5998262542787,39.2915302913907,420.604665317827,1.00502018957704,9.16747331342523,426.036732171884,64.6461105180428,-25.4819675277624,-53.0168031700358
0.102132513221879,1.09952735060161,427.47570758057,18.6437523742597,39.3256660134787,421.003359497185,1.0072037126767,9.18259104134498,426.47206653968,64.7478452657961,-25.1565268783765,-52.6452315749605
0.102111671474029,1.10044108896617,427.927166870457,18.6876864901125,39.3606694866396,421.401855009652,1.0093870131129,9.19785583927133,426.907407586382,64.849147225971,-24.8329439631537,-52.2720104755604
0.102091295575458,1.10120312778074,428.378522829697,18.7316233193674,39.3965429428238,421.80015988054,1.01156999207379,9.21326750588409,427.342755916986,64.950016516277,-24.5112262252932,-51.8971505652073
0.102072439686517,1.10181667509157,428.829711044389,18.7755575838627,39.4332884682981,422.198282163268,1.01375255076471,9.22882582844671,427.778112136105,65.050453269122,-24.1913810451641,-51.5206625650096
0.10205614371298,1.10228621366347,429.280668478459,18.8194840102186,39.470908003779,422.596229938327,1.01593459041534,9.24453058281999,428.213476847928,65.1504576315796,-23.873415740232,-51.1425572234205
0.102043423965207,1.10261745739304,429.731333991094,18.8633973303066,39.5094033445494,422.994011312242,1.01811601228709,9.26038153347656,428.648850656182,65.2500297653551,-23.5573375649887,-50.7628453158468
0.102035264096483,1.10281729595369,430.181648838482,18.9072922817137,39.5487761405588,423.391634416542,1.02029671768028,9.27637843351608,429.084234164096,65.349169846752,-23.2431537108837,-50.3815376442568
0.102032606418835,1.10289372840585,430.631557155724,18.9511636082039,39.5890278965053,423.789107406731,1.02247660794144,9.29252102468123,429.519627974361,65.4478780666377,-22.9308713062585,-49.9986450367902
0.102036343687958,1.10285578664169,431.081006414938,18.9950060601746,39.6301599719,424.186438461261,1.02465558447061,9.3088090373743,429.955032689092,65.5461546304087,-22.620497416283,-49.6141783473671
0.102047311440758,1.10271344965239,431.529947855802,19.0388143951125,39.6721735811136,424.583635780511,1.02683354872855,9.32524219067472,430.390448909791,65.6439997579555,-22.3120390428945,-49.2281484552975
0.102066280959686,1.10247754970448,431.978336884986,19.0825833780452,39.7150697934045,424.980707585769,1.02901040224407,9.34182019235714,430.825877237304,65.7414136836276,-22.0055031247386,-48.8405662648919
0.102093952927753,1.1021596715891,432.426133441217,19.1263077819931,39.7588495329274,425.377662118212,1.03118604662124,9.35854273891036,431.26131827179,65.8383966561971,-21.7008965371133,-48.4514427050718
0.102130951827055,1.10177204616227,432.873302322981,19.1699823884191,39.8035135787242,425.774507637892,1.03336038354673,9.37540951555695,431.696772612675,65.9349489388229,-21.3982260919149,-48.06078872898
0.10217782112216,1.10132743942661,433.319813476209,19.2136019876787,39.8490625646949,426.171252422727,1.03553331479698,9.39242019627367,432.132240858618,66.0310708090141,-21.0974985375857,-47.6686153135927
0.102235019258031,1.10083903841371,433.765642239613,19.2571613794697,39.8954969795503,426.567904767486,1.03770474224557,9.40957444381249,432.567723607473,66.126762558593,-20.7987205590655,-47.2749334593307
0.10230291649053,1.10032033511401,434.210769545681,19.3006553732834,39.942817166745,426.964472982782,1.0398745678704,9.42687190972252,433.003221456245,66.2220244936577,-20.501898777744,-46.8797541896718
0.102381792556304,1.09978500966798,434.655182075739,19.3440787888567,39.9910233243911,427.360965394067,1.04204269376099,9.44431223437257,433.438735001059,66.3168569345447,-20.207039751416,-46.4830885507636
0.10247183517814,1.09924681398099,435.098872367831,19.3874264566262,40.0401155051536,427.75739034062,1.04420902212571,9.46189504697444,433.874264837114,66.4112602157906,-19.9141499742397,-46.0849476110363
0.102573139391968,1.09871945685618,435.54183887659,19.4306932181852,40.090093616126,428.15375617455,1.04637345529906,9.47961996560703,434.309811558651,66.505234686094,-19.6232358766957,-45.6853424608164
0.10268570767274,1.09821649165886,435.984085984636,19.4738739267433,40.1409574186881,428.550071259784,1.04853589574892,9.49748659724111,434.745375758909,66.5987807082763,-19.3343038255499,-45.2842842119412
0.102809450828595,1.09775120743347,436.425623965463,19.5169634475902,40.1927065283439,428.946343971067,1.05069624608375,9.51549453776485,435.180958030088,66.6918986592432,-19.0473601238179,-44.8817839973727
0.102944189626061,1.09733652429487,436.866468898151,19.5599566585634,40.2453404145422,429.342582692959,1.0528544090599,9.53364337201012,435.616558963312,66.7845889299447,-18.7624110107315,-44.4778529708133
0.103089657103761,1.09698489381182,437.306642534633,19.6028484505207,40.2988584004791,429.738795818829,1.05501028758879,9.55193267377948,436.052179148588,66.8768519253358,-18.4794626617078,-44.0725023063212
0.103245501528021,1.09670820499507,437.746172120648,19.6456337278182,40.3532596628822,430.134991749852,1.05716378474416,9.57036200587392,436.487819174767,66.9686880643358,-18.1985211883209,-43.6657431979269
0.103411289941047,1.0965176963989,438.185090171857,19.688307408794,40.4085432317778,430.531178894003,1.0593148037693,9.58893092012137,436.923479629506,67.0600977797883,-17.9195926382751,-43.2575868592496
0.103586512250811,1.09642387474584,438.623434206989,19.7308644262584,40.4647079902417,430.927365665056,1.06146324808429,9.6076389574059,437.359161099231,67.1510815184202,-17.6426829953812,-42.8480445231149
0.103770585811393,1.09643644039156,439.06124644021,19.7732997279909,40.5217526741327,431.323560481571,1.06360902129316,9.62648564769769,437.794864169093,67.2416397408003,-17.367798179534,-42.4371274411724
0.103962860443137,1.09656421986367,439.498573435244,19.8156082772448,40.5796758718111,431.719771765889,1.06575202719114,9.64547051008372,438.230589422933,67.3317729212984,-17.094944046693,-42.0248468835147
0.104162623843424,1.09681510563453,439.935465724076,19.8577850532592,40.6384760238414,432.116007943123,1.06789216977186,9.66459305279922,438.666337443244,67.4214815480427,-16.8241263888651,-41.6112141382963
0.10436910734097,1.09719600322684,440.371977393359,19.8998250517801,40.6981514226809,432.512277440143,1.07002935323454,9.68385277325982,439.102108811126,67.5107661228783,-16.555350934089,-41.1962405113535
0.104581491949173,1.09771278570093,440.808165641901,19.9417232855897,40.7587002123535,432.908588684565,1.07216348199114,9.70324915809446,439.537904106253,67.5996271613243,-16.2886233464225,-40.7799373258247
0.104798914676863,1.09837025553517,441.244090312831,19.9834747850457,40.8201203881108,433.304950103729,1.07429446067359,9.72278168317902,439.973723906832,67.6880651925314,-16.0239492259315,-40.3623159217716
0.105020475057808,1.09917211388547,441.679813404262,20.0250745986291,40.8824097960809,433.701370123684,1.07642219414095,9.74244981367075,440.409568789562,67.7760807592383,-15.7613341086815,-39.9433876558011
0.105245241863107,1.10012093719437,442.115398562428,20.066517793504,40.9455661329048,434.097857168158,1.07854658748653,9.76225300404333,440.845439329598,67.8636744177287,-15.5007834667314,-39.5231639006875
0.10547225996322,1.10121816111517,442.550910561417,20.1077994560863,41.0095869453622,434.494419657535,1.08066754604508,9.78219069812274,441.281336100507,67.9508467377871,-15.2423027081286,-39.1016560449956
0.105700557308452,1.10246407171826,442.986414773722,20.148914692624,41.0744696299874,434.891066007822,1.08278497539994,9.80226232912386,441.717259674235,68.0375983026553,-14.9858971769078,-38.678875492705
0.105929151998299,1.10385780395483,443.421976635926,20.1898586297896,41.1402114326756,435.287804629612,1.08489878139013,9.82246731968776,442.153210621062,68.1239297089875,-14.7315721530903,-38.2548336628342
0.106157059410947,1.10539734736411,443.857661113844,20.2306264152828,41.2068094482819,435.684643927039,1.08700887011752,9.84280508191982,442.589189509566,68.209841566806,-14.4793328526869,-37.8295419890658
0.106383299364387,1.10707955902247,444.29353217148,20.2712132184464,41.2742606202119,436.08159229674,1.0891151479539,9.86327501742844,443.025196906583,68.295334499456,-14.2291844277017,-37.4030119193731
0.106606903280074,1.10890018374332,444.729652248113,20.3116142308942,41.3425617400073,436.478658126794,1.0912175215481,9.88387651736464,443.461233377168,68.3804091435605,-13.9811319661392,-36.9752549156462
0.106826921318726,1.1108538815436,445.16608174776,20.3518246671514,41.4117094469251,436.875849795667,1.0933158978331,9.90460896246227,443.897299484552,68.4650661489746,-13.7351804920125,-36.54628245332
0.10704242945593,1.11293426239326,445.60287854516,20.3918397653088,41.4817002275141,437.273175671148,1.09541018403306,9.92547172307905,444.333395790108,68.5493061787396,-13.4913349653542,-36.1161060210022
0.107252536462634,1.11513392825722,446.040097512326,20.431654787689,41.5525304151873,437.670644109275,1.09750028767044,9.94646415923825,444.76952285331,68.6331299090372,-13.2496002822294,-35.6847371201027
0.107456390752617,1.11744452242188,446.477790069496,20.4712650215275,41.6241961897934,438.068263453257,1.09958611657298,9.96758562067122,445.20568123169,68.7165380291427,-13.0099812747506,-35.2521872644633
0.107653187055648,1.11985678607089,446.916003764155,20.5106657796668,41.6966935771869,438.466042032387,1.10166757888082,9.98883544686053,445.641871480802,68.7995312413781,-12.7724827110946,-34.8184679799884
0.107842172871588,1.12236062203484,447.354781881579,20.5498524012642,41.7700184487993,438.863988160946,1.10374458305347,10.0102129670839,446.078094154182,68.882110261066,-12.5371092955219,-34.3835908042766
0.108022654657232,1.12494516558818,447.794163090068,20.5888202525151,41.8441665212122,439.2621101371,1.10581703787685,10.0317175004589,446.514349803307,68.9642758164811,-12.3038656683978,-33.9475672862528
0.108194003694471,1.12759886210284,448.234181123792,20.6275647273888,41.919133355733,439.660416241788,1.10788485247028,10.0533483559883,446.950638977559,69.0460286488036,-12.0727564062156,-33.5104089858019
0.108355661585627,1.13030955129351,448.674864505858,20.6660812483808,41.9949143579757,440.058914737598,1.10994793629343,10.0751048326063,447.386962224181,69.1273695120712,-11.8437860216221,-33.0721274734025
0.108507145319651,1.13306455770473,449.116236313871,20.7043652672778,42.0715047774464,440.457613867636,1.11200619915337,10.0969862192252,447.823320088238,69.2082991731304,-11.6169589634449,-32.6327343297618
0.108648051851636,1.13585078699701,449.558313989948,20.7424122659394,42.1488997071373,440.856521854385,1.11405955121142,10.1189917947831,448.259713112581,69.288818411589,-11.3922796167216,-32.1922411454515
0.108778062137752,1.13865482749004,450.001109196762,20.7802177570926,42.227094083127,441.25564689855,1.11610790299018,10.1411208282922,448.696141837805,69.3689280197669,-11.1697523027315,-31.7506595205443
0.1088969445686,1.14146305631854,450.444627720823,20.8177772851435,42.3060826841931,441.654997177895,1.11815116538037,10.1633725788879,449.132606802207,69.4486288026474,-10.9493812790291,-31.308001064252
0.109004557746055,1.14426174945244,450.888869423846,20.8550864270014,42.3858601314335,442.054580846066,1.12018924964781,10.1857462958785,449.569108541753,69.5279215778282,-10.7311707394791,-30.8642773945634
0.109100852552087,1.1470371947319,451.333828242614,20.8921407929203,42.4664208879021,442.454406031403,1.12222206744024,10.2082412187956,450.005647590031,69.6068071754717,-10.5151248142945,-30.4195001378837
0.109185873462851,1.14977580697134,451.779492237407,20.9289360273539,42.5477592582575,442.854480835744,1.12424953079422,10.2308565774457,450.442224478215,69.6852864382557,-10.3012475700753,-29.9736809286753
0.109259759067452,1.15246424409885,452.225843688625,20.9654678098256,42.6298693884278,443.254813333204,1.12627155214198,10.2535915919617,450.878839735025,69.7633602213231,-10.0895430098506,-29.5268314090989
0.109322741758265,1.15508952322119,452.672859240861,21.0017318558144,42.7127452652915,443.655411568956,1.12828804431826,10.2764454728558,451.315493886689,69.8410293922322,-9.88001507312136,-29.0789632286555
0.10937514656833,1.15763913544224,453.12051009328,21.0377239176543,42.7963807163775,444.056283557985,1.13029892056708,10.2994174210728,451.7521874569,69.918294830906,-9.67266763590618,-28.6300880438295
0.109417389141101,1.16010115821748,453.568762234771,21.0734397854498,42.8807694095848,444.457437283838,1.13230409454859,10.3225066280445,452.188920966777,69.995157429582,-9.46750451078833,-28.1802175177336
0.109449972828492,1.16246436400114,454.01757672199,21.1088752880047,42.9659048529231,444.858880697351,1.13430348034581,10.3457122757442,452.625694934829,70.0716180927607,-9.26452944696501,-27.7293633197528
0.109473484924527,1.16471832393659,454.466909998018,21.1440262937667,43.0517803942773,445.260621715368,1.1362969924714,10.3690335367426,453.062509876911,70.147677737155,-9.0637461302985,-27.2775371251916
0.10948859205377,1.16685350535763,454.916714249055,21.1788887117849,43.1383892211949,445.662668219442,1.13828454587436,10.3924695742636,453.499366306186,70.2233372916387,-8.86515818336919,-26.8247506149203
0.10949603474576,1.1688613619069,455.366937796215,21.2134584926828,43.2257243607005,446.065028054517,1.14026605594679,10.416019542242,453.936264733087,70.298597697195,-8.66876916553053,-26.3710154750236
0.10949662123875,1.17073441513971,455.817525519235,21.2477316296444,43.313778679137,446.467709027599,1.14224143853054,10.4396825853807,454.373205665273,70.373459906865,-8.47458257296587,-25.9163433964497
0.109491220567746,1.17246632656561,456.268419308592,21.2817041594143,43.4025448820364,446.870718906408,1.1442106099239,10.4634578392092,454.810189607594,70.447924885695,-8.28260183874721,-25.4607460746601
0.109480755002973,1.1740519591846,456.719558542315,21.3153721633108,43.4920155140199,447.274065418014,1.14617348688822,10.4873444301431,455.247217062052,70.521993610685,-8.0928303328958,-25.0042352092814
0.109466191915203,1.17548742769952,457.170880583567,21.348731768253,43.5821829587311,447.677756247456,1.14812998665457,10.5113414755436,455.684288527754,70.5956670707359,-7.9052713624446,-24.5468225037569
0.109448535153517,1.1767701367272,457.622321294871,21.3817791478,43.6730394388019,448.081799036342,1.15008002693031,10.5354480837784,456.121404500882,70.668946266597,-7.71992817150264,-24.0885196650006
0.109428816028983,1.17789880648631,458.073815564744,21.4145105232029,43.7645770158541,448.486201381434,1.15202352590567,10.5596633542828,456.558565474648,70.741832210813,-7.53680394132114,-23.629338403051
0.109408084004031,1.17887348560681,458.525297842373,21.446922164469,43.8567875905363,448.89097083321,1.15396040226029,10.5839863776218,456.995771939253,70.8143259276711,-7.35590179036154,-23.1692904307268
0.109387397192021,1.17969555087972,458.976702675913,21.4790103914376,43.9496629026002,449.296114894418,1.15589057516977,10.6084162355528,457.433024381855,70.8864284531477,-7.17722477436534,-22.7083874632836
0.109367812774382,1.1803676939447,459.427965249944,21.510771574868,44.0431945310156,449.701641018597,1.15781396431215,10.6329520010891,457.87032328652,70.9581408348549,-7.00077588642571,-22.246641218071
0.109350377443761,1.18089389509082,459.879021917651,21.5422021375371,44.1373738941262,450.107556608594,1.15973048987439,10.657592738564,458.307669134191,71.0294641319868,-6.82655805706095,-21.7840634141919
0.109336117980799,1.18127938452106,460.329810723312,21.573298555349,44.2321922498486,450.513869015051,1.16164007255881,10.6823375036958,458.745062402644,71.1003994152656,-6.65457415428974,-21.3206657721622
0.109326032069506,1.18153059159849,460.780271910787,21.6040573584537,44.3276406959145,450.920585534877,1.16354263358952,10.7071853436531,459.182503566448,71.1709477668878,-6.48482698370809,-20.8564600135714
0.109321079451766,1.18165508274868,461.230348413798,21.6344751323763,44.4237101701588,451.327713409704,1.16543809471881,10.7321352971211,459.61999309693,71.2411102804697,-6.31731928856821,-20.391457860745
0.109322173515436,1.18166148883556,461.679986323971,21.6645485191541,44.5203914508543,451.735259824319,1.16732637823351,10.757186394369,460.057531462132,71.3108880609929,-6.15205374985898,-19.9256710364078
0.109330173402936,1.1815594229539,462.129135332777,21.6942742184837,44.6176751570945,452.14323190508,1.16920740696134,10.782337657317,460.495119126774,71.3802822247501,-5.9890329863883,-19.459111263348
0.109345876718332,1.1813593896883,462.577749143744,21.7236489888751,44.7155517492266,452.551636718306,1.17108110427718,10.8075880996051,460.932756552214,71.4492938992897,-5.82825955486709,-18.9917902640827
0.109370012901012,1.18107268697424,463.025785851566,21.752669648814,44.8140115293348,452.960481268659,1.1729473941094,10.8329367266621,461.370444196409,71.5179242233615,-5.66973594999506,-18.5237197605248
0.10940323732322,1.18071130176064,463.473208285002,21.7813330779304,44.9130446417769,453.369772497497,1.17480620094609,10.8583825357753,461.808182513875,71.5861743468609,-5.51346460454818,-18.0549114736507
0.109446126157434,1.18028780071414,463.919984310782,21.8096362181739,45.0126410737737,453.779517281209,1.17665744984126,10.8839245161608,462.245971955651,71.6540454307739,-5.3594478894679,-17.5853771231693
0.109499172047876,1.17981521722351,464.366087096039,21.8375760749948,45.1127906560546,454.189722429534,1.17850106642103,10.909561649035,462.683812969257,71.7215386471218,-5.20768811395197,-17.1151284271922
0.109562780608809,1.17930693595844,464.811495327159,21.8651497185298,45.2134830635586,454.600394683859,1.18033697688981,10.9352929076859,463.121705998658,71.788655178905,-5.05818752554705,-16.6441771019051
0.109637267760838,1.17877657621208,465.256193383279,21.8923542847921,45.3147078161934,455.011540715497,1.18216510803642,10.9611172575463,463.559651484223,71.8553962200476,-4.91094831024292,-16.1725348612402
0.109722857905469,1.17823787521214,465.700171463056,21.9191869768659,45.4164542796541,455.423167123948,1.18398538724014,10.9870336562662,463.997649862688,71.9217629753412,-4.76597259256842,-15.7002134165505
0.109819682927936,1.17770457252384,466.143425663713,21.9456450661032,45.5187116663006,455.835280435137,1.18579774247683,11.0130410537873,464.435701567116,71.987756660389,-4.62326243568896,-15.2272244762842
0.109927782008962,1.17719029659169,466.58595801174,21.9717258933228,45.6214690360978,456.24788709964,1.18760210232492,11.0391383924173,464.87380702686,72.0533785015491,-4.48281984150574,-14.7535797456612
0.110047102217822,1.17670845437907,467.027776445065,21.9974268700116,45.7247152976179,456.660993490887,1.18939839597138,11.065324606905,465.311966667523,72.1186297358783,-4.34464675075656,-14.2792909263505
0.110177499851957,1.17627212496759,467.468894746854,22.0227454795258,45.8284392091057,457.074605903346,1.19118655321774,11.0915986245165,465.750180910923,72.1835116110754,-4.20874504311827,-13.8043697161489
0.110318742482549,1.17589395787571,467.909332431542,22.0476792782929,45.9326293796097,457.488730550696,1.19296650448595,11.1179593651116,466.18845017505,72.2480253854246,-4.07511653731085,-13.328827808661
0.11047051166092,1.17558607675087,468.349114584046,22.0722258970126,46.0372742701783,457.903373563973,1.19473818082429,11.144405741221,466.626774874034,72.3121723277383,-3.94376299120299,-12.8526768929803
0.110632406237341,1.175359988985,468.788271653512,22.0963830418559,46.1423621951234,458.318540989711,1.19650151391325,11.1709366581243,467.065155418099,72.3759537173003,-3.81468610191942,-12.3759286533715
0.110803946241873,1.17522650170165,469.226839203314,22.1201484956626,46.2478813233516,458.734238788054,1.19825643607128,11.1975510139286,467.503592213533,72.4393708438085,-3.68788750594962,-11.8985947689543
0.110984577276008,1.17519564446777,469.66485761935,22.143520119135,46.3538196797643,459.150472830867,1.20000288026062,11.2242476996476,467.942085662648,72.5024250073174,-3.56336877925829,-11.4206869133886
0.111173675364111,1.17527659899584,470.102371779057,22.1664958520275,46.4601651467273,459.567248899814,1.20174078009302,11.2510255992815,468.380636163739,72.5651175181811,-3.44113143739719,-10.9422167545601
0.111370552214796,1.17547763602436,470.539430683844,22.1890737143322,46.5669054656119,459.984572684439,1.20347006983543,11.2778835898978,468.819244111049,72.6274496969953,-3.3211769356187,-10.4631959542686
0.11157446084426,1.17580605949847,470.976087057953,22.2112518074575,46.6740282384062,460.402449780222,1.20519068441568,11.3048205417122,469.257909894735,72.6894228745395,-3.20350666899074,-9.98363616791621
0.111784601515983,1.176268158118,471.41239691703,22.2330283154016,46.7815209293999,460.820885686623,1.20690255942811,11.3318353181705,469.696633900823,72.7510383917198,-3.08812197251334,-9.5035490441978
0.11200012795403,1.17686916427774,471.848419109916,22.254401505917,46.8893708669415,461.239885805121,1.2086056311391,11.3589267760313,470.13541651118,72.8122975995099,-2.97502412123665,-9.02294622479219
0.112220153790097,1.17761322039485,472.284214837395,22.2753697316676,46.9975652452691,461.659455437232,1.21029983649269,11.3860937654488,470.574258103468,72.8732018588941,-2.86421433038047,-8.54183934405497
0.112443759207368,1.17850335259869,472.719847151819,22.2959314313766,47.1060911264161,462.079599782521,1.21198511311601,11.4133351300568,471.013159051116,72.9337525408083,-2.75569375545526,-8.06024002871249
0.112669997746923,1.17954145174959,473.155380441664,22.3160851309634,47.2149354421914,462.500323936602,1.2136613993248,11.4406497070532,471.452119723275,72.9939510260818,-2.64946349238463,-7.57815989755722
0.112897903244762,1.18072826175221,473.590879905229,22.3358294446699,47.3240849962358,462.921632889135,1.21532863412878,11.4680363272846,471.891140484789,73.0537987053793,-2.5455245776293,-7.09561056114443
0.113126496869284,1.18206337513492,474.026411017734,22.355163076175,47.4335264661538,463.343531521803,1.21698675723706,11.4954938153325,472.330221696153,73.1132969791418,-2.44387798831248,-6.61260362149014
0.113354794230262,1.18354523587688,474.462038996155,22.3740848196954,47.5432464057224,463.766024606296,1.21863570906344,11.5230209895993,472.76936371348,73.1724472575282,-2.34452464234675,-6.12915067177053
0.113581812530778,1.18517114947609,474.89782826615,22.3925935610732,47.6532312471766,464.189116802277,1.22027543073173,11.5506166623953,473.208566888465,73.2312509603566,-2.24746539856228,-5.64526329602256
0.113806577733359,1.18693730026373,475.333841935396,22.4106882788479,47.7634673035729,464.612812655353,1.22190586408099,11.578279640026,473.647831568346,73.2897095170452,-2.15270105683659,-5.16095306884603
0.114028131710521,1.18883877597822,475.770141277618,22.4283680453132,47.8739407712289,465.037116595033,1.2235269516707,11.6060087228806,474.087158095874,73.3478243665535,-2.06023235822561,-4.67623155510697
0.114245539348234,1.19086959961626,476.206785231526,22.4456320275566,47.9846377322427,465.462032932691,1.22513863678595,11.6338027055206,474.526546809271,73.4055969573233,-1.97005998509617,-4.19111030964233
0.114457895568473,1.19302276857385,476.643829918702,22.4624794884812,48.0955441570891,465.887565859524,1.22674086344253,11.6616603767691,474.9659980422,73.4630287472192,-1.88218456125991,-3.70560087696618
0.114664332234194,1.19529030107795,477.081328184402,22.4789097878089,48.2066459072942,466.31371944451,1.228333576392,11.6895805198007,475.405512123728,73.5201212034697,-1.79660665210852,-3.21971479097708
0.114864024896803,1.19766328988527,477.519329164987,22.4949223830642,48.3179287381886,466.74049763237,1.2299167211267,11.7175619122322,475.845089378289,73.5768758026079,-1.71332676475037,-2.73346357466701
0.115056199342768,1.20013196319067,477.957877885529,22.5105168305363,48.4293783017387,467.167904241529,1.23149024388473,11.7456033262139,476.284730125655,73.6332940304116,-1.63234534814845,-2.24685873983155
0.115240137892519,1.20268575263997,478.397014890888,22.5256927862208,48.5409801494563,467.595942962083,1.23305409165484,11.7737035285208,476.724434680894,73.6893773818442,-1.55366279325972,-1.75991178678152
0.115415185401458,1.20531336828373,478.836775913262,22.5404500067379,48.6527197353863,468.024617353769,1.23460821218135,11.8018612806454,477.164203354344,73.7451273609951,-1.47727943317572,-1.27263420405597
0.115580754909954,1.20800288023764,479.277191578968,22.5547883502273,48.7645824191725,468.453930843951,1.23615255396892,11.8300753388905,477.604036451571,73.8005454810197,-1.40319554326452,-0.785037468136592
0.115736332886773,1.21074180673464,479.718287156844,22.5687077772186,48.8765534692008,468.883886725599,1.23768706628735,11.8583444544624,478.043934273341,73.85563326408,-1.331411341314,-0.297133043163493
0.115881484008798,1.21351720816374,480.160082350377,22.5822083514759,48.9886180658208,469.314488155291,1.23921169917631,11.8866673735654,478.483897115585,73.9103922412845,-1.2619269876764,0.191067619347594
0.11601585541914,1.2163157865936,480.602591135268,22.595290240816,49.1007613046432,469.745738151223,1.24072640344998,11.915042837496,478.923925269363,73.9648239526287,-1.19474258541415,0.679553080786703
0.116139180406143,1.21912399017762,481.045821643807,22.6079537178994,49.2129681999151,470.17763959123,1.24223113070172,11.9434695827381,479.364019020834,74.0189299469345,-1.12985818044697,1.16831191572962
0.116251281447389,1.22192812173324,481.489776097036,22.6201991609926,49.3252236879707,470.610195210821,1.24372583330857,11.971946341059,479.804178651225,74.0727117817907,-1.06727376170026,1.65733271221647
0.116352072565647,1.22471445068586,481.934450785297,22.6320270547011,49.437512630758,471.043407601236,1.24521046443582,12.0004718396053,480.244404436791,74.1261710234928,-1.00698926125472,2.1466040720288
0.116441560948014,1.22746932746905,482.379836097365,22.6434379906718,49.5498198194407,471.477279207516,1.24668497804145,12.0290448010001,480.68469664879,74.1793092469825,-0.94900455449719,2.6361146109654
0.116519847785047,1.2301792993811,482.82591659797,22.6544326682652,49.662129978074,471.911812326598,1.24814932888056,12.05766394344,481.12505555345,74.232128035788,-0.893319460272735,3.12585295911649
0.116587128293652,1.23283122681691,483.272671153112,22.6650118951938,49.7744277673543,472.347009105421,1.24960347250967,12.086327980793,481.565481411931,74.2846289819632,-0.839933741037957,3.61580776113667
0.116643690895674,1.23541239872589,483.72007310218,22.675176588129,49.886697788442,472.782871539073,1.2510473652911,12.1150356226971,482.005974480304,74.3368136860279,-0.788847103015488,4.10596767651628
0.11668991553348,1.23791064609446,484.168090475506,22.684927773273,49.9989245868554,473.219401468945,1.25248096439713,12.1437855746591,482.446535009508,74.388683756907,-0.740059196349682,4.59632137985141
0.116726271114127,1.24031445221752,484.616686255599,22.6942665868963,50.1110926564359,473.656600580924,1.25390422781425,12.1725765381543,482.887163245329,74.44024081187,-0.6935696152635,5.08685756111247
0.116753312084857,1.2426130585095,485.065818679937,22.7031942758395,50.2231864433838,474.094470403612,1.25531711434727,12.2014072107258,483.327859428364,74.4914864764711,-0.649377898216545,5.57756492591123
0.11677167415431,1.24479656461299,485.515441582865,22.7117121979778,50.3351903503616,474.533012306575,1.2567195836234,12.2302762860857,483.768623793993,74.542422384488,-0.607483528064274,6.06843219576649
0.116782069185907,1.24685602159316,485.965504773801,22.719821822649,50.447088740666,474.972227498622,1.25811159609624,12.2591824542156,484.209456572345,74.5930501778617,-0.567885932218345,6.55944810836826
0.116785279301909,1.24878351705901,486.415954448652,22.7275247310426,50.5588659424656,475.412117026125,1.25949311304979,12.2881244014683,484.650357988276,74.6433715066358,-0.530584482808105,7.0506014178405
0.116782150248558,1.25057225112746,486.86673363106,22.7348226165498,50.6705062531045,475.85268177137,1.26086409660231,12.3171008106693,485.09132826133,74.6933880288959,-0.495578496843203,7.54188089500241
0.116773584084098,1.25221660224356,487.317782639858,22.7417172850739,50.7819939434684,476.293922450948,1.26222450971018,12.3461103612198,485.532367605719,74.7431014107087,-0.462867236377311,8.03327532762818
0.116760531262122,1.2537121819862,487.769039578873,22.7482106552993,50.8933132624143,476.73583961419,1.26357431617166,12.3751517291992,485.973476230287,74.7925133260618,-0.432449908672958,8.52477352070538
0.11674398219234,1.2550558781243,488.220440845028,22.7543047589201,51.00444844126,477.178433641635,1.26491348063066,12.4042235874686,486.414654338487,74.8416254568023,-0.404325666367441,9.01636429669179
0.116724958369269,1.25624588533781,488.671921650565,22.7600017408253,51.1153836983334,477.621704743552,1.26624196858033,12.4333246057744,486.855902128348,74.8904394925764,-0.378493607639825,9.50803649577083
0.116704503166321,1.25728172318107,489.123416555044,22.7653038592418,51.2261032435784,478.065652958505,1.26755974636674,12.4624534508528,487.297219792453,74.9389571307686,-0.354952776379007,9.99977897610547
0.116683672398117,1.25816424103745,489.574860002737,22.7702134858336,51.3365912832179,478.510278151961,1.26886678119234,12.4916087865344,487.738607517905,74.9871800764407,-0.333702162352842,10.4915806140907
0.116663524757466,1.25889560999123,490.026186860949,22.7747331057564,51.4468320244693,478.955580014952,1.2701630411195,12.5207892738494,488.180065486307,75.0351100422712,-0.314740701378306,10.9834303046043
0.116645112235277,1.25947930172177,490.477332954832,22.7788653176676,51.5568096803137,479.401558062793,1.27144849507387,12.5499935711332,488.621593873729,75.0827487484941,-0.298067275492702,11.4753169612567
0.116629470631532,1.25992005470142,490.92823559425,22.7826128336902,51.6665084743137,479.848211633844,1.27272311284777,12.5792203341321,489.063192850686,75.1300979228384,-0.283680713125884,11.9672295166386
0.116617610263596,1.26022382814966,491.378834088344,22.7859784793308,51.775912645481,480.295539888335,1.27398686510345,12.6084682161101,489.50486258211,75.1771593004668,-0.271579789273496,12.4591569225677
0.116610506974335,1.26039774435718,491.829070243548,22.7889651933509,51.8850064531887,480.743541807245,1.27523972337631,12.6377358679557,489.946603227325,75.2239346239152,-0.261763225671209,12.9510881503334
0.116609093537131,1.26045002014233,492.278888840954,22.7915760275902,51.9937741821283,481.192216191241,1.27648166007809,12.6670219382889,490.388414940023,75.2704256430314,-0.254229690969951,13.4430121909409
0.116614251547841,1.2603898883352,492.728238089078,22.7938141467428,52.1022001473092,481.641561659678,1.27771264849989,12.696325073569,490.830297868236,75.3166341149143,-0.248977800912112,13.9349180553525
0.116626803885397,1.26022751029901,493.177070048317,22.7956828280843,52.210268699096,482.091576649664,1.27893266281527,12.7256439182025,491.272252154317,75.3625618038533,-0.24600611850872,14.4267947747288
0.116647507813184,1.2599738805931,493.625341023613,22.7971854611506,52.3179642282853,482.542259415181,1.28014167808317,12.7549771146517,491.714277934911,75.4082104812667,-0.245313154217569,14.9186314006671
0.116677048782857,1.25964072495418,494.073011922108,22.7983255473668,52.4252711712152,482.993608026286,1.28133967025078,12.7843233035433,492.156375340932,75.4535819256414,-0.246897366122297,15.4104170054395
0.116716034991114,1.25924039282254,494.520048572869,22.7991066996269,52.5321740149091,483.445620368367,1.2825266161564,12.8136811237776,492.598544497543,75.4986779224714,-0.250757160112392,15.9021406822285
0.116764992728369,1.2587857456671,494.966422006096,22.7995326418234,52.638657302248,483.898294141476,1.28370249353218,12.8430492126378,493.040785524133,75.5435002641975,-0.256890890064126,16.3937915453616
0.116824362546612,1.25829004236788,495.412108689535,22.7996072083259,52.7447056371716,484.351626859734,1.28486728100681,12.8724262059002,493.48309853429,75.5880507501457,-0.2652968580224,16.8853587305445
0.116894496262151,1.25776682289749,495.8570907202,22.7993343434097,52.8503036899026,484.805615850799,1.2860209581081,12.9018107379442,493.925483635784,75.6323311864667,-0.275973314383485,17.3768313950924
0.116975654797785,1.25722979150638,496.301355969875,22.7987181006327,52.955436202195,485.260258255424,1.2871635052656,12.9312014418627,494.367940930545,75.6763433860748,-0.288918458078661,17.86819871816
0.117068006858396,1.25669270056157,496.744898183232,22.7977626421617,53.0600879926,485.715551027074,1.288294903813,12.960596949573,494.81047051464,75.7200891685872,-0.304130436758722,18.35944990097
0.117171628424207,1.25616923611769,497.18771702781,22.796472238047,53.1642439617502,486.171490931636,1.28941513599057,12.9899958919283,495.253072478253,75.7635703602629,-0.321607346979367,18.8505741670402
0.117286503037246,1.25567290621559,497.629818095488,22.7948512654448,53.2678890976562,486.628074547195,1.29052418494753,13.0193968988285,495.695746905667,75.8067887939417,-0.341347234387427,19.3415607624088
0.117412522848942,1.25521693280995,498.07121285548,22.792904207789,53.3710084810157,487.085298263898,1.29162203474422,13.0487985993324,496.138493875243,75.8497463089838,-0.363348093907952,19.8323989558582
0.117549490390438,1.25481414812647,498.511918559267,22.7906356539102,53.4735872905293,487.543158283898,1.29270867035441,13.0781996217697,496.581313459399,75.8924447512086,-0.387607869932129,20.3230780391377
0.117697121022107,1.25447689614517,498.951958098296,22.7880502971031,53.5756108082225,488.001650621375,1.2937840776673,13.1075985938533,497.024205724596,75.9348859728339,-0.414124456506022,20.8135873271842
0.117855046015042,1.2542169398005,499.391359815625,22.7851529341423,53.6770644247694,488.460771102651,1.29484824348967,13.1369941427918,497.467170731314,75.9770718324152,-0.442895697520124,21.3039161583418
0.118022816214748,1.25404537438681,499.830157273093,22.7819484642455,53.7779336448157,488.920515366376,1.29590115554778,13.1663848954025,497.910208534041,76.0190041947849,-0.473919386899714,21.7940538945793
0.118199906236015,1.25397254755883,500.268388975939,22.7784418879859,53.8782040922977,489.380878863819,1.29694280248929,13.1957694782244,498.353319181249,76.0606849309917,-0.507193268796005,22.2839899217068
0.118385719137775,1.25400798622684,500.706098057128,22.7746383061518,53.9778615157547,489.841856859224,1.2979731738851,13.2251465176314,498.796502715383,76.1021159182395,-0.542715037778068,22.7737136495904
0.118579591527507,1.25416033056393,501.143331923992,22.7705429185553,54.0768917936307,490.303444430273,1.29899226023108,13.2545146399465,499.239759172841,76.1432990398271,-0.580482339025531,23.2632145123657
0.118780799046397,1.25443727527214,501.580141870069,22.7661610227893,54.1752809395631,490.765636468625,1.30000005294976,13.2838724715549,499.683088583961,76.1842361850876,-0.620492768522032,23.7524819686492
0.118988562188659,1.25484551819508,502.016582655309,22.7614980129338,54.2730151076554,491.22842768055,1.30099654439191,13.3132186390183,500.126490973003,76.2249292493272,-0.662743873249421,24.2415055017488
0.119202052411089,1.25539071631713,502.452712058084,22.7565593782104,54.3700805977298,491.691812587652,1.30198172783808,13.3425517691893,500.569966358138,76.2653801337654,-0.707233151382704,24.7302746198726
0.119420398491847,1.25607744915475,502.888590402643,22.7513507015872,54.4664638605566,492.155785527687,1.30295559750004,13.3718704893255,501.01351475143,76.305590745474,-0.753958052485701,25.2187788563359
0.119642693100363,1.25690918952163,503.324280065861,22.7458776583328,54.5621515030589,492.620340655461,1.30391814852212,13.4011734272047,501.457136158827,76.3455629973166,-0.802915977707436,25.7070077697667
0.119867999543111,1.25788828163661,503.759844967291,22.7401460145205,54.6571302934863,493.085471943834,1.30486937698257,13.4304592112387,501.900830580141,76.3852988078883,-0.854104279979215,26.1949509443105
0.120095358652416,1.25901592653948,504.195350046681,22.7341616254832,54.751387166557,493.551173184806,1.30580927989471,13.4597264705895,502.344598009045,76.4248001014553,-0.907520264212415,26.6825979898321
0.120323795787524,1.26029217478319,504.630860733172,22.7279304342197,54.8449092285641,494.0174379907,1.30673785520808,13.4889738352832,502.788438433052,76.4640688078945,-0.96316118749694,27.1699385421175
0.120552327918555,1.26171592637957,505.066442410519,22.7214584697516,54.9376837624422,494.484259795437,1.30765510180954,13.5181999363262,503.232351833509,76.5031068626332,-1.02102425930036,27.6569622630726
0.120779970764741,1.26328493798734,505.502159882663,22.7147518454334,55.0296982327921,494.951631855904,1.30856101952417,13.5474034058201,503.676338185583,76.5419162065887,-1.08110664166773,28.143658840922
0.12100574595835,1.26499583734298,505.938076844001,22.7078167572142,55.1209402908595,495.419547253416,1.30945560911626,13.5765828770774,504.120397458256,76.5804987861083,-1.14340544942199,28.6300179904053
0.121228688205026,1.26684414494526,506.374255358656,22.7006594818541,55.2113977794649,495.887998895266,1.31033887229006,13.605736984737,504.564529614309,76.6188565529091,-1.20791775036513,29.1160294529717
0.121447852409776,1.26882430300986,506.810755352984,22.693286375093,55.3010587378812,496.356979516377,1.31121081169054,13.6348643648802,505.008734610314,76.6569914640178,-1.27464056547983,29.6016829969739
0.121662320735809,1.27092971170987,507.24763412545,22.6857038697757,55.3899114066561,496.826481681037,1.31207143090405,13.6639636551462,505.453012396631,76.6949054817108,-1.3435708691319,30.0869684178602
0.121871209560723,1.27315277270878,507.684945877853,22.6779184739314,55.477944232375,497.296497784734,1.31292073445894,13.6930334948483,505.897362917393,76.7326005734542,-1.41470558927314,30.5718755383642
0.12207367629144,1.27548493997354,508.122741271729,22.6699367688099,55.5651458723632,497.767020056077,1.31375872782597,13.7220725250898,506.341786110502,76.7700787118436,-1.48804160764495,31.0563942086943
0.122268925995939,1.27791677782497,508.561067013552,22.6617654068752,55.6515051993215,498.238040558815,1.31458541741881,13.7510793888799,506.786281907622,76.8073418745447,-1.56357575998247,31.540514306721
0.122456217806287,1.28043802614092,508.999965472112,22.6534111097565,55.7370113058948,498.70955119394,1.31540081059432,13.7800527312501,507.230850234174,76.8443920442332,-1.64130483621927,32.0242257381625
0.1226348710441,1.28303767257309,509.43947433122,22.6448806661589,55.8216535091683,499.181543701887,1.31620491565284,13.8089911993702,507.675491009326,76.8812312085353,-1.72122558069267,32.5075184367692
0.122804271016422,1.2857040315729,509.879626280574,22.6361809297333,55.9054213550894,499.654009664817,1.31699774183833,13.8378934426644,508.120204145993,76.9178613599678,-1.80333469234957,32.9903823645064
0.122963874427355,1.28842482994462,510.320448747342,22.6273188169073,55.9883046228119,500.126940508998,1.31777929933849,13.8667581129275,508.56498955083,76.9542844958785,-1.88762882495284,33.4728075117357
0.123113214348826,1.29118729855752,510.761963670666,22.6183013046789,56.0702933289597,500.600327507261,1.31854959928473,13.8955838644413,509.009847124229,76.9905026183872,-1.9741045872883,33.9547838973946
0.123251904692774,1.29397826975446,511.204187320972,22.6091354283717,56.1513777318058,501.074161781556,1.31930865375211,13.9243693540907,509.454776760315,77.0265177343256,-2.0627585433721,34.4363015691749
0.123379644126969,1.29678427989425,511.647130165588,22.5998282793554,56.2315483353657,501.548434305589,1.32005647575918,13.9531132414797,509.899778346945,77.0623318551783,-2.15358721265878,34.9173506036994
0.123496219377768,1.29959167636195,512.090796781806,22.590387002731,56.3107958934004,502.023135907536,1.32079307926773,13.9818141890477,510.344851765704,77.0979469970234,-2.24658707024971,35.3979211066969
0.123601507865483,1.30238672827794,512.535185818137,22.5808187949826,56.3891114133271,502.498257272856,1.32151847918247,14.0104708621858,510.789996891905,77.1333651804733,-2.34175454710205,35.8780032131761
0.123695479621725,1.30515574003599,512.980290004125,22.5711309015964,56.4664861600341,502.973788947172,1.3222326913506,14.0390819293524,511.235213594589,77.1685884306158,-2.4390860302383,36.3575870875977
0.123778198443152,1.3078851667058,513.426096208665,22.561330614649,56.5429116595983,503.44972133924,1.3229357325613,14.0676460621898,511.680501736523,77.2036187769547,-2.53857786295615,36.8366629240449
0.123849822242483,1.31056173024971,513.872585546408,22.5514252703656,56.6183797029012,503.926044723997,1.32362762054521,14.0961619356395,512.125861174203,77.238458253351,-2.64022634503897,37.3152209463928
0.123910602565308,1.31317253542986,514.319733531407,22.5414222466496,56.6928823491416,504.402749245683,1.32430837397368,14.1246282280586,512.571291757854,77.273108897964,-2.74402773296663,37.793251408476
0.12396088325015,1.31570518422292,514.767510276789,22.5313289605847,56.7664119292421,504.879824921043,1.32497801245808,14.1530436213351,513.01679333143,77.3075727531926,-2.84997824012684,38.2707445942546
0.124001098219185,1.3181478875181,515.215880738846,22.5211528659116,56.8389610491471,505.357261642599,1.32563655654891,14.1814068010039,513.462365732621,77.3418518656165,-2.95807403702691,38.7476908179785
0.124031768397828,1.32048957285197,515.664805003574,22.5109014504795,56.91052259301,505.835049182002,1.32628402773493,14.2097164563622,513.908008792852,77.3759482859375,-3.06831125150591,39.2240804243514
0.124053497772906,1.32271998693258,516.114238613337,22.500582233675,56.9810897262661,506.313177193443,1.32692044844211,14.2379712805846,514.353722337289,77.4098640689213,-3.18068596894728,39.6999037886913
0.124066968611057,1.32482979172627,516.564132930978,22.4902027638289,57.0506558985908,506.791635217144,1.32754584203256,14.2661699708389,514.799506184844,77.4436012733387,-3.29519423249184,40.1751513170914
0.124072935871068,1.32681065292452,517.014435538424,22.4797706156026,57.119214846739,507.270412682906,1.32816023280331,14.2943112284008,515.24536014818,77.4771619619075,-3.41183204325121,40.6498134465783
0.124072220855882,1.32865531967439,517.465090666481,22.4692933873566,57.1867605972654,507.749498913733,1.32876364598509,14.3223937587687,515.691284033713,77.5105482012341,-3.53059536052154,41.1238806452693
0.124065704161607,1.33035769454462,517.91603965232,22.4587786985001,57.2532874691214,508.228883129504,1.32935610774094,14.3504162717789,516.137277641625,77.5437620617555,-3.65148010199778,41.5973434125278
0.124054317991868,1.33191289280834,518.367221420862,22.4482341868265,57.3187900761291,508.708554450714,1.32993764516481,14.3783774817197,516.583340765866,77.5768056176812,-3.77448214398813,42.0701922791173
0.124039037915865,1.33331729025142,518.818572986099,22.4376675058335,57.3832633293285,509.188501902275,1.33050828627997,14.4062761074461,517.029473194166,77.6096809469352,-3.89959732162898,42.5424178073544
0.124020874157498,1.33456855885972,519.270029968213,22.4270863220307,57.4467024391975,509.668714417364,1.33106806003744,14.4341108724937,517.475674708041,77.6423901310983,-4.02682142910018,43.0140105912596
0.124000862510409,1.33566568989666,519.721527122205,22.4164983122363,57.5091029177419,510.149180841327,1.3316169963143,14.4618805051926,517.9219450828,77.67493525535,-4.15615021984057,43.4849612567068
0.123980054979871,1.33660900405078,520.17299887368,22.4059111608637,57.5704605804552,510.629889935642,1.33215512591185,14.489583738781,518.36828408756,77.7073184084116,-4.28757940676396,43.9552604615716
0.123959510256729,1.3374001485088,520.624379857328,22.3953325572006,57.6307715481448,511.110830381912,1.33268248055379,14.517219311519,518.814691485256,77.7395416824878,-4.42110466247533,44.4248988958781
0.123940284131151,1.33804208098765,521.075605453672,22.3847701926816,57.6900322486252,511.591990785923,1.33319909288423,14.5447859668012,519.261167032648,77.7716071732098,-4.55672161948742,44.8938672819436
0.123923419954618,1.33853904093752,521.526612319612,22.3742317581551,57.7482394182755,512.07335968173,1.33370499646563,14.5722824532699,519.707710480335,77.8035169795779,-4.69442587043755,45.3621563745226
0.12390993925735,1.33889650830116,521.977338908408,22.3637249411485,57.8053901034602,512.554925535793,1.33420022577668,14.5997075249275,520.154321572772,77.8352732039043,-4.83421296830479,45.829756960949
0.123900832625402,1.33912115038048,522.427725974774,22.3532574231303,57.8614816618136,513.03667675114,1.33468481621009,14.6270599412488,520.601000048276,77.8668779517558,-4.97607842662738,46.2966598612764
0.123897050936813,1.33922075751541,522.877717060937,22.342836876773,57.9165117633839,513.518601671577,1.33515880407025,14.654338467293,521.047745639046,77.8983333318971,-5.12001771972046,46.7628559284177
0.123899497049857,1.33920416841949,523.32725895965,22.3324709632175,57.9704783916399,514.000688585919,1.33562222657084,14.6815418738153,521.494558071174,77.9296414562337,-5.266026282894,47.2283360482831
0.123909018028554,1.3390811861387,523.776302150337,22.3221673293407,58.0233798443359,514.482925732254,1.33607512183234,14.7086689373782,521.941437064664,77.9608044397555,-5.41409951267108,47.6930911399154
0.123926397981504,1.33886248570274,524.224801204803,22.3119336050277,58.0752147342369,514.965301302239,1.33651752887948,14.7357184404621,522.388382333445,77.9918244004798,-5.56423276700634,48.157112155626
0.123952351579956,1.33855951461929,524.672715159183,22.3017774004508,58.1259819897014,515.447803445408,1.33694948763856,14.7626891715765,522.835393585389,78.0227034593947,-5.71642136550469,48.6203900811275
0.12398751831013,1.33818438742075,525.120007849082,22.2917063033567,58.1756808551235,515.930420273507,1.33737103893468,14.7895799253696,523.28247052233,78.0534437404032,-5.87066058964024,49.0829159356656
0.124032457503365,1.33774977550938,525.566648205188,22.2817278763627,58.2243108912318,516.413139864849,1.33778222448896,14.8163895027382,523.72961284008,78.0840473702664,-6.02694568297551,49.5446807721499
0.124087644176006,1.33726879355998,526.012610506957,22.2718496542648,58.2718719752466,516.895950268679,1.33818308691556,14.8431167109374,524.176820228448,78.1145164785478,-6.18527185138076,50.0056756772826
0.124153465699303,1.33675488373119,526.457874592313,22.2620791413586,58.3183643008942,517.378839509549,1.33857366971872,14.8697603636892,524.624092371264,78.1448531975569,-6.34563426325358,50.465891771686
0.124230219308237,1.33622169890699,526.902426021696,22.2524238087743,58.3637883782791,517.861795591709,1.33895401728961,14.8963192812911,525.071428946392,78.1750596622934,-6.50802804973865,50.9253202100286
0.124318110447375,1.33568298614196,527.346256195139,22.2428910918282,58.4081450336128,518.344806503497,1.3393241749032,14.9227922907244,525.518829625759,78.2051380103913,-6.67244830494771,51.3839521811499
0.12441725194175,1.33515247141917,527.789362421463,22.2334883873911,58.4514354088022,518.827860221736,1.33968418871495,14.9491782257616,525.96629407537,78.2350903820638,-6.83889008617967,51.8417789081831
0.12452766397165,1.33464374675052,528.231747939058,22.2242230512767,58.493660960894,519.310944716129,1.34003410575747,14.9754759270736,526.413821955335,78.2649189200469,-7.00734841414093,52.2987916486774
0.124649274822115,1.33417016055927,528.673421888133,22.2151023956498,58.5348234613796,519.79404795365,1.34037397393708,15.0016842423367,526.861412919891,78.2946257695445,-7.17781827316581,52.7549816947176
0.12478192237109,1.33374471218609,529.114399234693,22.206133686457,58.5749249953577,520.277157902933,1.34070384203025,15.0278020263382,527.309066617424,78.3242130781734,-7.35029461143713,53.2103403730436
0.124925356274608,1.33337995125677,529.554700646896,22.1973241408812,58.6139679605577,520.760262538646,1.34102375968003,15.0538281410829,527.756782690499,78.3536829959073,-7.52477234120702,53.6648590451674
0.12507924080307,1.33308788254439,529.994352324855,22.1886809248205,58.6519550662228,521.24334984586,1.34133377739229,15.0797614558973,528.204560775877,78.3830376750227,-7.70124633901774,54.1185291074891
0.125243158279733,1.33287987685453,530.433385785284,22.1802111503946,58.6888893318555,521.7264078244,1.341633946532,15.1056008475352,528.652400504549,78.4122792700435,-7.87971144592269,54.5713419914117
0.125416613070718,1.33276658836183,530.87183760279,22.1719218734784,58.7247740858244,522.209424493179,1.34192431931927,15.1313452002811,529.100301501759,78.4414099376862,-8.06016246770754,55.0232891634539
0.125599036075314,1.33275787873246,531.309749109931,22.1638200912651,58.7596129638357,522.692387894508,1.34220494882546,15.1569934060542,529.548263387029,78.4704318368057,-8.24259417511141,55.4743621253619
0.125789789665701,1.3328627482812,531.747166058518,22.1559127398599,58.7934099072683,523.17528609839,1.34247588896911,15.182544364511,529.996285774195,78.4993471283405,-8.42700130404825,55.9245524142199
0.125988173026588,1.33308927433691,532.184138244931,22.1482066919063,58.8261691613755,523.658107206786,1.34273719451179,15.2079969831482,530.444368271426,78.5281579752583,-8.6133785558282,56.3738516025585
0.126193427847216,1.33344455692585,532.62071910251,22.1407087542452,58.857895273354,524.140839357847,1.3429889210539,15.2333501774038,530.892510481263,78.5568665425023,-8.80172059737909,56.8222512984628
0.126404744320698,1.33393467183058,533.056965264356,22.1334256656084,58.8885930902818,524.623470730122,1.34323112503036,15.258602870759,531.34071200064,78.5854749969364,-8.992022061468,57.2697431456778
0.126621267408524,1.3345646310422,533.4929361001,22.126364094349,58.9182677569264,525.105989546725,1.34346386370626,15.2837539948384,531.788972420924,78.6139855072919,-9.18427754692291,57.7163188237134
0.126842103330977,1.33533835059572,533.928693230418,22.1195306362079,58.9469247134253,525.588384079476,1.3436871951723,15.30880248951,532.237291327939,78.6424002441134,-9.37848161885436,58.1619700479476
0.127066326247083,1.33625862576159,534.364300023234,22.1129318121189,58.9745696928401,526.070642652991,1.34390117834035,15.3337473029846,532.685668302004,78.6707213797053,-9.57462880887718,58.6066885697283
0.127292985090379,1.33732711355894,534.799821075719,22.1065740660534,59.0012087185872,526.552753648736,1.34410587293872,15.3585873919144,533.134102917962,78.6989510880782,-9.77271361533231,59.0504661764738
0.127521110528935,1.33854432255681,535.235321686282,22.1004637629058,59.0268481017453,527.034705509039,1.34430133950748,15.3833217214909,533.582594745217,78.7270915448958,-9.97273050350852,59.4932946917719
0.127749722019801,1.33990960993695,535.670867320859,22.0946071864201,59.0514944382435,527.516486741054,1.34448763939365,15.4079492655424,534.031143347764,78.7551449274212,-10.1746739058643,59.9351659754773
0.127977834929042,1.3414211858017,536.106523077819,22.0890105371594,59.0751546059307,527.998085920672,1.34466483474629,15.4324690066305,534.47974828423,78.7831134144645,-10.3785382222498,60.3760719238083
0.128204467688858,1.34307612472327,536.542353155848,22.0836799305189,59.0978357615297,528.479491696387,1.34483298851158,15.456879936146,534.928409107906,78.8109991863291,-10.5843178201285,60.8160044694414
0.128428648962862,1.34487038454135,536.978420329131,22.0786213947843,59.1195453374777,528.960692793107,1.3449921644277,15.4811810544041,535.377125366783,78.8388044247599,-10.792007034799,61.2549555816051
0.128649424789441,1.34679883242396,537.414785434089,22.073840869235,59.140291038655,529.441678015906,1.34514242701975,15.505371370739,535.82589660359,78.8665313128897,-11.0016001696174,61.6929172661719
0.128865865671286,1.34885527820849,537.851506871861,22.0693442022936,59.1600808390059,529.922436253724,1.34528384159452,15.5294499035974,536.274722355833,78.8941820351876,-11.2130914962183,62.1298815657491
0.129077073576699,1.35103251503433,538.28864013057,22.0651371497239,59.1789229780529,530.402956483003,1.34541647423516,15.5534156806317,536.723602155832,78.9217587774059,-11.4264752547375,62.5658405597683
0.12928218881539,1.3533223672634,538.726237331267,22.061225372876,59.196825957307,530.883227771264,1.34554039179586,15.5772677387921,537.172535530763,78.9492637265286,-11.641745654033,63.0007863645736
0.129480396748137,1.35571574565948,539.164346801256,22.0576144369805,59.2137985365779,531.36323928062,1.34565566189635,15.6010051244179,537.621522002691,78.9766990707191,-11.8588968719074,63.4347111335082
0.129670934286241,1.3582027097597,539.603012678283,22.0543098094927,59.2298497301851,531.842980271223,1.34576235291637,15.6246268933285,538.070561088618,79.0040669992682,-12.077923055329,63.8676070569996
0.129853096133222,1.36077253732228,540.042274548836,22.0513168584866,59.2449888030739,532.322440104647,1.34586053399007,15.6481321109131,538.519652300522,79.0313697025426,-12.2988183206539,64.2994663626441
0.130026240717944,1.36341380067334,540.482167123506,22.0486408511007,59.2592252668386,532.801608247194,1.34595027500029,15.6715198522195,538.968795145395,79.0586093719335,-12.5215767538475,64.730281315289
0.130189795765485,1.36611444970288,540.922719952093,22.0462869520341,59.2725688756564,533.280474273145,1.34603164657282,15.6947892020427,539.41798912529,79.0857881998047,-12.7461924107058,65.1600442171145
0.130343263449835,1.36886190117717,541.36395718079,22.044260222096,59.2850296221339,533.759027867923,1.34610472007052,15.7179392550119,539.867233737362,79.112908379442,-12.9726593170769,65.5887474077131
0.130486225071016,1.3716431339433,541.805897353478,22.0425656168069,59.29661773307,534.237258831193,1.34616956758739,15.7409691156774,540.316528473912,79.1399721050016,-13.2009714690828,66.0163832641688
0.130618345198737,1.37444478950355,542.24855325876,22.0412079850537,59.3073436651378,534.715157079886,1.34622626194257,15.7638778985962,540.765872822433,79.1669815714594,-13.4311228333399,66.4429442011342
0.130739375225315,1.37725327733493,542.691931824044,22.0401920677973,59.3172181004895,535.192712651144,1.34627487667428,15.7866647284165,541.215266265651,79.1939389745602,-13.6631073471808,66.8684226709068
0.13084915627243,1.38005488422577,543.136034057563,22.0395224968349,59.3262519422854,535.669915705191,1.34631548603364,15.8093287399621,541.664708281574,79.2208465107671,-13.8969189188752,67.2928111635032
0.130947621399459,1.38283588679893,543.58085503886,22.0392037936167,59.3344563101523,536.146756528127,1.34634816497842,15.8318690783151,542.114198343539,79.2477063772113,-14.1325514278507,67.7161022067333
0.131034797065643,1.38558266629398,544.026383957838,22.039240368116,59.3418425355737,536.623225534638,1.34637298916676,15.8542848988984,542.563735920255,79.2745207716413,-14.3699987249138,68.1382883662718
0.131110803804223,1.38828182459091,544.472604202123,22.0396365177555,59.3484221572139,537.099313270632,1.3463900349508,15.8765753675564,543.013320475853,79.301291892373,-14.6092546324704,68.5593622457292
0.131175856073895,1.39092030037914,544.919493492038,22.0403964263876,59.354206916181,537.575010415793,1.34639937937017,15.8987396606358,543.462951469936,79.3280219382402,-14.8503129447468,68.9793164867215
0.131230261261349,1.39348548431058,545.367024062143,22.0415241633302,59.3592087512313,538.050307786048,1.34640110014551,15.9207769650648,543.912628357622,79.354713108544,-15.0931674280098,69.398143768938
0.131274417818226,1.39596533192675,545.815162887871,22.0430236824578,59.3634397939173,538.52519633596,1.34639527567185,15.9426864784316,544.3623505896,79.3813676030037,-15.3378118207869,69.8158368102087
0.131308812526328,1.3983484731198,546.263871955448,22.0448988213478,59.3669123636846,538.999667161033,1.34638198501193,15.9644674090617,544.812117612176,79.4079876217073,-15.5842398340868,70.2323883665697
0.131334016896155,1.40062431687775,546.713108572892,22.0471533004825,59.3696389629195,539.473711499934,1.34636130788948,15.9861189760946,545.261928867321,79.4345753650621,-15.8324451516191,70.6477912323274
0.131350682715631,1.40278315007636,547.162825719573,22.049790722506,59.3716322719511,539.947320736634,1.34633332468236,16.0076404095593,545.711783792731,79.4611330337452,-16.0824214300143,71.062038240122
0.13135953677794,1.40481622911474,547.61297243147,22.0528145715369,59.3729051440108,540.420486402463,1.34629811641574,16.0290309504489,546.161681821867,79.4876628286554,-16.3341622990431,71.4751222609891
0.131361374829452,1.40671586324925,548.063494218974,22.0562282125362,59.3734706001533,540.89320017808,1.34625576475506,16.0502898507939,546.611622384017,79.5141669508635,-16.5876613618364,71.8870362044201
0.131357054790518,1.40847548855991,548.514333513797,22.0600348907299,59.3733418241415,541.36545389536,1.34620635199911,16.0714163737353,547.061604904344,79.5406476015642,-16.8429121951041,72.297773018422
0.131347489313199,1.41008973158474,548.965430141312,22.0642377310869,59.3725321572994,541.837239539196,1.34614996107283,16.0924097935954,547.511628803938,79.5671069820273,-17.0999083493544,72.7073256895747
0.131333637750432,1.41155446177787,549.41672181444,22.068839737852,59.3710550933357,542.308549249217,1.34608667552023,16.1132693959491,547.961693499875,79.5935472935497,-17.3586433491125,73.1156872430884
0.131316497620564,1.41286683208561,549.868144644982,22.0738437941323,59.3689242731412,542.779375321419,1.34601657949715,16.1339944776927,548.411798405268,79.6199707374072,-17.6191106931395,73.5228507428589
0.131297095659316,1.41402530708735,550.319633668195,22.0792526615392,59.3661534795642,543.249710209714,1.34593975776394,16.1545843471129,548.86194292932,79.6463795148061,-17.8813038546508,73.928809291522
0.131276478557866,1.4150296783134,550.771123376259,22.0850689798832,59.3627566321664,543.719546527395,1.34585629567814,16.1750383239537,549.312126477384,79.6727758268361,-18.1452162815342,74.3335560305063
0.131255703490786,1.41588106652429,551.222548256214,22.0912952669231,59.3587477819623,544.188877048514,1.34576627918701,16.1953557394831,549.762348451018,79.6991618744222,-18.410841396568,74.7370841400854
0.131235828540785,1.41658191091439,551.673843327937,22.0979339181673,59.3541411061461,544.657694709179,1.34566979482011,16.2155359365583,550.212608248037,79.7255398582772,-18.6781725976389,75.1393868394281
0.131217903128641,1.41713594538108,552.124944677681,22.104987206729,59.3489509028089,545.12599260877,1.34556692968172,16.2355782696894,550.662905262577,79.751911978855,-18.9472032579591,75.5404573866482
0.131202958556245,1.41754816217654,552.575789982778,22.1124572832327,59.3431915856488,545.593764011065,1.34545777144321,16.2554821051032,551.113238885147,79.7782804363025,-19.2179267262844,75.9402890788525
0.131191998768361,1.41782476342859,553.026319023163,22.1203461757732,59.3368776786781,546.061002345291,1.34534240833541,16.2752468208049,551.56360850269,79.8046474304137,-19.4903363271302,76.3388752521874
0.131185991434636,1.41797310117567,553.476474175494,22.1286557899253,59.3300238109296,546.527701207091,1.34522092914086,16.2948718066385,552.01401349864,79.8310151605823,-19.7644253609894,76.7362092818853
0.131185859447597,1.41800160670716,553.926200885801,22.1373879088044,59.3226447111659,546.993854359408,1.345093423186,16.3143564643475,552.464453252983,79.8573858257551,-20.0401871045481,77.1322845823085
0.131192472925095,1.41791971012895,554.375448116758,22.1465441931771,59.3147552025945,547.459455733293,1.34495998033338,16.3337002076326,552.914927142313,79.883761624386,-20.317614810902,77.5270946069931
0.131206641797009,1.41773775118536,554.824168765912,22.1561261816216,59.3063701975907,547.924499428633,1.34482069097366,16.3529024622099,553.365434539896,79.9101447543894,-20.5967017097728,77.9206328486908
0.13122910904626,1.41746688245795,555.272320051444,22.166135290736,59.2975046924333,548.388979714794,1.34467564601774,16.3719626658669,553.815974815728,79.9365374130941,-20.8774410077235,78.3128928394097
0.13126054466357,1.41711896613021,555.719863862289,22.1765728153962,59.2881737620534,548.852891031197,1.34452493688868,16.3908802685177,554.266547336596,79.9629417971975,-21.159825888374,78.7038681504547
0.131301540364115,1.41670646555217,556.166767069783,22.1874399290596,59.2783925548019,549.316227987811,1.34436865551364,16.4096547322575,554.717151466139,79.9893601027202,-21.443849512616,79.0935523924656
0.131352605102642,1.41624233286153,556.613001798283,22.198737684117,59.2681762872357,549.77898536557,1.34420689431573,16.4282855314149,555.167786564912,80.0157945249599,-21.7295050188283,79.4819392154546
0.131414161411921,1.41573989391818,557.058545652593,22.2104670122889,59.2575402389275,550.241158116722,1.34403974620587,16.446772152604,555.618451990446,80.0422472584461,-22.0167855230906,79.8690223088427
0.13148654257792,1.41521273178779,557.503381900343,22.2226287250687,59.246499747301,550.702741365093,1.34386730457449,16.4651140947749,556.069147097311,80.0687204968955,-22.3056841193986,80.2547954014949
0.13156999065401,1.41467456996922,557.94749960788,22.2352235142088,59.2350702024943,551.163730406295,1.34368966328329,16.4833108692631,556.519871237178,80.0952164331662,-22.596193879877,80.6392522617538
0.131664655306125,1.41413915650232,558.390893728593,22.2482519522507,59.2232670422533,551.624120707849,1.34350691665687,16.5013619998375,556.970623758885,80.1217372592135,-22.8883078549937,81.0223866974726
0.131770593471246,1.41362015001874,558.833565142991,22.2617144930983,59.2111057468594,552.083907909245,1.34331915947434,16.5192670227477,557.421404008499,80.1482851660445,-23.182019073773,81.4041925560469
0.131887769803091,1.4131310087125,559.275520650247,22.2756114726324,59.1986018340919,552.543087821934,1.34312648696089,16.5370254867693,557.87221132938,80.1748623436746,-23.477320544008,81.7846637244452
0.13201605787153,1.41268488311175,559.716772911311,22.2899431093661,59.1857708542293,553.00165642925,1.34292899477928,16.5546369532491,558.323045062245,80.2014709810822,-23.774205252474,82.1637941292377
0.132155242076151,1.412294513431,560.157340344114,22.3047095051409,59.1726283850901,553.459609886268,1.34272677902133,16.5721009961478,558.773904545236,80.2281132661653,-24.0726661651401,82.5415777366256
0.132305020229615,1.41197213217888,560.597246971733,22.3199106458609,59.1591900271172,553.916944519603,1.34251993619929,16.5894172020826,559.224789113982,80.254791385697,-24.3726962273812,82.9180085524671
0.13246500676291,1.4117293725908,561.036522224804,22.3355464022664,59.1454713985066,554.373656827135,1.34230856323726,16.6065851703679,559.675698101665,80.2815075252822,-24.6742883641898,83.2930806223044
0.132634736502408,1.41157718335443,561.475200699821,22.3516165307436,59.131488130383,554.829743477681,1.34209275746248,16.6236045130548,560.126630839087,80.3082638693137,-24.977435480387,83.6667880313879
0.132813668967568,1.4115257499987,561.91332187532,22.3681206741712,59.1172558620253,555.285201310608,1.34187261659661,16.64047485497,560.577586654735,80.3350626009289,-25.2821304608334,84.0391249047004
0.133001193138162,1.41158442322808,562.350929788279,22.3850583628021,59.1027902361427,555.740027335383,1.34164823874701,16.6571958337524,561.028564874851,80.3619059019663,-25.5883661706394,84.4100854069794
0.133196632640879,1.41176165440449,562.788072673398,22.4024290151795,59.0881068942033,556.194218731068,1.34141972239787,16.6737670998894,561.479564823493,80.388795952923,-25.8961354553754,84.7796637427391
0.133399251306901,1.41206493831045,563.2248025682,22.4202319390857,59.073221471819,556.647772845763,1.3411871664014,16.6901883167515,561.930585822607,80.4157349329112,-26.2054311412816,85.1478541562907
0.133608259054379,1.41250076327023,563.661174887184,22.4384663325245,59.0581495941859,557.100687195987,1.34095066996897,16.7064591606256,562.381627192094,80.442725019616,-26.5162460354772,85.5146509317618
0.133822818052474,1.41307456866131,564.097247968515,22.4571312847332,59.0429068715837,557.552959466018,1.34071033266214,16.7225793207471,562.832688249873,80.4697683892526,-26.8285729261692,85.8800483931147
0.13404204912654,1.41379070981567,564.533082596919,22.4762257772264,59.0275088949356,558.004587507175,1.34046625438371,16.7385484993309,563.283768311957,80.4968672165239,-27.1424045828613,86.244040904164
0.134265038366955,1.41465243028931,564.968741506693,22.4957486848674,59.0119712314288,558.455569337054,1.34021853536875,16.754366411601,563.734866692514,80.5240236745785,-27.4577337565616,86.6066228685921
0.134490843906865,1.41566184146751,565.404288868848,22.5156987769697,58.9963094201998,558.905903138712,1.33996727617551,16.7700327858186,564.185982703939,80.5512399349689,-27.7745531799907,86.967788729965
0.134718502836482,1.41681990947098,565.839789766579,22.5360747184233,58.980538968083,559.355587259814,1.33971257767641,16.7855473633094,564.637115656924,80.5785181676092,-28.0928555677889,87.327532971746
0.134947038223478,1.41812644933295,566.275309663295,22.5568750708494,58.9646753454263,559.80462021173,1.33945454104891,16.800909898489,565.088264860521,80.605860540734,-28.4126336167232,87.6858501173088
0.135175466210343,1.4195801264265,566.710913867564,22.5780982937783,58.9487339819737,560.253000668586,1.33919326776634,16.8161201588878,565.53942962222,80.6332692208565,-28.7338800058935,88.0427347299495
0.135402803160142,1.42117846513327,567.146666999284,22.5997427458521,58.9327302628164,560.700727466284,1.3389288595888,16.8311779251737,565.990609248011,80.6607463727278,-29.0565873969391,88.3981814128976
0.135628072822012,1.42291786475664,567.582632461453,22.6218066860505,58.9166795244141,561.147799601477,1.33866141855389,16.846082991174,566.441803042457,80.6882941592952,-29.380748434244,88.7521848093255
0.13585031348687,1.42479362269155,568.0188719218,22.6442882749374,58.9005970506867,561.594216230502,1.33839104696756,16.8608351638964,566.893010308764,80.7159147416617,-29.7063557451426,89.1047396023579
0.136068585102209,1.42679996486801,568.455444808515,22.6671855759297,58.8844980691782,562.039976668284,1.33811784739476,16.8754342635477,567.34423034885,80.7436102790454,-30.0334019401238,89.4558405150792
0.136281976312662,1.42893008348284,568.892407824171,22.6904965565848,58.8683977472935,562.485080387207,1.33784192265024,16.889880123552,567.795462463414,80.7713829287384,-30.3618796130361,89.8054823105405
0.136489611390246,1.43117618202329,569.32981448179,22.7142190899069,58.8523111886084,562.92952701594,1.33756337578916,16.9041725905672,568.246705952009,80.7992348460673,-30.6917813412908,90.1536597917655
0.136690657015002,1.43352952756482,569.76771466685,22.7383509556716,58.8362534292545,563.373316338243,1.33728231009783,16.9183115245005,568.697960113111,80.8271681843522,-31.0230996860663,90.500367801755
0.136884328863363,1.43598051029277,570.206154228799,22.7628898417662,58.8202394343794,563.816448291743,1.33699882908429,16.9322967985223,569.14922424419,80.8551850948672,-31.3558271925101,90.8456012234909
0.137069897958061,1.43851871015303,570.64517460541,22.7878333455459,58.8042840946822,564.258922966672,1.33671303646895,16.9461282990786,569.60049764178,80.8832877268004,-31.6899563899423,91.189354979939
0.137246696730013,1.44113297048045,571.084812483071,22.8131789752051,58.7884022230265,564.700740604586,1.33642503617519,16.959805925903,570.051779601551,80.9114782272146,-32.0254797920572,91.5316240340504
0.137414124739602,1.44381147838508,571.525099495774,22.838924151161,58.772608551129,565.141901597058,1.33613493231989,16.9733295920262,570.503069418378,80.9397587410073,-32.3623898971249,91.8724033887632
0.137571654002221,1.44654185159776,571.966061965311,22.8650662074507,58.756917726327,565.582406484346,1.33584282920404,16.9866992237847,570.954366386415,80.968131410872,-32.7006791881927,92.2116880870012
0.137718833861172,1.44931123138807,572.4077206848,22.8916023931391,58.7413443084222,566.022255954033,1.33554883130323,16.9999147608287,571.405669799164,80.9965983772588,-33.0403401332858,92.5494732116737
0.137855295350097,1.45210638107186,572.850090747354,22.9185298737376,58.7259027666042,566.461450839657,1.33525304325817,17.0129761561276,571.856978949545,81.0251617783355,-33.3813651856072,92.8857538856729
0.137980754987289,1.45491378952489,573.293181421319,22.945845732632,58.7106074764511,566.899992119312,1.3349555698652,17.0258833759752,572.308293129973,81.0538237499491,-33.7237467837378,93.2205252718708
0.138095017945562,1.4577197790154,573.736996073143,22.9735469725189,58.6954727170088,567.337880914231,1.33465651606676,17.0386363999929,572.759611632421,81.0825864255873,-34.0674773518355,93.5537825731156
0.138197980544019,1.4605106165657,574.181532138548,23.00163051685,58.68051266795,567.77511848736,1.33435598694188,17.0512352211315,573.210933748499,81.1114519363396,-34.412549299834,93.885521032226
0.138289632011992,1.46327262795293,574.626781142276,23.0300932112817,58.6657414068106,568.211706241907,1.3340540876966,17.0636798456728,573.66225876952,81.1404224108599,-34.758955023641,94.2157359319862
0.13837005548082,1.46599231336607,575.072728766291,23.0589318251319,58.6511729063052,568.647645719878,1.33375092365441,17.0759702932282,574.113585986575,81.1694999753279,-35.106686905336,94.544422595138
0.138439428165773,1.46865646365302,575.519354965925,23.0881430528401,58.6368210317216,569.082938600608,1.33344660024673,17.0881065967372,574.564914690603,81.1986867534119,-35.4557373133678,94.8715763843738
0.13849802070842,1.47125227602031,575.966634133046,23.1177235154317,58.6226995383934,569.517586699267,1.33314122300328,17.1000888024642,575.016244172462,81.2279848662305,-35.8060986027509,95.1971927023276
0.138546195658836,1.47376746799288,576.414535304957,23.1476697619848,58.6088220692506,569.951591965366,1.33283489754249,17.1119169699938,575.467573723,81.2573964323155,-36.1577631152623,95.5212669915652
0.138584405087217,1.47619038840339,576.863022417341,23.1779782710997,58.5952021524486,570.384956481246,1.33252772956193,17.1235911722252,575.91890263313,81.2869235675749,-36.5107231796366,95.8437947345737
0.138613187325428,1.47851012416253,577.312054599208,23.2086454523677,58.5818531990747,570.817682460564,1.3322198248287,17.1351114953648,576.370230193897,81.3165683852553,-36.8649711117618,96.1647714537501
0.138633162850622,1.48071660156541,577.761586507435,23.239667647842,58.5687885009317,571.249772246767,1.33191128916978,17.1464780389177,576.821555696552,81.3463329959054,-37.2204992148739,96.484192711389
0.138645029335035,1.48280068091441,578.211568698198,23.2710411335061,58.5560212283986,571.68122831156,1.33160222846249,17.1576909156779,577.272878432621,81.3762195073391,-37.5772997797511,96.802054109669
0.13864955589816,1.4847542432877,578.661948032212,23.3027621207417,58.5435644283674,572.112053253373,1.33129274862478,17.1687502517172,577.724197693979,81.406230024599,-37.9353650849073,97.1183512906388
0.138647576609452,1.48657026835321,579.112668110502,23.3348267577937,58.5314310222556,572.542249795816,1.33098295560568,17.1796561863729,578.17551277292,81.43636664992,-38.2946873967856,97.4330799362017
0.138639983301202,1.48824290222081,579.563669737076,23.3672311312318,58.5196338040943,572.971820786138,1.33067295537566,17.1904088722333,578.626822962229,81.4666314826933,-38.6552589699508,97.7462357681003
0.138627717762065,1.48976751443832,580.014891404724,23.399971267409,58.5081854386902,573.400769193677,1.33036285391696,17.2010084751237,579.078127555249,81.4970266194303,-39.0170720472814,98.0578145478993
0.13861176339157,1.49114074336879,580.466269799909,23.4330431339138,58.497098459862,573.829098108313,1.33005275721405,17.211455174089,579.529425845958,81.5275541537267,-39.3801188601613,98.3678120769674
0.138593136404582,1.49236052933334,580.91774032259,23.4664426410185,58.4863852687491,574.256810738916,1.32974277124393,17.2217491613765,579.980717129034,81.558216176227,-39.744391628671,98.6762241964595
0.138572876681991,1.49342613506498,581.369237616675,23.5001656431194,58.4760581321935,574.683910411798,1.32943300196656,17.2318906424167,580.432000699932,81.5890147745889,-40.1098825617778,98.9830467872968
0.138552038369547,1.49433815318843,581.820696106718,23.5342079401721,58.4661291811921,575.110400569162,1.32912355531524,17.241879835803,580.883275854948,81.6199520334483,-40.4765838575257,99.2882757701465
0.138531680330724,1.4950985006176,582.272050536408,23.5685652791171,58.45661040942,575.536284767554,1.32881453718698,17.2517169732699,581.334541891293,81.6510300343839,-40.8444877032252,99.5919071054008
0.138512856561663,1.49571039994115,582.723236504409,23.6032333552983,58.4475136718235,575.961566676316,1.32850605343292,17.2614022996705,581.785798107162,81.6822508558825,-41.2135862756419,99.8939367931549
0.138496606676516,1.49617834804385,583.174190993099,23.6382078138719,58.438850683281,576.386250076043,1.32819820984874,17.2709360729517,582.237043801808,81.7136165733041,-41.5838717411848,100.194360873184
0.138483946569936,1.49650807238384,583.624852885853,23.6734842512062,58.430633017332,576.810338857045,1.32789111216505,17.2803185641289,582.688278275603,81.7451292588476,-41.955336256094,100.493175424921
0.13847585936007,1.4967064755091,584.075163468579,23.7090582162699,58.4228721049723,577.233837017808,1.32758486603782,17.2895500572595,583.139500830119,81.7767909815162,-42.327971966628,100.790376567428
0.138473286710288,1.49678156854826,584.525066911386,23.7449252120112,58.4155792335145,577.656748663461,1.32727957703885,17.2986308494141,583.590710768187,81.8086038070831,-42.7017710092503,101.085960459376
0.138477120621177,1.49674239454622,584.974510726403,23.7810806967242,58.4087655455127,578.079078004255,1.32697535064614,17.3075612506477,584.041907393975,81.8405697980578,-43.0767255108154,101.379923299018
0.138488195776181,1.49659894263427,585.423446197986,23.8175200854034,58.4024420377502,578.500829354035,1.32667229223445,17.3163415839689,584.49309001305,81.8726910136523,-43.4528275887543,101.672261324157
0.138507282514959,1.49636205412179,585.871828781781,23.8542387510865,58.3966195602892,578.922007128731,1.32637050706568,17.3249721853078,584.944257932453,81.9049695097468,-43.8300693512597,101.962970812125
0.138535080498182,1.49604332167439,586.319618469389,23.8912320261833,58.3913088155807,579.342615844844,1.32607010027941,17.3334534034829,585.395410460764,81.937407338857,-44.2084428974697,102.25204807975
0.138572213116462,1.49565498279702,586.766780115629,23.9284952037912,58.3865203576337,579.76266011795,1.32577117688341,17.3417856001666,585.846546908168,81.9700065501005,-44.5879403176522,102.539489483328
0.138619222684631,1.49520980887262,587.213283725765,23.9660235389975,58.3822645912426,580.182144661199,1.32547384174411,17.3499691498495,586.297666586532,82.0027691891633,-44.968553693388,102.825291418595
0.13867656645085,1.49472099101561,587.659104700347,24.0038122501661,58.3785517712709,580.601074283834,1.32517819957721,17.3580044398034,586.748768809462,82.0356972982675,-45.350275097753,103.109450320692
0.138744613438487,1.49420202398675,588.104224035705,24.04185652021,58.3753920019903,581.019453889709,1.32488435493818,17.3658918700431,587.19985289238,82.068792916138,-45.7330965955007,103.391962664137
0.138823642127393,1.49366658938271,588.548628478482,24.0801514978489,58.3727952364737,581.437288475818,1.32459241221287,17.3736318532868,587.650918152583,82.1020580779703,-46.1170102432436,103.672824962789
0.138913838970534,1.49312843926197,588.992310632981,24.1186922988506,58.3707712760404,581.854583130836,1.3243024756081,17.3812248149155,588.101963909319,82.1354948153977,-46.5020080896336,103.952033769821
0.139015297732043,1.49260128130077,589.435269020489,24.1574740072562,58.3693297697522,582.271343033659,1.3240146491423,17.3886711929311,588.552989483846,82.1691051564592,-46.888082175543,104.229585677677
0.139128019623793,1.49209866649131,589.877508090136,24.1964916765904,58.36848021396,582.687573451968,1.32372903663615,17.3959714379132,589.003994199501,82.2028911255677,-47.2752245342436,104.505477318046
0.139251914209816,1.49163388030237,590.319038181232,24.2357403310535,58.3682319518966,583.103279740788,1.32344574170322,17.4031260129746,589.454977381769,82.2368547434776,-47.663427191586,104.779705361821
0.139386801041233,1.49121983812301,590.759875437443,24.2752149666976,58.368594173318,583.518467341063,1.32316486774072,17.4101353937156,589.905938358344,82.2709980272536,-48.0526821661783,105.052266519066
0.1395324119791,1.49086898570587,591.200041673532,24.3149105525856,58.3695759141886,583.93314177824,1.32288651792019,17.4170000681777,590.356876459198,82.3053229902385,-48.4429814695635,105.323157538978
0.139688394158517,1.49059320522132,591.639564195795,24.3548220319327,58.3711860564101,584.347308660862,1.32261079517828,17.423720536795,590.807791016646,82.3398316420227,-48.8343171063973,105.592375209847
0.139854313544637,1.49040372743037,592.078475577687,24.3949443232301,58.3734333275926,584.760973679172,1.32233780220749,17.4302973123453,591.258681365407,82.3745259884121,-49.2266810746247,105.859916359022
0.140029659029695,1.49031105038467,592.516813392497,24.4352723213516,58.376326300866,585.174142603724,1.32206764144702,17.4367309198997,591.709546842673,82.4094080313978,-49.6200653656557,106.125777852868
0.140213847019807,1.4903248649699,592.95461990527,24.4758008986417,58.3798733947304,585.586821284004,1.3218004150736,17.4430218967709,592.160386788171,82.4444797691247,-50.0144619645414,106.38995659673
0.140406226460902,1.49045398752515,593.391941726512,24.5165249059863,58.3840828729436,585.999015647067,1.32153622499234,17.4491707924606,592.611200544226,82.4797431958611,-50.4098628501483,106.652449534888
0.140606084254593,1.4907062996978,593.828829430517,24.5574391738646,58.3889628444442,586.410731696175,1.32127517282767,17.4551781686055,593.061987455826,82.5152003019684,-50.806259995333,106.913253650522
0.140812651016953,1.49108869563204,594.265337141429,24.5985385133832,58.3945212633097,586.821975509452,1.32101735991426,17.4610445989222,593.512746870683,82.5508530738702,-51.2036453671157,107.172365965661
0.141025107135713,1.49160703653926,594.701522090419,24.6398177172921,58.400765928746,587.232753238543,1.32076288728803,17.4667706691511,593.963478139298,82.5867034940226,-51.6020109268532,107.429783541151
0.141242589084307,1.49226611266172,595.137444147594,24.6812715609818,58.407704485109,587.643071107289,1.32051185567708,17.472356976999,594.414180615019,82.6227535408839,-52.0013486304115,107.685503476603
0.141464195954106,1.49306961261488,595.573165332437,24.7228948034624,58.4153444219546,588.052935410411,1.32026436549282,17.4778041320805,594.864853654106,82.6590051888852,-52.4016504283375,107.939522910355
0.141688996169055,1.49402010007904,596.008749306771,24.7646821883248,58.4236930741173,588.462352512194,1.32002051682104,17.4831127558587,595.315496615791,82.6954604084002,-52.80290826603,108.191839019422
0.141916034349437,1.49511899780562,596.444260854364,24.8066284446824,58.4327576218151,588.871328845198,1.31978040941298,17.4882834815839,595.766108862341,82.7321211657162,-53.2051140839108,108.442449019458
0.142144338293652,1.4963665789053,596.879765351405,24.8487282880962,58.4425450907782,589.279870908963,1.31954414267656,17.4933169542323,596.216689759113,82.7689894230044,-53.6082598175941,108.691350164701
0.142372926048389,1.49776196539329,597.315328232152,24.8909764214797,58.4530623524019,589.687985268732,1.31931181566754,17.4982138304428,596.667238674619,82.806067138291,-54.0123373980564,108.938539747935
0.142600813038525,1.49930313397809,597.751014454102,24.9333675359878,58.4643161239205,590.095678554182,1.31908352708078,17.502974778453,597.117754980583,82.8433562654283,-54.4173387518047,109.184015100437
0.142827019228193,1.50098692909217,598.186887967007,24.9758963118862,58.4763129686013,590.502957458164,1.31885937524155,17.507600478034,597.568238052001,82.8808587540655,-54.8232558010449,109.427773591931
0.143050576283933,1.50280908317352,598.623011190082,25.0185574194035,58.4890592959571,590.909828735451,1.31863945809682,17.5120916204245,598.018687267198,82.9185765496205,-55.2300804638491,109.66981263054
0.143270534709521,1.50476424421405,599.059444501623,25.0613455195659,58.5025613619759,591.3162992015,1.31842387320665,17.5164489082629,598.469102007888,82.9565115932512,-55.6378046543227,109.910129662737
0.143485970920097,1.50684601059117,599.49624574521,25.1042552650136,58.5168252693656,591.722375731213,1.31821271773563,17.5206730555199,598.919481659228,82.9946658218273,-56.0464202827702,110.148722173292
0.143695994220659,1.50904697319176,599.933469756506,25.147281300801,58.5318569678133,592.12806525772,1.31800608844433,17.5247647874283,599.369825609881,83.033041167902,-56.4559192558611,110.385587685228
0.143899753650958,1.51135876482058,600.371167914501,25.1904182651786,58.5476622542563,592.533374771164,1.31780408168082,17.528724840413,599.820133252065,83.071639559684,-56.8662934767948,110.620723759764
0.144096444655491,1.51377211685727,600.80938772088,25.2336607903593,58.564246773165,592.938311317489,1.3176067933722,17.5325539620195,600.270403981616,83.1104629210101,-57.2775348454648,110.854127996264
0.144285315533786,1.5162769230862,601.248172410927,25.277003503267,58.5816160168346,593.342881997251,1.31741431901628,17.5362529108416,600.720637198038,83.1495131713172,-57.6896352586225,111.085798032188
0.144465673622754,1.51886231057168,601.687560599173,25.3204410262697,58.5997753256856,593.747093964421,1.31722675367317,17.5398224564474,601.17083230456,83.1887922256148,-58.10258661004,111.315731543038
0.144636891159652,1.52151671738748,602.127585962681,25.3639679778961,58.6187298885711,594.15095442521,1.31704419195701,17.5432633793057,601.620988708194,83.2283019944578,-58.5163807906731,111.543926242302
0.144798410771488,1.52422797693441,602.568276964572,25.4075789735369,58.6384847430884,594.554470636894,1.31686672802775,17.5465764707098,602.07110581978,83.2680443839195,-58.9310096888222,111.770379881404
0.144949750534552,1.52698340849534,603.009656620081,25.4512686261304,58.6590447758968,594.957649906649,1.31669445558297,17.5497625327014,602.52118305405,83.3080212955643,-59.3464651902942,111.995090249645
0.1450905085465,1.52976991358366,603.451742307078,25.4950315468336,58.6804147230357,595.360499590393,1.31652746784969,17.5528223779932,602.971219829672,83.3482346264211,-59.7627391785626,112.218055174152
0.145220366953145,1.53257407754222,603.894545622639,25.5388623456778,58.7025991702464,595.763027091639,1.31636585757635,17.5557568298907,603.421215569307,83.3886862689564,-60.1798235349274,112.43927251982
0.145339095372951,1.53538227574698,604.338072286862,25.582755632211,58.7256025532926,596.16523986035,1.31620971702475,17.5585667222123,603.871169699661,83.4293781110484,-60.5977101386744,112.658740189255
0.145446553664348,1.53818078366606,604.782322094775,25.6267060161258,58.7494291582804,596.567145391804,1.31605913796211,17.56125289921,604.321081651531,83.4703120359598,-61.0163908672337,112.87645612272
0.145542693984436,1.54095588992347,605.227288916753,25.6707081078738,58.7740831219766,596.968751225468,1.31591421165311,17.5638162154875,604.770950859863,83.5114899223122,-61.4358575963377,113.092418298072
0.145627562092423,1.54369401142066,605.672960747485,25.7147565192678,58.7995684321224,597.370064943875,1.31577502885209,17.5662575359182,605.220776763795,83.5529136440601,-61.8561022001783,113.306624730712
0.145701297857309,1.54638180948147,606.119319803139,25.7588458640704,58.8258889277443,597.77109417151,1.31564167979518,17.5685777355627,605.670558806711,83.5945850704647,-62.2771165515636,113.519073473519
0.145764134936803,1.54900630590969,606.566342665959,25.8029707585712,58.8530482994576,598.171846573702,1.31551425419262,17.5707776995844,606.120296436288,83.6365060660684,-62.6988925220739,113.729762616796
0.145816399603121,1.55155499778659,607.014000475159,25.8471258221522,58.8810500897645,598.57232985552,1.31539284122107,17.5728583231651,606.569989104544,83.6786784906694,-63.1214219822169,113.938690288206
0.145858508701065,1.55401596979073,607.462259162569,25.8913056778424,58.9098976933445,598.97255176068,1.31527752951594,17.5748205114192,607.019636267886,83.721104199296,-63.5446968015827,114.145854652717
0.145890966734493,1.55637800279616,607.911079731145,25.9355049528607,58.9395943573351,599.372520070454,1.31516840716388,17.5766651793072,607.469237387159,83.7637850421817,-63.9687088489974,114.351253912537
0.145914362088618,1.55863067750009,608.360418574073,25.9797182791505,58.9701431816044,599.772242602587,1.31506556169524,17.5783932515484,607.918791927688,83.8067228647398,-64.3934499926771,114.554886307054
0.145929362407479,1.56076447184759,608.810227831868,26.0239402939025,59.0015471190119,600.171727210216,1.31496908007668,17.580005662533,608.368299359326,83.8499195075388,-64.8189121003802,114.756750112774
0.145936709157962,1.56277085106038,609.260455784555,26.0681656400706,59.0338089756588,600.570981780797,1.31487904870373,17.5815033562325,608.817759156502,83.8933768062776,-65.2450870395596,114.956843643263
0.145937211423825,1.56464234913874,609.711047275711,26.1123889668776,59.0669314111257,600.97001423504,1.31479555339353,17.5828872861105,609.267170798262,83.9370965917606,-65.6719666775144,115.155165249076
0.145931738984862,1.56637264078987,610.161944164881,26.1566049303136,59.1009169386976,601.368832525843,1.31471867937756,17.5841584150317,609.716533768311,83.9810806898736,-66.0995428815404,115.351713317702
0.145921214747479,1.56795660284102,610.613085804648,26.2008081936274,59.135767925575,601.767444637235,1.31464851129444,17.5853177151707,610.165847555065,84.0253309215594,-66.5278075190804,115.546486273493
0.145906606603234,1.56939036432034,611.064409538424,26.2449934278099,59.1714865930709,602.165858583321,1.31458513318286,17.5863661679198,610.615111651682,84.0698491027936,-66.9567524578738,115.739482577607
0.145888918801026,1.57067134452972,611.515851214837,26.2891553120725,59.2080750167924,602.564082407235,1.31452862847445,17.5873047637958,611.064325556114,84.1146370445607,-67.3863695661052,115.930700727939
0.145869182926489,1.57179827858938,611.967345714487,26.3332885343187,59.2455351268074,602.962124180092,1.31447907998688,17.5881345023466,611.513488771144,84.1596965528302,-67.816650712553,116.120139259054
0.145848448588461,1.57277123010107,612.418827484678,26.3773877916109,59.2838687077942,603.359991999949,1.31443656991686,17.5888563920568,611.962600804425,84.2050294285331,-68.2475877667367,116.307796742127
0.145827773917055,1.57359159075053,612.870231077737,26.4214477906335,59.3230773991752,603.757693990767,1.31440117983336,17.589471450252,612.411661168524,84.250637467538,-68.6791725990637,116.493671784873
0.145808215980735,1.57426206684876,613.321491688437,26.4654632481501,59.3631626952331,604.155238301379,1.31437299067076,17.5899807030036,612.860669380961,84.2965224606283,-69.111397080976,116.67776303148
0.145790821230835,1.57478665298946,613.772545686088,26.5094288914595,59.4041259452096,604.552633104456,1.31435208272218,17.5903851850317,613.309624964244,84.3426861934781,-69.5442530850952,116.860069162545
0.145776616081112,1.5751705931751,614.223331136896,26.5533394588472,59.4459683533865,604.949886595484,1.31433853563283,17.5906859396078,613.758527445912,84.3891304466303,-69.9777324853681,117.040588895003
0.145766597727258,1.57542032993143,614.673788312267,26.5971897000359,59.488690979148,605.347006991739,1.31433242839342,17.5908840184573,614.207376358569,84.4358569954725,-70.4118271572106,117.219320982063
0.145761725306829,1.5755434420866,615.123860178862,26.6409743766332,59.5322947370254,605.744002531264,1.31433383933365,17.5909804816602,614.656171239924,84.4828676102151,-70.8465289776512,117.396264213133
0.145762911493961,1.57554857203373,615.573492866364,26.6846882625796,59.5767803967217,606.140881471852,1.31434284611581,17.5909763975521,615.104911632825,84.5301640558681,-71.2818298254746,117.571417413762
0.145771014615665,1.57544534342135,616.022636109107,26.7283261445951,59.6221485831191,606.537652090029,1.31435952572839,17.5908728426244,615.553597085294,84.5777480922189,-71.7177215813634,117.744779445558
0.145786831367582,1.5752442703226,616.471243657933,26.7718828226262,59.6683997762659,606.934322680042,1.31438395447977,17.5906709014235,616.002227150565,84.62562147381,-72.1541961280403,117.91634920613
0.145811090197157,1.5749566590198,616.919273658909,26.8153531102941,59.7155343113454,607.330901552843,1.31441620799206,17.5903716664493,616.450801387114,84.6737859499167,-72.5912453504088,118.086125629007
0.145844445411351,1.57459450360419,617.366688995808,26.8587318353436,59.7635523786252,607.727397035083,1.31445636119492,17.5899762380541,616.899319358698,84.7222432645249,-73.0288611356938,118.254107683579
0.145887472054729,1.57417037663158,617.813457593553,26.9020138400942,59.8124540233874,608.123817468099,1.31450448831948,17.5894857243395,617.347780634381,84.7709951563096,-73.4670353735812,118.420294375015
0.145940661592059,1.57369731609221,618.259552680183,26.9451939818937,59.8622391458402,608.520171206909,1.31456066289237,17.5889012410537,617.796184788574,84.8200433586127,-73.9057599563572,118.584684744199
0.146004418417933,1.57318870994907,618.704953005187,26.9882671335752,59.9129075010102,608.916466619204,1.31462495772977,17.5882239114878,618.244531401059,84.8693895994217,-74.3450267790463,118.747277867657
0.146079057204459,1.57265817947355,619.149643012497,27.031228183917,59.9644586986161,609.312712084341,1.3146974449316,17.5874548663718,618.692820057026,84.9190356013482,-74.7848277395497,118.908072857482
0.146164801087161,1.57211946256267,619.593612966719,27.0740720381071,60.016892202924,609.70891599234,1.3147781958757,17.5865952437699,619.1410503471,84.9689830816063,-75.225154738782,119.067068861263
0.146261780678963,1.57158629816041,620.036859031638,27.1167936182127,60.0702073325845,610.105086742875,1.31486728121219,17.5856461889751,619.589221867371,85.0192337519919,-75.6659996808078,119.224265062014
0.146370033892794,1.57107231282912,620.479383300378,27.1593878636544,60.1244032604517,610.501232744273,1.31496477085778,17.5846088544037,620.037334219424,85.0697893188611,-76.1073544729775,119.379660678098
0.146489506545089,1.57059091042903,620.921193777023,27.2018497316866,60.1794790133849,610.897362412503,1.31507073399031,17.5834843994888,620.485387010366,85.1206514831097,-76.5492110260627,119.533254963155
0.146620053705354,1.57015516576665,621.362304309878,27.2441741978843,60.2354334720328,611.293484170173,1.3151852390432,17.5822739905737,620.933379852853,85.1718219401524,-76.9915612543903,119.685047206027
0.146761441751118,1.56977772297038,621.802734476968,27.2863562566361,60.2922653706011,611.689606445523,1.31530835370013,17.5809788008049,621.381312365119,85.2233023799018,-77.4343970759769,119.835036730684
0.146913351083088,1.56947069924642,622.242509424732,27.3283909216456,60.3499732966044,612.085737671414,1.31544014488968,17.5796000100238,621.829184171,85.2750944867485,-77.8777104126618,119.983222896148
0.147075379452067,1.56924559456361,622.681659661269,27.3702732264396,60.4085556906018,612.481886284318,1.31558067878012,17.5781388046592,622.276994899961,85.3271999395402,-78.3214931902395,120.129605096421
0.147247045847207,1.56911320771445,623.120220805852,27.411998224885,60.4680108459174,612.878060723309,1.31573002077425,17.5765963776182,622.724744187121,85.3796204115619,-78.7657373385916,120.274182760405
0.147427794894382,1.56908355910419,623.558233296772,27.4535609917149,60.528336908347,613.274269429046,1.31588823550431,17.5749739281775,623.172431673274,85.4323575705156,-79.2104347918185,120.416955351831
0.147617001713672,1.5691658205328,623.995742059928,27.4949566230632,60.5895318758506,613.670520842758,1.31605538682702,17.5732726618738,623.620057004919,85.4854130785004,-79.6555774883697,120.557922369178
0.147813977186107,1.56936825215709,624.43279614086,27.5361802370091,60.6515935982315,614.066823405223,1.31623153781861,17.5714937903938,624.067619834273,85.5387885919927,-80.1011573711738,120.697083345601
0.14801797358172,1.56969814675388,624.869448303255,27.5772269741322,60.714519776804,614.463185555747,1.31641675077001,17.5696385314643,624.515119819305,85.5924857618266,-80.547166387768,120.834437848849
0.148228190503343,1.57016178135119,625.305754597197,27.6180919980769,60.7783079640487,614.859615731139,1.31661108718211,17.5677081087412,624.962556623745,85.6465062331743,-80.9935964904268,120.969985481194
0.148443781103422,1.57076437625178,625.741773900674,27.6587704961289,60.8429555632578,615.256122364678,1.31681460776103,17.5657037516988,625.409929917117,85.7008516455266,-81.44043963629,121.103725879347
0.148663858534014,1.57151006144347,626.177567438095,27.6992576798021,60.9084598281703,615.652713885083,1.31702737241356,17.5636266955179,625.857239374748,85.7555236326739,-81.8876877874901,121.235658714386
0.148887502593072,1.57240185037177,626.613198279718,27.7395487854379,60.9748178625982,616.049398715471,1.31724944024262,17.561478180975,626.304484677795,85.8105238226868,-82.3353329112793,121.365783691673
0.149113766532791,1.57344162104085,627.048730826061,27.7796390748149,61.0420266200451,616.446185272315,1.31748086954284,17.5592594543293,626.751665513262,85.8658538378973,-82.7833669801553,121.494100550778
0.149341683998094,1.57463010440885,627.484230281506,27.8195238357731,61.1100829033178,616.843081964394,1.31772171779621,17.556971767211,627.198781574015,85.9215152948796,-83.2317819719872,121.6206090654
0.14957027606513,1.575966880049,627.919762121344,27.8591983828482,61.1789833641321,617.240097191743,1.31797204166775,17.5546163765082,627.645832558803,85.9775098044317,-83.6805698701399,121.745309043288
0.149798558350812,1.57745037905807,628.35539155661,27.8986580579208,61.248724502713,617.637239344584,1.31823189700139,17.5521945442542,628.092818172273,86.0338389715568,-84.1297226635987,121.86820032616
0.150025548164882,1.57907789420609,628.791183001061,27.9378982308772,61.3193026673927,618.034516802267,1.31850133881581,17.5497075375142,628.539738124989,86.0905043954445,-84.5792323470928,121.989282789625
0.150250271675731,1.58084559733222,629.227199544601,27.9769143002847,61.3907140542041,618.431937932193,1.31878042130041,17.5471566282718,628.986592133439,86.1475076694525,-85.0290909212181,122.108556343104
0.150471771060152,1.58274856400069,629.663502437466,28.0157016940791,61.4629547064743,618.829511088729,1.3190691978114,17.5445430933152,629.433379920063,86.2048503810887,-85.4792903925595,122.226020929744
0.150689111605534,1.58478080543377,630.100150589341,28.0542558702675,61.5360205144173,619.227244612125,1.31936772086786,17.541868214123,629.880101213254,86.2625341119928,-85.929822773813,122.341676526347
0.15090138873063,1.58693530773499,630.537200087487,28.0925723176436,61.6099072147271,619.625146827413,1.31967604214804,17.5391332767503,630.32675574738,86.3205604379184,-86.380680083906,122.455523143278
0.151107734888186,1.58920407840264,630.974703737826,28.1306465565182,61.684610390174,620.023226043301,1.31999421248559,17.5363395717141,630.773343262792,86.3789309287149,-86.8318543481185,122.567560824395
0.151307326309488,1.59157820011025,631.412710632683,28.1684741394631,61.7601254692036,620.42149055106,1.32032228186598,17.5334883938783,631.219863505842,86.4376471483104,-87.283337598202,122.677789646958
0.151499389547415,1.59404789169553,631.851265748762,28.2060506520699,61.8364477255406,620.819948623399,1.32066029942295,17.5305810423394,631.666316228885,86.4967106546934,-87.7351218724995,122.786209721553
0.151683207771126,1.59660257625238,632.290409578603,28.2433717137231,61.9135722777988,621.218608513328,1.32100831343503,17.5276188203112,632.112701190299,86.5561229998958,-88.1871992160634,122.892821192009
0.151858126762151,1.59923095616158,632.730177798572,28.2804329783872,61.9914940890983,621.61747845302,1.32136637132221,17.5246030350092,632.559018154491,86.6158857299751,-88.6395616807738,122.997624235315
0.152023560558754,1.60192109482504,633.170600976086,28.3172301354093,62.0702079666919,622.016566652647,1.32173451964263,17.5215349975358,633.005266891906,86.6760003849977,-89.0922013254552,123.100619061536
0.152178996692983,1.60466050478771,633.611704318504,28.3537589103353,62.1497085616007,622.415881299222,1.32211280408935,17.5184160227645,633.451447179037,86.7364684990213,-89.5451102159937,123.201805913737
0.152324000963271,1.60743624184108,634.053507465748,28.3900150657415,62.2299903682622,622.815430555416,1.32250126948727,17.5152474292242,633.897558798434,86.7972916000781,-89.9982804254526,123.301185067889
0.152458221684679,1.61023500460534,634.496024328397,28.4259944020802,62.3110477241905,623.215222558367,1.32289995979006,17.5120305389835,634.34360153871,86.8584712101581,-90.4517040341879,123.398756832797
0.152581393359325,1.61304323898543,634.939262972586,28.4616927585401,62.3928748096515,623.615265418482,1.3233089180772,17.5087666775347,634.789575194549,86.9200088451919,-90.9053731299632,123.494521550009
0.152693339711113,1.61584724679301,635.383225552716,28.4971060139207,62.4754656473533,624.015567218219,1.32372818655112,17.5054571736779,635.23547956671,86.9819060150346,-91.3592798080633,123.588479593736
0.152793976031804,1.6186332977232,635.827908292544,28.5322300875222,62.5588141021543,624.416136010857,1.32415780653439,17.5021033594048,635.681314462038,87.0441642234487,-91.8134161714084,123.680631370768
0.152883310789695,1.62138774377693,636.273301514865,28.5670609400481,62.6429138807897,624.816979819255,1.32459781846702,17.4987065697828,636.127079693462,87.1067849680881,-92.2677743306664,123.770977320386
0.152961446457833,1.62409713512786,636.719389719571,28.6015945745231,62.7277585316185,625.218106634598,1.32504826190384,17.4952681428385,636.572775080008,87.1697697404819,-92.7223464043655,123.859517914283
0.153028579525618,1.62674833635204,637.166151709503,28.6358270372242,62.8133414443918,625.619524415118,1.32550917551195,17.4917894194414,637.018400446792,87.2331200260178,-93.1771245190055,123.946253656478
0.153084999665853,1.62932864187043,637.613560763084,28.6697544186264,62.8996558500444,626.021241084818,1.32598059706823,17.4882717431879,637.463955625035,87.2968373039262,-93.6321008091691,124.031185083228
0.15313108803867,1.63182588940208,638.06158485238,28.7033728543609,62.9866948205115,626.423264532163,1.32646256345701,17.4847164602845,637.909440452055,87.3609230472646,-94.0872674176324,124.114312762947
0.153167314724072,1.63422857019249,638.510186904808,28.7366785261876,63.0744512685707,626.825602608765,1.32695511066775,17.4811249194318,638.354854771278,87.4253787229012,-94.5426164954742,124.195637296118
0.15319423528596,1.63652593476728,638.959325106387,28.7696676629801,63.1629179477127,627.228263128053,1.32745827379283,17.4774984717081,638.800198432232,87.4902057914997,-94.9981402021857,124.275159315211
0.153212486482221,1.63870809296972,639.408953244057,28.8023365417235,63.2520874520402,627.631253863917,1.32797208702541,17.4738384704529,639.245471290553,87.5554057075033,-95.4538307057788,124.352879484592
0.153222781147458,1.64076610707069,639.859021084275,28.8346814885251,63.3419522161985,628.034582549348,1.32849658365738,17.4701462711503,639.690673207983,87.6209799191194,-95.9096801828939,124.428798500443
0.153225902287038,1.64269207679268,640.309474784788,28.866698879637,63.4325045153373,628.438256875053,1.32903179607744,17.4664232313135,640.135804052368,87.6869298683044,-96.3656808189076,124.502917090673
0.15322269643301,1.64447921516512,640.760257336195,28.8983851424904,63.5237364651072,628.842284488049,1.32957775576915,17.4626707103674,640.580863697661,87.7532569907478,-96.8218248080393,124.575236014833
0.153214066323832,1.64612191422519,641.211309029673,28.9297367567414,63.6156400216906,629.246672990253,1.33013449330917,17.4588900695334,641.025852023919,87.8199627158578,-97.2781043534572,124.645756064028
0.153200962980471,1.64761579969524,641.662567947009,28.9607502553286,63.7082069818702,629.65142993704,1.33070203836553,17.4550826717125,641.470768917297,87.8870484667458,-97.734511667384,124.714478060832
0.153184377261107,1.64895777390307,642.113970468888,28.9914222255399,63.8014289831348,630.056562835789,1.33128041969601,17.4512498813695,641.915614270051,87.9545156602115,-98.1910389712016,124.781402859201
0.153165330985019,1.65014604636146,642.565451797245,29.0217493100908,63.8952975038255,630.462079144412,1.33186966514656,17.4473930644171,642.360387980532,88.022365706728,-98.6476784955557,124.846531344386
0.153144867723212,1.65118015158624,643.016946487353,29.0517282082122,63.9898038633227,630.86798626986,1.33246980164982,17.4435135880996,642.805089953182,88.0906000104273,-99.1044224804593,124.909864432847
0.153124043358666,1.65206095390378,643.468388985248,29.0813556767467,64.0849392222763,631.274291566614,1.33308085522378,17.4396128208774,643.249720098529,88.1592199690857,-99.561263175396,124.971403072163
0.153103916522689,1.65279063917592,643.919714166041,29.1106285312547,64.1806945828791,631.681002335156,1.3337028509704,17.4356921323111,643.694278333185,88.2282269741087,-100.018192839422,125.031148240949
0.153085539015623,1.65337269354942,644.370857868664,29.1395436471281,64.2770607891869,632.088125820417,1.33433581307445,17.431752892946,644.138764579837,88.2976224105173,-100.47520374127,125.089100948765
0.153069946320045,1.65381186951322,644.821757422618,29.1680979607121,64.3740285274846,632.495669210216,1.33497976480231,17.4277964741966,644.583178767242,88.3674076569334,-100.932288159446,125.145262236027
0.153058148312679,1.65411413971804,645.27235216238,29.1962884704337,64.4715883267012,632.903639633663,1.33563472850093,17.4238242482315,645.027520830221,88.4375840855654,-101.389438382337,125.199633173927
0.153051120277436,1.65428663917362,645.722583925211,29.2241122379374,64.5697305588744,633.312044159562,1.33630072559681,17.4198375878577,645.471790709654,88.5081530621943,-101.846646708303,125.252214864334
0.153049794316582,1.6543375965878,646.172397528257,29.2515663892261,64.6684454396669,633.720889794778,1.33697777659516,17.4158378664062,645.915988352467,88.5791159461597,-102.303905445784,125.303008439716
0.153055051249989,1.65427625574384,646.621741221027,29.2786481158079,64.767723028934,634.130183482596,1.33766590107899,17.4118264576171,646.360113711628,88.6504740903459,-102.761206913394,125.352015063046
0.153067713084033,1.65411278792712,647.070567109505,29.3053546758475,64.8675532313468,634.539932101054,1.33836511770845,17.4078047355244,646.804166746136,88.7222288411679,-103.218543440022,125.399235927713
0.153088536122164,1.65385819650622,647.518831548442,29.3316833953212,64.9679257970688,634.950142461257,1.3390754442201,17.4037740743424,647.248147421014,88.7943815385579,-103.675907364929,125.444672257438
0.153118204778642,1.6535242148459,647.966495498596,29.3576316691761,65.0688303224903,635.360821305679,1.33979689742633,17.3997358483509,647.692055707297,88.8669335159517,-104.133291037844,125.488325306184
0.153157326145831,1.65312319877897,648.413524846022,29.3831969624911,65.1702562510196,635.771975306434,1.3405294932149,17.3956914317813,648.135891582024,88.939886100275,-104.590686819063,125.530196358063
0.153206425353831,1.65266801489125,648.859890680804,29.4083768116403,65.2721928739341,636.183611063539,1.34127324654847,17.3916421987029,648.579655028224,89.0132406119301,-105.048087079544,125.570286727252
0.15326594174958,1.65217192587793,649.305569532977,29.4331688254573,65.3746293312904,636.595735103154,1.34202817146426,17.3875895229094,649.023346034909,89.0869983647828,-105.505484201001,125.608597757903
0.153336225910982,1.65164847421291,649.750543563743,29.4575706864007,65.4775546128968,637.008353875798,1.34279428107377,17.3835347778054,649.466964597056,89.1611606661486,-105.962870576002,125.645130824052
0.153417537500457,1.65111136533505,650.194800710438,29.481580151718,65.5809575593477,637.421473754561,1.34357158756261,17.3794793362935,649.910510715603,89.2357288167803,-106.420238608061,125.679887329532
0.153510043951776,1.65057435150049,650.638334784119,29.5051950546097,65.6848268631219,637.835101033279,1.34436010219039,17.3754245706613,650.353984397429,89.3107041108544,-106.877580711732,125.712868707884
0.153613819974301,1.65005111737899,651.081145518994,29.5284133053911,65.7891510697453,638.24924192471,1.34515983529064,17.3713718524691,650.797385655344,89.3860878359585,-107.334889312702,125.744076422263
0.153728847850062,1.64955516838853,651.523238573354,29.5512328926506,65.8939185790195,638.663902558681,1.3459707962709,17.3673225524376,651.240714508076,89.4618812730782,-107.792156847887,125.773511965355
0.153855018491504,1.6490997226684,651.964625482021,29.5736518844059,65.9991176463171,639.079088980223,1.34679299361282,17.3632780403358,651.683970980253,89.5380856965847,-108.249375765518,125.801176859283
0.153992133221411,1.64869760749044,652.405323560746,29.5956684292549,66.104736383945,639.494807147688,1.34762643487234,17.3592396848696,652.127155102395,89.6147023742219,-108.706538525239,125.827072655518
0.154139906231438,1.6483611608035,652.84535576338,29.6172807575216,66.210762762576,639.91106293085,1.34847112667998,17.35520885357,652.570266910892,89.6917325670936,-109.163637598191,125.851200934791
0.154297967671963,1.64810213850087,653.284750493015,29.6384871823959,66.31718461275,640.327862108996,1.34932707474119,17.3511869126826,653.013306447992,89.7691775296517,-109.620665467111,125.873563307001
0.154465867323471,1.64793162789788,653.723541368661,29.6592861010667,66.4239896264458,640.745210368995,1.35019428383676,17.3471752270566,653.456273761784,89.8470385096831,-110.077614626413,125.894161411126
0.154643078798436,1.64785996780851,654.161766949396,29.6796759958472,66.531165358724,641.163113303356,1.35107275782333,17.3431751600343,653.899168906184,89.925316748298,-110.534477582283,125.912996915133
0.154829004222482,1.6478966755195,654.59947041826,29.6996554352907,66.638699229442,641.581576408279,1.35196249963395,17.3391880733413,654.341991940914,90.0040134799171,-110.991246852766,125.930071515888
0.15502297934443,1.64805038087852,655.036699228484,29.7192230752983,66.7465785250419,642.000605081682,1.35286351127877,17.3352153269768,654.784742931488,90.0831299322601,-111.447914967854,125.945386939064
0.15522427902643,1.64832876764271,655.473504714956,29.7383776602145,66.854790400411,642.420204621226,1.3537757938457,17.3312582791038,655.227421949192,90.1626673263332,-111.904474469574,125.958944939054
0.155432123067619,1.64873852217416,655.90994167409,29.757118023912,66.9633218808176,642.840380222325,1.35469934750126,17.327318285941,655.670029071068,90.2426268764174,-112.360917912075,125.970747298878
0.155645682317422,1.64928528952239,656.346067915543,29.7754430908649,67.0721598639206,643.261136976148,1.35563417149144,17.3233967016532,656.112564379894,90.3230097900565,-112.817237861713,125.980795830093
0.155864085037493,1.64997363689879,656.781943789409,29.7933518772068,67.1812911218541,643.68247986761,1.35658026414263,17.319494878244,656.555027964165,90.4038172680455,-113.27342689714,125.989092372702
0.156086423474266,1.65080702452452,657.217631692762,29.8108434917764,67.2907023033886,644.104413773355,1.35753762286265,17.3156141654472,656.997419918074,90.4850505044187,-113.729477609389,125.995638795067
0.156311760606847,1.65178778382096,657.653195559547,29.827917137147,67.4003799361676,644.526943459737,1.35850624414187,17.31175591062,657.439740341494,90.5667106864383,-114.185382601954,126.000436993814
0.156539137037481,1.65291710290756,658.088700337973,29.8445721106398,67.5103104290207,644.950073580787,1.3594861235543,17.3079214586354,657.881989339953,90.6487989945827,-114.641134490881,126.003488893744
0.156767577993803,1.65419501937577,658.524211459645,29.8608078053203,67.6204800743536,645.373808676182,1.36047725575891,17.304112151776,658.32416702462,90.7313166025353,-115.096725904849,126.004796447742
0.156996100413545,1.65562042031633,658.959794304767,29.8766237109769,67.7308750506158,645.798153169207,1.36147963450089,17.3003293296277,658.766273512277,90.8142646771728,-115.552149485252,126.004361636687
0.15722372008307,1.65719104958881,659.39551366774,29.8920194150796,67.8414814248445,646.223111364715,1.36249325261302,17.2965743289737,659.208308925305,90.8976443785543,-116.007397886283,126.002186469362
0.157449458801163,1.65890352233403,659.831433227508,29.9069946037198,67.9522851552871,646.648687447087,1.36351810201718,17.2928484836896,659.650273391656,90.9814568599098,-116.462463775017,125.998272982358
0.157672351538764,1.66075334674033,660.267615026959,29.921549062528,68.0632720941005,647.074885478188,1.36455417372578,17.289153124638,660.092167044834,91.0657032676292,-116.917339831492,125.992623239992
0.157891453563885,1.66273495308014,660.7041189656,29.9356826775705,68.1744279901286,647.501709395334,1.36560145784345,17.2854895795645,660.533990023873,91.1503847412515,-117.372018748789,125.985239334206
0.158105847498873,1.66484173003254,661.141002309651,29.9493954362223,68.285738491757,647.929163009246,1.36665994356861,17.2818591729932,660.975742473313,91.2355024134534,-117.826493233116,125.976123384485
0.158314650274471,1.66706606829831,661.578319223534,29.9626874280172,68.3971891498459,648.357250002027,1.36772961919527,17.2782632261237,661.417424543178,91.3210574100388,-118.280756003883,125.965277537759
0.158517019942074,1.66939941149474,662.01612032658,29.9755588454719,68.5087654207396,648.785973925127,1.36881047211478,17.2747030567277,661.85903638895,91.4070508499276,-118.734799793786,125.952703968317
0.158712162302152,1.67183231428716,662.454452278571,29.9880099848849,68.6204526693541,649.215338197325,1.36990248881772,17.2711799790465,662.300578171549,91.4934838451456,-119.188617348886,125.938404877712
0.158899337303336,1.67435450767186,662.8933573975,30.0000412471087,68.7322361723413,649.645346102721,1.37100565489584,17.2676953036886,662.742050057306,91.5803575008133,-119.642201428684,125.922382494674
0.159077865163247,1.67695497127085,663.332873312691,30.0116531382942,68.8441011213296,650.076000788728,1.37211995504404,17.2642503375288,663.183452217939,91.6676729151354,-120.095544806202,125.904639075013
0.159247132159024,1.67962201243291,663.773032656105,30.022846270606,68.9560326262416,650.507305264087,1.37324537306245,17.2608463836062,663.62478483053,91.7554311793905,-120.548640268061,125.885176901535
0.159406596032873,1.68234335185827,664.213862794398,30.0336213629088,69.068015718687,650.939262396889,1.37438189185859,17.2574847410242,664.066048077499,91.8436333779208,-121.001480614556,125.863998283946
0.159555790956014,1.68510621537756,664.655385603915,30.0439792414226,69.1800353554312,651.37187491261,1.37552949344953,17.25416670485,664.507242146575,91.9322805881213,-121.454058659732,125.841105558761
0.159694331993288,1.68789743142157,665.097617290516,30.0539208403469,69.2920764219383,651.805145392171,1.37668815896419,17.250893566015,664.948367230778,92.0213738804298,-121.906367231465,125.816501089214
0.159821919010685,1.69070353361776,665.540568255723,30.0634472024524,69.404123735989,652.239076270007,1.37785786864566,17.2476666112162,665.389423528386,92.1109143183167,-122.358399171531,125.790187265168
0.159938339969095,1.69351086784662,665.984243010312,30.0725594796391,69.5161620513709,652.673669832159,1.37903860185361,17.2444871228167,665.83041124291,92.200902958275,-122.810147335686,125.762166503021
0.160043473550027,1.69630570298766,666.428640136124,30.0812589334608,69.6281760616422,653.108928214395,1.38023033706674,17.2413563787486,666.271330583072,92.2913408498098,-123.261604593738,125.732441245617
0.160137291062715,1.69907434448397,666.873752296414,30.0895469356137,69.7401504039673,653.54485340034,1.38143305188531,17.2382756524149,666.712181762773,92.3822290354288,-123.712763829621,125.701013962154
0.160219857587122,1.70180324975987,667.319566294722,30.09742496839,69.8520696630226,653.981447219647,1.38264672303375,17.2352462125926,667.152965001066,92.4735685506322,-124.163617941472,125.66788714809
0.160291332313793,1.7044791444406,667.76606318181,30.1048946250938,69.9639183749726,654.418711346182,1.3838713263633,17.2322693233366,667.593680522132,92.5653604239025,-124.614159841698,125.633063325059
0.160351968049217,1.70708913824931,668.213218409831,30.1119576104201,70.0756810315153,654.856647296247,1.38510683685471,17.2293462438834,668.034328555252,92.6576056766955,-125.064382457054,125.596545040772
0.160402109864263,1.70962083939811,668.661002032513,30.118615740795,70.1873420839945,655.29525642683,1.38635322862107,17.2264782285559,668.474909334774,92.7503053234298,-125.514278728713,125.558334868928
0.160442192873238,1.71206246624843,669.109378949738,30.1248709446762,70.298885947579,655.734539933889,1.38761047491058,17.2236665266688,668.915423100091,92.8434603714776,-125.963841612337,125.518435409128
0.16047273914193,1.71440295499417,669.558309194545,30.1307252628142,70.4102970055075,656.17449885067,1.38887854810954,17.2209123824344,669.355870095608,92.937071821155,-126.413064078151,125.476849286775
0.160494353734501,1.7166320621201,670.007748260231,30.136180848472,70.5215596133971,656.615134046058,1.39015741974522,17.2182170348688,669.796250570716,93.0311406657124,-126.861939111008,125.433579152989
0.16050771992102,1.71874046040948,670.457647464868,30.1412399676038,70.6326581036139,657.056446222976,1.39144706048896,17.2155817176988,670.236564779762,93.1256678913254,-127.310459710465,125.388627684515
0.160513593579528,1.7207198273186,670.907954350272,30.1459049989904,70.7435767897057,657.498435916813,1.39274744015924,17.2130076592697,670.67681298202,93.2206544770848,-127.758618890851,125.34199758363
0.16051279683848,1.72256292460298,671.358613112135,30.1501784343326,70.8542999708936,657.941103493906,1.39405852772477,17.2104960824533,671.116995441662,93.3161013949879,-128.206409681335,125.293691578052
0.160506211017083,1.72426366816806,671.809565057801,30.1540628783,70.9648119366215,658.384449150052,1.39538029130776,17.2080482045565,671.557112427726,93.412009609929,-128.653825125994,125.243712420851
0.160494768931963,1.72581718722704,672.260749087892,30.1575610485361,71.0750969711622,658.828472909079,1.39671269818717,17.2056652372309,671.997164214089,93.5083800796899,-129.100858283886,125.192062890355
0.160479446648688,1.7272198719761,672.712102197837,30.1606757756171,71.1851393582782,659.273174621459,1.39805571480198,17.2033483863822,672.437151079435,93.6052137549315,-129.547502229111,125.138745790063
0.160461254765564,1.72846940914223,673.163559995135,30.1634100029668,71.2949233859345,659.71855396297,1.39940930675465,17.2010988520814,672.877073307228,93.702511579184,-129.993750050885,125.083763948548
0.160441229324685,1.7295648049167,673.615057228102,30.1657667867233,71.4044333510631,660.164610433416,1.40077343881446,17.1989178284751,673.316931185675,93.8002744888383,-130.439594853603,125.027120219371
0.160420422451191,1.73050639495607,674.066528321698,30.1677492955603,71.5136535643757,660.61134335539,1.40214807492109,17.1968065036979,673.756725007702,93.8985034131369,-130.885029756905,124.968817480988
0.160399892826013,1.73129584130793,674.517907916021,30.1693608104598,71.622568355224,661.058751873103,1.40353317818813,17.1947660597845,674.196455070918,93.9971992741651,-131.330047895746,124.90885863666
0.160380696099852,1.7319361162971,674.969131403008,30.1706047244378,71.7311620765042,661.506834951266,1.40492871090665,17.1927976725826,674.636121677588,94.0963629868422,-131.774642420458,124.847246614359
0.16036387535683,1.73243147358615,675.420135456884,30.1714845422213,71.8394191096047,661.95559137403,1.40633463454893,17.1909025116665,675.075725134599,94.1959954589126,-132.218806496814,124.783984366683
0.160350451734982,1.73278740679755,675.870858554002,30.1720038798758,71.9473238693937,662.405019743988,1.40775090977212,17.1890817402515,675.515265753427,94.2960975909372,-132.662533306098,124.719074870758
0.160341415307753,1.73301059625016,676.321241477743,30.1721664643844,72.0548608092459,662.855118481242,1.40917749642203,17.1873365151084,675.954743850111,94.3966702762848,-133.105816045164,124.652521128153
0.160337716325824,1.73310884451678,676.771227804347,30.1719761331764,72.1620144261043,663.305885822533,1.41061435353697,17.1856679864793,676.394159745215,94.4977144011234,-133.548647926503,124.584326164786
0.160340256912219,1.73309100164856,677.22076436563,30.1714368336066,72.2687692655757,663.757319820434,1.41206143935157,17.1840772979936,676.833513763798,94.5992308444116,-133.991022178304,124.514493030835
0.160349883295727,1.73296688103427,677.669801684821,30.1705526223833,72.3751099270579,664.209418342617,1.41351871130078,17.1825655865847,677.272806235384,94.7012204778904,-134.432932044519,124.443024800644
0.160367378658583,1.73274716696447,678.118294381902,30.1693276649466,72.4810210688945,664.662179071189,1.41498612602379,17.1811339824075,677.712037493927,94.8036841660743,-134.874370784924,124.369924572637
0.160393456664197,1.73244331505198,678.566201545161,30.1677662347947,72.5864874135564,665.115599502089,1.41646363936811,17.1797836087563,678.151207877779,94.9066227662437,-135.315331675181,124.295195469226
0.160428755719765,1.73206744671878,679.013487065903,30.1658727127599,72.6914937528465,665.569676944576,1.41795120639364,17.1785155819838,678.590317729658,95.0100371284357,-135.7558080069,124.218840636716
0.160473834017227,1.73163223899528,679.460119933607,30.1636515862323,72.7960249531255,666.024408520775,1.4194487813768,17.1773310114202,679.029367396613,95.1139280954365,-136.195793087703,124.140863245223
0.160529165384296,1.73115081089144,679.906074489121,30.1611074483332,72.9000659605548,666.479791165307,1.4209563178147,17.1762309992932,679.468357229993,95.2182965027728,-136.635280241278,124.061266488573
0.160595135965708,1.73063660759042,680.351330633864,30.1582449970354,73.0036018063559,666.935821624995,1.42247376842943,17.1752166406488,679.907287585416,95.323143178704,-137.074262807446,123.980053584223
0.160672041743444,1.73010328368582,680.795873993351,30.1550690342331,73.106617612081,667.39249645865,1.4240010851723,17.1742890232727,680.346158822729,95.4284689442139,-137.512734142218,123.89722777316
0.160760086893896,1.72956458663576,681.239696033733,30.1515844647586,73.2090985948947,667.849812036931,1.4255382192282,17.1734492276122,680.784971305981,95.5342746130024,-137.950687617854,123.812792319818
0.160859382969846,1.72903424154141,681.682794130451,30.1477962953489,73.3110300728607,668.3077645423,1.42708512101996,17.1726983266988,681.223725403387,95.640560991478,-138.388116622923,123.726750511986
0.160969948886028,1.72852583827929,682.125171588476,30.1437096335589,73.4123974702337,668.76634996904,1.42864174021283,17.1720373860718,681.662421487293,95.7473288787497,-138.825014562361,123.639105660715
0.161091711678966,1.72805272192555,682.566837614009,30.1393296866239,73.5131863227513,669.225564123376,1.43020802571892,17.1714674637021,682.101059934143,95.8545790666188,-139.261374857531,123.549861100232
0.161224508004968,1.72762788731288,683.007807237919,30.1346617602704,73.613382282924,669.68540262367,1.43178392570172,17.1709896099169,682.539641124447,95.9623123395714,-139.697190946278,123.459020187846
0.161368086334563,1.72726387845667,683.448101191575,30.1297112574751,73.7129711253193,670.145860900703,1.43336938758072,17.1706048673254,682.978165442745,96.0705294747705,-140.13245628299,123.366586303863
0.161522109797406,1.72697269348214,683.887745736126,30.124483677173,73.8119387518388,670.606934198048,1.43496435803601,17.1703142707443,683.416633277571,96.1792312420483,-140.56716433865,123.272562851491
0.16168615962873,1.72676569557997,684.326772446653,30.1189846129148,73.9102711969819,671.068617572529,1.43656878301294,17.1701188471252,683.855045021424,96.2884184038983,-141.001308600899,123.176953256751
0.161859739166634,1.7266535304175,684.765217952979,30.1132197514724,74.0079546330968,671.530905894766,1.43818260772684,17.1700196154816,684.293401070727,96.3980917154681,-141.434882574085,123.079760968393
0.162042278348968,1.72664605033908,685.203123639288,30.1071948713958,74.1049753756124,671.993793849815,1.43980577666778,17.170017586817,684.731701825798,96.508251924551,-141.867879779327,122.980989457796
0.162233138658967,1.72675224560348,685.640535304996,30.1009158415184,74.2013198882493,672.457275937892,1.44143823360537,17.1701137640542,685.169947690811,96.6188997715795,-142.300293754563,122.88064221889
0.162431618470115,1.72698018283111,686.077502789684,30.0943886194131,74.2969747882076,672.921346475196,1.4430799215936,17.1703091419641,685.608139073766,96.7300359896168,-142.732118054608,122.778722768057
0.162636958742738,1.72733695077022,686.51407956514,30.0876192498,74.3919268513264,673.385999594812,1.44473078297577,17.1706047070965,686.046276386449,96.84166130435,-143.163346251211,122.675234644045
0.16284834902732,1.72782861343885,686.95032229784,30.0806138629044,74.4861630172126,673.85122924772,1.44639075938935,17.1710014377108,686.4843600444,96.9537764340825,-143.593971933105,122.57018140788
0.163064933732403,1.72846017066032,687.386290385453,30.0733786727668,74.5796703943364,674.317029203884,1.44805979177103,17.1715003037076,686.922390466879,97.0663820897263,-144.023988706064,122.463566642777
0.163285818617837,1.72923552598156,687.822045471122,30.0659199755056,74.6724362650894,674.783393053442,1.44973782036171,17.1721022665609,687.360368076828,97.1794789747953,-144.453390192955,122.355393954045
0.163510077477064,1.73015746194724,688.25765093949,30.058244147533,74.7644480908019,675.25031420798,1.45142478471154,17.1728082792513,687.798293300836,97.2930677853974,-144.882170033792,122.245666969005
0.163736758974718,1.73122762269519,688.693171398556,30.0503576437234,74.8556935167172,675.717785901911,1.45312062368505,17.1736192861995,688.236166569108,97.4071492102278,-145.310321885788,122.134389336898
0.163964893608023,1.73244650383955,689.128672151587,30.0422669955377,74.9461603769188,676.18580119394,1.45482527546629,17.1745362232011,688.673988315423,97.5217239305612,-145.737839423406,122.021564728795
0.164193500762158,1.73381344961516,689.564218663358,30.0339788091016,75.0358366992067,676.654352968616,1.45653867756401,17.1755600173612,689.111758977103,97.6367926202452,-146.164716338416,121.907196837508
0.164421595830768,1.73532665726693,689.999876025073,30.0254997632396,75.1247107099215,677.123433937992,1.45826076681687,17.1766915870307,689.549478994979,97.752355945693,-146.59094633994,121.791289377504
0.164648197373128,1.7369831886807,690.435708422307,30.0168366074668,75.2127708387109,677.593036643365,1.45999147939871,17.1779318417426,689.98714881335,97.8684145658762,-147.016523154509,121.673846084814
0.164872334278999,1.73877898926247,690.87177861029,30.007996159937,75.3000057232367,678.063153457115,1.46173075082388,17.1792816821493,690.424768879952,97.9849691323178,-147.441440526109,121.554870716944
0.165093052911112,1.74070891408114,691.308147400802,29.9989853053496,75.3864042138185,678.533776584633,1.46347851595254,17.1807419999606,690.862339645917,98.1020202890854,-147.865692216237,121.434367052787
0.165309424193319,1.74276676129159,691.744873164857,29.9898109928162,75.4719553780116,679.00489806634,1.46523470899605,17.1823136778826,691.299861565746,98.219568672784,-148.289272003945,121.312338892535
0.165520550610002,1.74494531284933,692.182011355208,29.9804802336869,75.5566485051152,679.476509779804,1.4669992635224,17.1839975895566,691.737335097264,98.3376149125495,-148.712173685894,121.188790057591
0.165725573079413,1.74723638251304,692.61961405258,29.9710000993384,75.6404731106078,679.948603441937,1.46877211246167,17.1857945994996,692.174760701589,98.4561596300413,-149.134391076405,121.063724390479
0.165923677660282,1.74963087110526,693.057729539327,29.9613777189238,75.7234189405072,680.421170611293,1.47055318811147,17.1877055630453,692.612138843096,98.5752034394356,-149.5559180075,120.937145754757
0.16611410204758,1.75211882896426,693.496401903985,29.9516202770868,75.8054759756521,680.894202690443,1.47234242214255,17.1897313262852,693.049469989377,98.6947469474191,-149.976748328962,120.809058034929
0.166296141809862,1.75468952547058,693.935670679969,29.9417350116394,75.8866344359016,681.367690928448,1.47413974560427,17.1918727260113,693.486754611212,98.8147907531816,-150.396875908374,120.679465136356
0.166469156317327,1.75733152547018,694.375570521372,29.9317292112058,75.9668847842499,681.841626423414,1.47594508893029,17.1941305896589,693.923993182524,98.9353354484096,-150.816294631171,120.548370985168
0.166632574306905,1.76003277234352,694.816130918526,29.9216102128333,76.0462177308537,682.316000125136,1.47775838194413,17.1965057352502,694.361186180352,99.0563816172797,-151.234998400689,120.415779528179
0.166785899028424,1.7627806773868,695.257375955678,29.911385399571,76.1246242369685,682.790802837822,1.47957955386489,17.1989989713393,694.798334084808,99.1779298364518,-151.65298113821,120.281694732794
0.166928712914454,1.76556221508006,695.699324112783,29.9010621980178,76.2020955187924,683.266025222905,1.48140853331291,17.2016110969566,695.235437379042,99.2999806750624,-152.07023678301,120.146120586927
0.167060681715947,1.76836402371859,696.141988113066,29.8906480758413,76.2786230512129,683.74165780194,1.48324524831554,17.2043429015556,695.672496549209,99.4225346947183,-152.486759292405,120.00906109891
0.167181558046437,1.77117251078194,696.585374817637,29.8801505392684,76.3541985714548,684.217690959569,1.48508962631291,17.2071951649586,696.109512084429,99.5455924494899,-152.902542641798,119.870520297406
0.167291184279392,1.77397396231115,697.029485168057,29.8695771305491,76.4288140826272,684.694114946584,1.4869415941637,17.2101686573048,696.546484476753,99.6691544859048,-153.317580824726,119.730502231323
0.167389494746537,1.77675465546275,697.47431417736,29.8589354253952,76.5024618571656,685.170919883047,1.48880107815102,17.2132641389983,696.983414221124,99.7932213429412,-153.731867852903,119.589010969724
0.167476517189466,1.77950097331071,697.919850969661,29.8482330303945,76.5751344401673,685.648095761508,1.49066800398824,17.2164823606564,697.420301815344,99.9177935520216,-154.145397756269,119.446050601743
0.167552373422773,1.78219952087803,698.366078868046,29.8374775804034,76.6468246526182,686.125632450279,1.49254229682491,17.2198240630596,697.857147760034,100.042871637006,-154.558164583032,119.301625236496
0.167617279174158,1.78483724130088,698.812975530089,29.826676735917,76.7175255945072,686.603519696787,1.49442388125269,17.2232899771021,698.293952558598,100.168456114187,-154.970162399714,119.155739002996
0.167671543075388,1.78740153096342,699.260513129894,29.8158381804209,76.7872306478269,687.081747131004,1.49631268131132,17.2268808237422,698.730716717191,100.294547492281,-155.381385291195,119.008396050063
0.167715564787602,1.78988035239289,699.70865858524,29.8049696177237,76.8559334794581,687.560304268936,1.49820862049458,17.2305973139545,699.167440744677,100.421146272424,-155.791827360758,118.85960054624
0.167749832254904,1.79226234367446,700.157373827967,29.7940787692739,76.9236280439361,688.039180516181,1.50011162175634,17.2344401486823,699.604125152592,100.548252948165,-156.201482730132,118.709356679706
0.167774918091496,1.7945369231364,700.606616115429,29.7831733714606,76.9903085860963,688.518365171559,1.50202160751662,17.2384100187906,700.040770455113,100.675868005458,-156.610345539536,118.557668658186
0.167791475119362,1.79669438806798,701.05633838047,29.7722611729013,77.055969643597,688.99784743079,1.50393849966765,17.2425076050204,700.477377169016,100.803991922659,-157.01840994772,118.404540708872
0.167800231085571,1.79872600626797,701.506489617062,29.7613499317173,77.120606049318,689.477616390248,1.50586221958,17.2467335779433,700.913945813643,100.932625170516,-157.425670132014,118.249977078328
0.167801982600342,1.80062409927881,701.95701529846,29.7504474127993,77.1842129336335,689.957661050762,1.50779268810868,17.2510885979164,701.350476910861,101.061768212167,-157.83212028836,118.093982032411
0.167797588348793,1.80238211624206,702.40785782441,29.7395613850628,77.2467857265562,690.437970321474,1.50972982559938,17.2555733150395,701.786970985028,101.191421503131,-158.237754631367,117.93655985618
0.167787961640583,1.80399469741133,702.858956993763,29.7286996186976,77.3083201597517,690.918533023754,1.51167355189457,17.2601883691109,702.223428562959,101.321585491302,-158.642567394343,117.777714853812
0.167774062372067,1.80545772648042,703.310250498573,29.7178698824109,77.3688122684226,691.399337895164,1.51362378633982,17.2649343895857,702.659850173882,101.452260616945,-159.04655282934,117.617451348516
0.167756888485014,1.80676837102219,703.761674435606,29.7070799406663,77.4282583930591,691.880373593463,1.51558044778997,17.269811995534,703.096236349409,101.583447312687,-159.449705207196,117.455773682448
0.167737467014036,1.80792511048712,704.213163831038,29.6963375509209,77.4866551810555,692.361628700672,1.51754345461546,17.2748217955999,703.532587623493,101.715146003514,-159.852018817577,117.292686216623
0.167716844821499,1.80892775137518,704.664653173996,29.6856504608608,77.5439995881924,692.843091727167,1.51951272470859,17.2799643879614,703.968904532393,101.847357106763,-160.253487969015,117.128193330833
0.167696079123685,1.809777429368,705.116076954527,29.6750264056381,77.6002888799815,693.32475111582,1.52148817548988,17.2852403602912,704.405187614642,101.980081032119,-160.65410698895,116.962299423558
0.167676227915194,1.81047659838576,705.56737020154,29.6644731051102,77.6555206328732,693.806595246174,1.52346972391441,17.2906502897175,704.841437411001,102.113318181603,-161.053870223771,116.795008911882
0.167658340399979,1.81102900671228,706.018469016276,29.6539982610826,77.709692735326,694.288612438659,1.52545728647819,17.2961947427866,705.277654464429,102.247068949574,-161.452772038853,116.626326231408
0.167643447536895,1.81143966050737,706.469311096885,29.6436095545588,77.7628033887365,694.770790958831,1.52745077922458,17.3018742754253,705.713839320046,102.381333722716,-161.850806818602,116.456255836173
0.16763255280534,1.81171477519447,706.919836249779,29.6333146429957,77.8148511082292,695.253119021644,1.5294501177507,17.3076894329047,706.14999252509,102.516112880038,-162.247968966488,116.284802198564
0.167626623292445,1.81186171537066,707.369986883534,29.6231211575699,77.8658347233061,695.735584795749,1.5314552172139,17.3136407498043,706.586114628888,102.651406792864,-162.644252905088,116.111969809228
0.167626581197473,1.81188892403161,707.819708481271,29.6130367004531,77.9157533783549,696.218176407819,1.53346599233822,17.3197287499769,707.022206182813,102.78721582483,-163.039653076125,115.937763176996
0.167633295841762,1.81180584203285,708.268950047623,29.6030688421002,77.9646065330156,696.700881946887,1.53548235742086,17.3259539465147,707.45826774025,102.923540331876,-163.434163940505,115.76218682879
0.16764757626393,1.81162281881949,708.717664526622,29.593225118552,78.0123939624059,697.183689468704,1.53750422633877,17.3323168417156,707.894299856558,103.060380662243,-163.827779978356,115.585245309543
0.167670164470236,1.81135101554587,709.165809187068,29.5835130287522,78.0591157572032,697.66658700012,1.53953151255514,17.3388179270501,708.330303089034,103.197737156464,-164.220495689064,115.406943182113
0.1677017293994,1.81100230177483,709.613345972242,29.5739400318819,78.1047723235864,698.149562543464,1.54156412912597,17.3454576831299,708.766277996874,103.335610147362,-164.612305591315,115.2272850272
0.167742861649872,1.81058914699086,710.060241811094,29.5645135447126,78.1493643830342,698.63260408094,1.54360198870665,17.3522365796762,709.202225141138,103.473999960041,-165.003204223129,115.046275443258
0.167794069005983,1.81012450818398,710.506468888402,29.5552409389797,78.192892971982,699.115699579031,1.5456450035586,17.3591550754889,709.638145084713,103.612906911882,-165.393186141899,114.863919046418
0.167855772787682,1.80962171476115,710.952004871689,29.5461295387771,78.2353594413372,699.598836992896,1.54769308555588,17.3662136184176,710.074038392273,103.75233131254,-165.782245924425,114.680220470395
0.167928305037099,1.80909435202032,711.396833093092,29.5371866179754,78.2767654558532,700.082004270779,1.54974614619181,17.3734126453314,710.509905630247,103.892273463932,-166.170378166956,114.495184366413
0.168011906544123,1.80855614438155,711.840942684728,29.5284193976644,78.3171129933629,700.565189358405,1.55180409658569,17.3807525820918,710.945747366776,104.032733660237,-166.557577485221,114.308815403115
0.168106725702746,1.80802083951087,712.284328666472,29.5198350436223,78.3564043438712,701.048380203378,1.55386684748944,17.3882338435239,711.381564171681,104.173712187891,-166.943838514469,114.12111826648
0.168212818180474,1.8075020943986,712.726991985494,29.5114406638121,78.3946421085092,701.531564759562,1.55593430929437,17.3958568333905,711.817356616424,104.315209325575,-167.329155909504,113.932097659744
0.168330147374534,1.80701336436804,713.168939507258,29.5032433059071,78.4318291983482,702.01473099146,1.55800639203782,17.4036219443652,712.253125274069,104.457225344217,-167.713524344718,113.74175830331
0.16845858562134,1.80656779589448,713.610183958092,29.4952499548471,78.4679688330777,702.497866878567,1.56008300540999,17.4115295580079,712.688870719247,104.599760506983,-168.096938514132,113.550104934672
0.168597916119552,1.80617812401308,714.050743819859,29.4874675304264,78.5030645395449,702.980960419717,1.56216405876065,17.4195800447391,713.124593528121,104.742815069271,-168.479393131424,113.357142308323
0.168747835522313,1.80585657498907,714.490643177595,29.4799028849147,78.53712015016,703.4639996374,1.56424946110595,17.427773763817,713.560294278344,104.886389278708,-168.860882929972,113.16287519568
0.16890795715073,1.80561477481891,714.929911521422,29.4725628007128,78.5701398011662,703.946972582063,1.56633912113521,17.4361110633136,713.995973549025,105.030483375143,-169.241402662881,112.967308384998
0.169077814778489,1.80546366402874,715.368583504363,29.4654539880443,78.6021279307766,704.42986733638,1.56843294721774,17.4445922800926,714.43163192069,105.175097590641,-169.620947103025,112.770446681286
0.169256866936411,1.80541341914014,715.806698658058,29.4585830826836,78.6330892771803,704.912672019497,1.57053084740967,17.4532177397878,714.867269975249,105.320232149481,-169.999511043075,112.572294906224
0.169444501685859,1.80547338108385,716.244301068738,29.4519566437236,78.6630288764175,705.395374791242,1.57263272946081,17.4619877567819,715.302888295951,105.465887268146,-170.377089295536,112.372857898084
0.169640041810833,1.80565199076299,716.6814390161,29.4455811513812,78.6919520601264,705.877963856306,1.57473850082151,17.4709026341864,715.738487467357,105.612063155322,-170.75367669278,112.172140511642
0.169842750380388,1.80595673189865,717.118164578044,29.439463004845,78.7198644531633,706.360427468383,1.57684806864954,17.4799626638224,716.174068075293,105.75876001189,-171.129268087081,111.970147618101
0.170051836635329,1.80639408123412,717.554533204497,29.433608520164,78.746771971098,706.842753934273,1.57896133981699,17.4891681262013,716.60963070682,105.905978030923,-171.503858350646,111.766884105007
0.170266462155867,1.80696946612955,717.990603263815,29.4280239281791,78.7726808175853,707.324931617943,1.58107822091722,17.4985192905073,717.045175950192,106.053717397676,-171.877442375652,111.562354876162
0.170485747269858,1.80768722954632,718.426435565432,29.4227153724992,78.7975974816168,707.806948944541,1.58319861827173,17.50801641458,717.480704394822,106.20197828959,-172.250015074272,111.35656485155
0.170708777664168,1.80855060239933,718.862092862668,29.4176889075216,78.8215287346523,708.288794404372,1.58532243793714,17.5176597448979,717.916216631243,106.350760876276,-172.621571378717,111.14951896725
0.170934611164438,1.80956168324458,719.29763933972,29.4129504964986,78.8444816276348,708.770456556811,1.58744958571215,17.5274495165625,718.351713251071,106.500065319519,-172.99210624126,110.941222175355
0.171162284650939,1.81072142526739,719.733140087021,29.4085060096515,78.8664634878918,709.251924034182,1.58957996714449,17.5373859532835,718.787194846969,106.649891773266,-173.361614634273,110.731679443889
0.171390821080066,1.81202963054111,720.168660569217,29.4043612223309,78.8874819159228,709.733185545568,1.59171348753793,17.5474692673642,719.222662012607,106.800240383627,-173.730091550258,110.52089575673
0.171619236582345,1.81348495153605,720.604266090092,29.4005218132277,78.907544782078,710.214229880575,1.59385005195928,17.5576996596884,719.658115342627,106.951111288864,-174.09753200188,110.308876113523
0.17184654760841,1.81508489986968,721.04002125879,29.3969933626315,78.9266602231291,710.695045913034,1.59598956524536,17.5680773197071,720.093555432606,107.10250461939,-174.463931021994,110.0956255296
0.17207177809426,1.81682586230137,721.475989461662,29.3937813507409,78.9448366387356,711.175622604649,1.59813193201009,17.5786024254266,720.528982879016,107.254420497765,-174.829283663684,109.881149035904
0.172293966616275,1.81870312398407,721.912232344037,29.3908911560233,78.9620826878081,711.655949008571,1.60027705665147,17.5892751433975,720.96439827919,107.406859038684,-175.193585000286,109.665451678899
0.172512173504837,1.82071089898972,722.348809306135,29.3883280536278,78.978407284773,712.136014272926,1.60242484335868,17.6000956287035,721.399802231282,107.559820348982,-175.556830125427,109.448538520495
0.172725487883207,1.82284236812312,722.785777017209,29.3860972138489,78.9938195957395,712.615807644261,1.60457519611909,17.6110640249519,721.835195334231,107.71330452762,-175.919014153048,109.230414637967
0.172933034595532,1.82508972402755,723.223188951893,29.3842037006442,79.0083290345728,713.095318470935,1.60672801872536,17.6221804642646,722.270578187722,107.867311665687,-176.280132217443,109.011085123869
0.173133980984681,1.8274442235642,723.661094952513,29.3826524702048,79.0219452588764,713.574536206432,1.60888321478254,17.6334450672693,722.705951392152,108.02184184639,-176.64017947328,108.790555085962
0.17332754347718,1.82989624741474,724.099540820952,29.3814483695803,79.0346781658852,714.053450412614,1.61104068771513,17.6448579430922,723.141315548588,108.176895145051,-176.999151095641,108.568829647123
0.173512993929026,1.83243536681146,724.5385679434,29.3805961353574,79.0465378882742,714.532050762889,1.61320034077418,17.656419189351,723.576671258734,108.332471629104,-177.357042280044,108.345913945272
0.173689665682801,1.8350504172431,724.978212951051,29.3801003923942,79.0575347898844,715.010327045319,1.61536207704446,17.6681288921486,724.01201912489,108.488571358087,-177.713848242477,108.121813133292
0.173856959283455,1.83772957891559,725.418507419559,29.3799656526089,79.0676794613688,715.488269165647,1.61752579945152,17.679987126068,724.447359749916,108.64519438364,-178.069564219428,107.896532378941
0.174014347797618,1.84046046366834,725.859477609692,29.3801963138246,79.0769827157631,715.965867150245,1.61969141076887,17.6919939541672,724.882693737194,108.802340749498,-178.424185467911,107.670076864781
0.174161381679516,1.84323020795793,726.30114425137,29.3807966586696,79.0854555839827,716.44311114899,1.62185881362508,17.7041494279755,725.318021690594,108.960010491486,-178.777707265501,107.44245178809
0.174297693125685,1.84602557142544,726.743522372842,29.381770853534,79.0931093102496,716.919991438063,1.62402791051096,17.7164535874902,725.753344214428,109.118203637516,-179.130124910356,107.21366236079
0.17442299986083,1.84883304046268,727.186621176456,29.3831229475823,79.0999553474525,717.396498422664,1.62619860378674,17.7289064611742,726.188661913423,109.276920207583,-179.481433721253,106.98371380936
0.174537108298566,1.85163893608909,727.630443962072,29.3848568718226,79.1060053524436,717.872622639649,1.62837079568918,17.7415080659542,726.623975392674,109.436160213757,-179.83162903761,106.75261137476
0.174639916023401,1.85442952534815,728.074988098773,29.3869764382327,79.1112711812745,718.348354760086,1.63054438833878,17.7542584072196,727.059285257613,109.59592366018,-180.180706219522,106.52036031235
0.17473141354433,1.8571911353324,728.520245045161,29.3894853389416,79.1157648843751,718.823685591732,1.63271928374698,17.7671574788223,727.494592113969,109.756210543063,-180.528660647782,106.286965891812
0.174811685275776,1.85991026885319,728.966200418101,29.3923871454693,79.1194987016788,719.298606081422,1.63489538382332,17.7802052630776,727.929896567728,109.917020850677,-180.875487723914,106.052433397068
0.174880909708288,1.86257372068803,729.412834109398,29.3956853080216,79.1224850576967,719.773107317381,1.63707259038263,17.7934017307644,728.365199225099,110.078354563353,-181.221182870201,105.816768126204
0.174939358739405,1.86516869326746,729.860120449492,29.3993831548429,79.1247365565446,720.247180531448,1.63925080515227,17.8067468411284,728.800500692475,110.240211653476,-181.565741529711,105.579975391386
0.174987396144229,1.86768291060832,730.308028416861,29.4034838916242,79.1262659769261,720.720817101218,1.64142992977931,17.8202405418836,729.235801576395,110.402592085477,-181.909159166323,105.342060518788
0.175025475175381,1.87010472926251,730.756521891446,29.4079906009681,79.1270862670744,721.194008552101,1.64360986583777,17.8338827692168,729.671102483506,110.565495815834,-182.251431264761,105.103028848504
0.175054135293055,1.87242324503275,731.205559950061,29.4129062419102,79.1272105396573,721.666746559291,1.6457905148358,17.8476734477907,730.106404020524,110.728922793063,-182.592553330614,104.862885734478
0.175073998037424,1.87462839421047,731.655097201364,29.4182336494953,79.1266520666473,722.139022949661,1.64797177822296,17.8616124907499,730.5417067942,110.892872957716,-182.932520890368,104.621636544418
0.175085762067682,1.87671104811674,732.10508415768,29.4239755344105,79.1254242741614,722.610829703561,1.65015355739739,17.8756997997255,730.977011411278,111.057346242375,-183.271329491434,104.379286659721
0.175090197404076,1.87866309977594,732.555467640613,29.4301344826727,79.1235407372732,723.082158956537,1.65233575371311,17.8899352648423,731.41231847846,111.222342571648,-183.608974702168,104.135841475394
0.17508813892122,1.88047754162309,733.006191217132,29.4367129553718,79.1210151747999,723.553003000967,1.65451826848719,17.9043187647254,731.847628602367,111.387861862164,-183.945452111906,103.891306399975
0.175080479152486,1.8821485332386,733.45719566253,29.4437132884679,79.117861444069,724.023354287612,1.65670100300707,17.9188501665083,732.2829423895,111.553904022569,-184.280757330986,103.645686855455
0.175068160476082,1.8836714582176,733.908419446456,29.4511376926432,79.1140935356669,724.493205427073,1.65888385853775,17.9335293258413,732.718260446203,111.720468953524,-184.614885990775,103.398988277197
0.175052166763253,1.88504296941261,734.359799238,29.4589882532073,79.1097255681729,724.96254919118,1.66106673632904,17.948356086901,733.153583378627,111.887556547694,-184.947833743697,103.151216113862
0.175033514577698,1.8862610219359,734.811270425661,29.4672669300562,79.104771782881,725.431378514284,1.66324953762285,17.9633302824004,733.588911792688,112.055166689752,-185.279596263258,102.902375827329
0.175013244022531,1.88732489346853,735.262767647892,29.4759755576835,79.0992465385145,725.899686494473,1.66543216366043,17.9784517335995,734.02424629403,112.223299256367,-185.61016924407,102.652472892616
0.17499240933678,1.88823519159328,735.714225329841,29.4851158452443,79.0931643059347,726.367466394698,1.66761451568961,17.9937202503169,734.459587487992,112.391954116204,-185.939548401882,102.401512797804
0.174972069347347,1.88899384804499,736.16557822184,29.4946893766704,79.0865396628475,726.834711643826,1.66979649497208,18.0091356309421,734.894935979562,112.561131129919,-186.267729473601,102.149501043956
0.174953277884473,1.88960409995075,736.616761935183,29.5046976108367,79.0793872885112,727.301415837603,1.67197800279064,18.0246976624487,735.330292373342,112.730830150154,-186.594708217318,101.896443145042
0.17493707426904,1.89007045830976,737.067713470767,29.515141881778,79.0717219584485,727.767572739541,1.67415894045648,18.040406120408,735.765657273514,112.901051021532,-186.920480412338,101.642344627861
0.174924473978395,1.89039866413466,737.518371736216,29.5260233989551,79.0635585391649,728.233176281723,1.6763392093164,18.0562607690031,736.201031283795,113.071793580656,-187.245041859199,101.387211031964
0.174916459594023,1.89059563283959,737.968678047222,29.5373432475706,79.0549119828775,728.698220565524,1.67851871076016,18.0722613610449,736.636415007404,113.2430576561,-187.568388379702,101.131047909573
0.174913972129201,1.89066938761163,738.41857660896,29.549102388932,79.045797322257,729.162699862265,1.68069734622762,18.0884076379875,737.071809047018,113.414843068407,-187.890515816933,100.873860825507
0.174917902828067,1.89062898263758,738.868014973622,29.5613016608631,79.0362296651842,729.626608613778,1.68287501721613,18.1046993299452,737.507214004741,113.587149630087,-188.211420035291,100.615655357105
0.174929085519384,1.8904844171769,739.316944470292,29.5739417781618,79.0262241895266,730.089941432897,1.68505162528772,18.1211361557095,737.94263048206,113.759977145608,-188.531096920508,100.356437094145
0.174948289598918,1.89024654156905,739.76532060364,29.5870233331038,79.0157961379353,730.552693103881,1.68722707207635,18.137717822768,738.378059079808,113.933325411397,-188.849542379681,100.096211638773
0.174976213704033,1.88992695634062,740.213103418181,29.6005467959913,79.0049608126661,731.014858582748,1.68940125929525,18.1544440273226,738.813500398128,114.10719421583,-189.166752341287,99.8349846054177
0.175013480133038,1.88953790563141,740.660257825106,29.614512515746,78.9937335704276,731.47643299755,1.6915740887441,18.1713144543096,739.248955036431,114.281583339234,-189.482722755217,99.572761620722
0.175060630050345,1.88909216619023,741.10675388904,29.6289207205457,78.9821298172584,731.937411648568,1.69374546231634,18.1883287774199,739.684423593358,114.456492553879,-189.797449592793,99.3095483234605
0.175118119506787,1.88860293319961,741.552567072398,29.6437715185026,78.9701650034359,732.397790008437,1.69591528200638,18.2054866591202,740.119906666744,114.631921623975,-190.110928846797,99.0453503644646
0.175186316292855,1.88808370417582,741.997678435372,29.6590648983839,78.9578546184201,732.857563722203,1.69808344991692,18.2227877506747,740.555404853577,114.807870305666,-190.423156531489,98.7801734065458
0.175265497631375,1.88754816215696,742.442074789933,29.6748007303729,78.9452141858338,733.316728607307,1.70024986826612,18.2402316921682,740.990918749962,114.98433834703,-190.734128682641,98.5140231244189
0.175355848705411,1.8870100593401,742.885748806651,29.6909787668689,78.9322592584816,733.775280653511,1.70241443939493,18.2578181125287,741.426448951078,115.161325488071,-191.043841357548,98.2469052046255
0.175457462007357,1.88648310226033,743.328699073472,29.7075986433272,78.9190054134112,734.233216022747,1.70457706577427,18.2755466295521,741.861996051143,115.338831460717,-191.352290635064,97.9788253454574
0.175570337486211,1.88598083952291,743.770930106027,29.7246598791353,78.9054682470178,734.690531048911,1.70673765001231,18.2934168499268,742.297560643375,115.516855988816,-191.659472615617,97.7097892568803
0.175694383462227,1.88551655300774,744.212452309432,29.7421618785271,78.8916633701945,735.147222237589,1.70889609486168,18.311428369259,742.733143319951,115.695398788132,-191.965383421235,97.4398026604574
0.175829418271579,1.88510315336546,744.653281891924,29.7601039315317,78.8776064035309,735.603286265722,1.71105230322673,18.3295807720996,743.16874467197,115.874459566338,-192.270019195571,97.1688712892734
0.17597517259833,1.88475308052066,745.093440731071,29.7784852149579,78.8633129725619,736.058719981212,1.71320617817071,18.3478736319706,743.604365289414,116.054038023018,-192.573376103923,96.897000887858
0.176131292447038,1.88447820979222,745.5329561937,29.7973047934112,78.8487987030682,736.513520402474,1.71535762292307,18.3663065113931,744.04000576111,116.234133849658,-192.875450333261,96.6241972121102
0.176297342706585,1.88428976413755,745.971860911025,29.8165616203445,78.8340792164306,736.967684717918,1.71750654088658,18.3848789619161,744.475666674686,116.414746729642,-193.176238092246,96.3504660292219
0.176472811254345,1.884198232928,746.410192510857,29.8362545391396,78.8191701250413,737.421210285394,1.71965283564463,18.4035905241451,744.911348616542,116.595876338254,-193.475735611257,96.0758131176022
0.176657113549431,1.8842132975707,746.847993309072,29.8563822842195,78.8040870277711,737.874094631565,1.72179641096836,18.4224407277729,745.347052171799,116.777522342667,-193.77393914241,95.8002442668016
0.176849597664378,1.88434376420859,747.285309962915,29.8769434821902,78.7888455054975,738.326335451243,1.72393717082391,18.4414290916094,745.782777924271,116.959684401942,-194.070844959581,95.523765277436
0.17704954970613,1.8845975036574,747.722193088936,29.8979366530104,78.7734611166925,738.777930606662,1.72607501937958,18.4605551236139,746.218526456418,117.142362167028,-194.366449358433,95.2463819611109
0.177256199579264,1.88498139867702,748.158696848712,29.919360211189,78.7579493930739,739.228878126712,1.72820986101302,18.4798183209267,746.654298349311,117.32555528075,-194.660748656432,94.9681001403462
0.177468727047043,1.88550129862509,748.594878505719,29.9412124670086,78.7423258353197,739.679176206118,1.73034160031841,18.4992181699023,747.090094182592,117.509263377812,-194.953739192875,94.6889256485002
0.177686268048739,1.88616198150386,749.03079795698,29.963491627774,78.7266059088488,740.128823204581,1.73247014211362,18.518754146143,747.525914534434,117.693486084792,-195.245417328908,94.4088643296943
0.177907921234599,1.88696712338539,749.466517243283,29.9861957990849,78.7108050396678,740.577817645862,1.73459539144737,18.5384257145333,747.961759981502,117.878223020136,-195.535779447553,94.1279220387373
0.178132754682707,1.88791927518571,749.902100041974,30.0093229861316,78.6949386102863,741.02615821684,1.73671725360636,18.5582323292749,748.397631098917,118.063473794156,-195.824821953723,93.8461046410504
0.178359812764485,1.88901984675327,750.337611146436,30.0328710950119,78.679021955701,741.473843766515,1.73883563412247,18.5781734339229,748.833528460211,118.249238009026,-196.112541274251,93.5634180125914
0.178588123127752,1.89026909823882,750.773115936483,30.05683793407,78.6630703594508,741.920873304979,1.74095043877979,18.598248461422,749.269452637292,118.435515258779,-196.398933857909,93.2798680397798
0.178816703767726,1.89166613872232,751.208679843986,30.081221215254,78.6470990497426,742.367246002348,1.74306157362185,18.6184568341444,749.705404200404,118.622305129301,-196.683996175427,92.9954606194218
0.179044570157308,1.89320893208321,751.644367818052,30.1060185554925,78.6311231956503,742.812961187654,1.74516894495863,18.638797963927,750.141383718086,118.809607198332,-196.967724719521,92.7102016586343
0.179270742408098,1.8948943101126,752.080243794118,30.1312274780886,78.6151579033865,743.258018347709,1.74727245937373,18.6592712521112,750.577391757136,118.997421035457,-197.250116004909,92.4240970747709
0.179494252433036,1.89671799287656,752.516370171266,30.1568454141303,78.5992182126489,743.70241712593,1.74937202373142,18.6798760895817,751.013428882566,119.185746202106,-197.531166568335,92.1371527953462
0.179714151080248,1.8986746163464,752.952807302014,30.1828697039168,78.5833190930413,744.146157321133,1.75146754518373,18.7006118568073,751.44949565757,119.37458225155,-197.81087296859,91.8493747579607
0.179929515205694,1.9007577673123,753.389612998721,30.209297598398,78.5674754405705,744.589238886304,1.75355893117749,18.7214779238813,751.885592643476,119.563928728895,-198.089231786533,91.5607689102268
0.180139454649653,1.90296002558935,753.82684206064,30.2361262606287,78.5517020742191,745.031661927329,1.75564608946142,18.7424736505641,752.321720399717,119.753785171083,-198.366239625113,91.2713412096927
0.180343119079042,1.90527301350788,754.264545825467,30.263352767234,78.5360137325959,745.473426701711,1.75772892809313,18.7635983863249,752.75787948378,119.944151106884,-198.64189310939,90.9810976237689
0.180539704654222,1.90768745265158,754.70277174903,30.2909741098861,78.5204250706629,745.914533617249,1.75980735544615,18.7848514703853,753.194070451176,120.135026056897,-198.916188886555,90.6900441296522
0.180728460475468,1.91019322776757,755.141563016582,30.3189871967913,78.5049506565403,746.354983230703,1.76188128021698,18.8062322317631,753.630293855395,120.326409533542,-199.189123625953,90.3981867142521
0.180908694760817,1.91277945771992,755.580958188843,30.3473888541867,78.4896049683899,746.794776246426,1.76395061143203,18.8277399893173,754.066550247868,120.51830104106,-199.460694019101,90.1055313741154
0.181079780703825,1.91543457329487,756.020990885733,30.3761758278438,78.4744023913765,747.233913514988,1.76601525845463,18.8493740517929,754.502840177928,120.710700075508,-199.730896779713,89.812084115352
0.181241161957034,1.91814640159085,756.461689510358,30.4053447845801,78.459357214708,747.672396031767,1.76807513099201,18.8711337178677,754.939164192771,120.903606124756,-199.999728643716,89.5178509535601
0.181392357684817,1.92090225664127,756.90307701556,30.4348923137772,78.4444836287547,748.110224935529,1.77013013910221,18.8930182761987,755.375522837414,121.097018668486,-200.267186369275,89.222837913752
0.181532967128038,1.92368903582528,757.345170714944,30.4648149289025,78.4297957222465,748.547401506991,1.77218019320106,18.9150270054701,755.811916654657,121.290937178184,-200.53326673681,88.9270510302793
0.181662673622681,1.92649332152234,757.787982139975,30.4951090690369,78.4153074795502,748.983927167364,1.77422520406909,18.9371591744412,756.248346185044,121.48536111714,-200.79796654902,88.6304963467589
0.181781248015472,1.92930148736361,758.231516944333,30.5257711004045,78.4010327780245,749.419803476885,1.77626508285841,18.9594140419957,756.684811966822,121.680289940446,-201.0612826309,88.3331799159981
0.181888551421671,1.93209980832973,758.675774856362,30.5567973179049,78.3869853854545,749.855032133332,1.7782997410996,18.9817908571917,757.121314535901,121.87572309499,-201.323211829764,88.0351077999208
0.181984537273641,1.93487457384313,759.120749680033,30.5881839466473,78.3731789575643,750.289614970533,1.7803290907086,19.0042888593116,757.557854425818,122.071660019453,-201.583751015264,87.7362860694928
0.182069252613628,1.93761220290706,759.566429344456,30.6199271434847,78.3596270356082,750.723553956859,1.78235304399357,19.0269072779142,757.994432167692,122.268100144308,-201.842897079411,87.436720804648
0.182142838590371,1.9402993602558,760.012796001585,30.6520229985472,78.3463430440394,751.156851193708,1.78437151366167,19.0496453328858,758.431048290188,122.465042891815,-202.100646936594,87.1364180942137
0.182205530126602,1.94292307240471,760.45982617134,30.6844675367752,78.3333402882576,751.589508913981,1.78638441282591,19.0725022344936,758.867703319477,122.662487676021,-202.356997523602,86.8353840358367
0.182257654733246,1.94547084242671,760.907490933014,30.7172567194492,78.3206319524321,752.021529480551,1.78839165501196,19.0954771834385,759.304397779195,122.860433902751,-202.611945799642,86.5336247359092
0.182299630455844,1.94793076223719,761.355756161414,30.7503864457177,78.3082310974033,752.452915384724,1.79039315416487,19.11856937091,759.741132190403,123.05888096961,-202.86548874636,86.2311463094944
0.182331962949431,1.95029162114319,761.804582805834,30.78385255412,78.2961506586599,752.883669244698,1.7923888246559,19.1417779786403,760.177907071552,123.257828265981,-203.11762336786,85.9279548802528
0.182355241689502,1.95254300940809,762.253927209611,30.8176508241056,78.284403444391,753.31379380401,1.79437858128917,19.1651021789604,760.614722938435,123.457275173018,-203.368346690727,85.624056580368
0.182370135338524,1.95467541559967,762.703741467626,30.8517769775477,78.2730021336152,753.743291929991,1.79636233930843,19.1885411348561,761.051580304157,123.657221063643,-203.617655764043,85.3194575504726
0.182377386299556,1.95668031652905,763.153973818869,30.8862266802502,78.2619592743819,754.172166612204,1.79834001440375,19.2120940000253,761.488479679086,123.857665302549,-203.865547659406,85.0141639395745
0.182377804500565,1.9585502586506,763.604569070811,30.9209955434481,78.2512872820481,754.600420960897,1.80031152271817,19.2357599189356,761.925421570822,124.05860724619,-204.112019470954,84.7081819049824
0.182372260464732,1.96027892987696,764.055469052127,30.9560791253003,78.2409984376271,755.028058205436,1.80227678085432,19.2595380268828,762.36240648415,124.260046242782,-204.357068315384,84.4015176122325
0.182361677733153,1.96186122086898,764.506613090017,30.9914729323738,78.2311048862094,755.455081692755,1.80423570588113,19.28342745005,762.799434921006,124.461981632302,-204.600691331965,84.0941772350142
0.182347024716599,1.96329327498498,764.957938508206,31.027172421119,78.2216186354553,755.881494885799,1.80618821534033,19.3074273055676,763.236507380434,124.664412746481,-204.842885682565,83.7861669550963
0.182329306062154,1.96457252621512,765.409381141498,31.0631729993351,78.212551554157,756.307301361966,1.8081342272531,19.3315367015741,763.67362435855,124.867338908802,-205.083648551669,83.4774929622534
0.18230955362834,1.96569772458281,765.860875862637,31.0994700276251,78.2039153708708,756.732504811553,1.81007366012659,19.355754737277,764.110786348496,125.0707594345,-205.322977146394,83.1681614541914
0.182288817168704,1.96666894866152,766.312357117116,31.1360588208403,78.1957216726173,757.157109036212,1.81200643296045,19.380080503015,764.547993840409,125.274673630559,-205.560868696513,82.8581786364745
0.182268154828401,1.96748760503001,766.763759461502,31.1729346495125,78.1879819036484,757.581117947399,1.81393246525336,19.4045130803211,764.985247321375,125.479080795707,-205.797320454473,82.5475507224509
0.182248623561233,1.96815641466731,767.215018100826,31.2100927412741,78.1807073642817,758.004535564829,1.81585167700946,19.4290515419855,765.422547275392,125.683980220415,-206.03232969541,82.2362839331791
0.182231269575551,1.96867938646681,767.666069420592,31.2475282822661,78.1739092097984,758.427366014943,1.81776398874483,19.4536949521202,765.859894183331,125.889371186893,-206.265893717176,81.9243844973541
0.182217118916611,1.96906177822402,768.116851508996,31.2852364185319,78.1675984494064,758.849613529373,1.81966932149392,19.4784423662237,766.297288522897,126.095252969092,-206.498009840352,81.6118586512337
0.182207168290233,1.96931004561948,768.567304665053,31.323212257398,78.1617859452656,759.271282443412,1.82156759681594,19.5032928312466,766.734730768588,126.301624832695,-206.728675408267,81.298712638565
0.182202376228166,1.96943177987472,769.017371888422,31.3614508688402,78.1564824115745,759.692377194497,1.82345873680121,19.5282453856577,767.172221391656,126.50848603512,-206.957887787022,80.98495271051
0.182203654689449,1.96943563490163,769.4669993469,31.3999472868345,78.1516984137172,760.112902320691,1.82534266407754,19.5532990595115,767.609760860069,126.715835825515,-207.185644365503,80.6705851255728
0.182211861184412,1.96933124489095,769.916136817734,31.4386965106936,78.1474443674695,760.532862459178,1.82721930181651,19.5784528745152,768.047349638473,126.923673444756,-207.411942555403,80.3556161495249
0.182227791499127,1.96912913339193,770.364738099127,31.4776935063875,78.1437305382625,760.95226234476,1.82908857373977,19.6037058440977,768.484988188148,127.131998125445,-207.63677979124,80.0400520553322
0.182252173088072,1.9688406150205,770.812761388565,31.5169332078475,78.140567040502,761.371106808366,1.83095040412528,19.6290569734781,768.922676966975,127.340809091908,-207.860153530376,79.7238991230813
0.182285659192044,1.96847769099637,771.260169624871,31.5564105182546,78.1379638369433,761.789400775567,1.83280471781357,19.6545052597361,769.360416429393,127.550105560192,-208.082061253036,79.4071636399051
0.18232882372696,1.96805293975018,771.706930791198,31.5961203113105,78.1359307381196,762.207149265099,1.83465144021387,19.6800496918819,769.798207026362,127.759886738063,-208.302500462325,79.08985189991
0.182382156977546,1.96757940385901,772.153018176513,31.6360574324921,78.1344774018216,762.624357387397,1.83649049731034,19.7056892509275,770.236049205322,127.970151825007,-208.521468684248,78.7719702041015
0.182446062118279,1.96707047456435,772.598410593434,31.6762167002876,78.1336133326289,763.041030343134,1.83832181566816,19.7314229099589,770.673943410158,128.18090001222,-208.738963467728,78.453524860311
0.182520852572482,1.96653977510106,773.043092550704,31.7165929074164,78.1333478814892,763.457173421774,1.84014532243965,19.7572496342081,771.111890081158,128.392130482617,-208.954982384626,78.1345221831217
0.182606750209559,1.96600104402082,773.487054378886,31.7571808220294,78.1336902453464,763.872792000126,1.8419609453703,19.7831683811267,771.549889654974,128.603842410818,-209.169523029757,77.8149684937954
0.182703884370126,1.96546801963197,773.930292308332,31.7979751888926,78.1346494668139,764.287891540921,1.84376861280485,19.8091781004595,771.987942564588,128.816034963157,-209.382583020908,77.4948701201981
0.182812291699463,1.96495432660072,774.372808498797,31.8389707305511,78.136234433893,764.702477591385,1.84556825369326,19.8352777343193,772.426049239268,129.028707297672,-209.594159998861,77.1742333967271
0.18293191676145,1.96447336567067,774.814611020512,31.8801621484755,78.1384538797345,765.116555781827,1.84735979759669,19.8614662172621,772.864210104533,129.241858564109,-209.804251627405,76.8530646642365
0.183062613398062,1.96403820736036,775.255713786909,31.9215441241887,78.1413163824414,765.53013182424,1.84914317469341,19.8877424763628,773.302425582114,129.455487903914,-210.012855593358,76.531370269964
0.183204146793705,1.96366149039591,775.696136439581,31.9631113203748,78.1448303649119,765.943211510907,1.85091831578472,19.9141054312921,773.740696089917,129.669594450238,-210.219969606587,76.2091565674571
0.183356196199116,1.96335532553084,776.135904186462,32.004858381968,78.1490040947208,766.355800713019,1.85268515230078,19.9405539943936,774.17902204198,129.884177327929,-210.425591400019,75.8864299164991
0.18351835826637,1.96313120530027,776.575047594572,32.046779937223,78.1538456840379,766.767905379304,1.85444361630646,19.9670870707617,774.617403848444,130.099235653536,-210.629718729667,75.5631966830357
0.183690150944554,1.96299992015583,777.013602339047,32.0888705987665,78.1593630895816,767.179531534664,1.85619364050713,19.9937035583203,775.055841915505,130.314768535302,-210.832349374643,75.2394632391008
0.183871017884848,1.96297148133219,777.451608910532,32.1311249646286,78.165564112606,767.590685278823,1.85793515825437,20.0204023479019,775.494336645385,130.530775073168,-211.03348113718,74.9152359627431
0.184060333304047,1.96305505070882,777.889112283336,32.1735376192559,78.1724563989202,768.001372784986,1.85966810355171,20.0471823233277,775.932888436288,130.747254358764,-211.233111842643,74.5905212379521
0.184257407256667,1.96325887785375,778.326161547083,32.2161031345053,78.1800474389389,768.411600298506,1.86139241106032,20.0740423614878,776.371497682367,130.964205475417,-211.431239339557,74.2653254545843
0.184461491267704,1.96359024436937,778.76280950485,32.2588160706178,78.1883445677607,768.821374135562,1.86310801610459,20.100981332423,776.810164773685,131.18162749814,-211.627861499615,73.9396550082894
0.184671784280523,1.9640554156067,779.199112241099,32.3016709771742,78.197354965275,769.230700681849,1.86481485467777,20.1279980994062,777.248890096176,131.399519493637,-211.822976217702,73.6135163004363
0.184887438877173,1.96465959977216,779.635128662908,32.3446623940309,78.2070856562938,769.639586391272,1.86651286344751,20.1550915190249,777.68767403161,131.6178805203,-212.016581411912,73.2869157380395
0.185107567731327,1.96540691442097,780.070920018244,32.3877848522377,78.2175435107083,770.04803778466,1.86820197976138,20.1822604412647,778.126516957557,131.836709628207,-212.208675023562,72.9598597336847
0.185331250256995,1.96630036031234,780.506549395207,32.4310328749357,78.2287352436682,770.456061448477,1.86988214165232,20.2095037095926,778.565419247347,132.056005859121,-212.399255017214,72.6323547054555
0.185557539418793,1.9673418025928,780.942081206291,32.4744009782371,78.2406674157817,770.863664033552,1.87155328784409,20.2368201610419,779.004381270037,132.275768246488,-212.588319380692,72.3044070768587
0.185785468671891,1.96853195927348,781.377580661893,32.5178836720865,78.2533464333358,771.270852253818,1.87321535775665,20.2642086262971,779.443403390372,132.495995815437,-212.775866125095,71.9760232767511
0.186014059001519,1.96987039697274,781.813113237307,32.5614754611034,78.2667785485338,771.677632885052,1.87486829151152,20.2916679297793,779.88248596875,132.71668758278,-212.961893284822,71.6472097392648
0.186242326033063,1.97135553390633,782.248744137562,32.6051708454071,78.28096985975,772.084012763637,1.87651202993707,20.319196889733,780.321629361183,132.937842557008,-213.146398917584,71.3179729037334
0.186469287184258,1.97298465011846,782.684537764443,32.6489643214231,78.2959263117995,772.489998785322,1.87814651457376,20.3467943183124,780.760833919267,133.159459738292,-213.329381104423,70.988319214618
0.186693968830674,1.97475390495941,783.120557190022,32.692850382672,78.3116536962208,772.895597903998,1.87977168767941,20.3744590216697,781.200099990139,133.381538118482,-213.510837949729,70.6582551214331
0.186915413454685,1.97665836182324,783.556863640977,32.7368235205416,78.3281576515717,773.300817130481,1.8813874922343,20.4021898000427,781.639427916448,133.604076681105,-213.690767581259,70.3277870786721
0.18713268674638,1.97869202016279,783.993515997908,32.7808782250404,78.3454436637343,773.705663531299,1.88299387194634,20.4299854478436,782.078818036314,133.827074401365,-213.869168150153,69.9969215457334
0.187344884622533,1.98084785479498,784.430570313701,32.8250089855358,78.3635170662307,774.110144227497,1.88459077125614,20.4578447537488,782.518270683296,134.050530246141,-214.046037830952,69.6656649868462
0.18755114012689,1.98311786249627,784.868079354883,32.8692102914747,78.3823830405457,774.514266393443,1.88617813534201,20.4857665007883,782.957786186357,134.27444317399,-214.221374821612,69.3340238709959
0.187750630171775,1.98549311586472,785.306092169699,32.9134766330886,78.402046616456,774.918037255644,1.88775591012501,20.5137494664366,783.397364869828,134.498812135142,-214.395177343528,69.0020046718503
0.187942582077586,1.98796382438951,785.744653686433,32.9578025020821,78.4225126723645,775.321464091573,1.88932404227381,20.541792422704,783.837007053373,134.7236360715,-214.567443641544,68.6696138676846
0.188126279863245,1.99051940262215,786.183804345267,33.0021823923068,78.4437859356384,775.724554228499,1.89088247920962,20.5698941362279,784.276713051955,134.948913916642,-214.738171983976,68.3368579413076
0.188301070237379,1.99314854528398,786.623579766695,33.0466108004194,78.4658709829496,776.127315042328,1.89243116911104,20.5980533683655,784.716483175803,135.174644595819,-214.907360662624,68.0037433799867
0.188466368237026,1.9958393090743,787.064010459205,33.0910822265255,78.4887722406165,776.529753956453,1.89397006091881,20.6262688752865,785.156317730377,135.400827025953,-215.075007992793,67.6702766753739
0.188621662458307,1.99857920086199,787.505121568646,33.1355911748092,78.5124939849452,776.931878440608,1.89549910434057,20.6545394080669,785.596217016333,135.62746011564,-215.241112313307,67.3364643234308
0.188766519821887,2.00135527185368,787.946932671361,33.1801321541485,78.5370403425701,777.333696009729,1.89701824985556,20.6828637127825,786.036181329493,135.854542765147,-215.405671986529,67.0023128243544
0.188900589815354,2.00415421723426,788.389457612787,33.2246996787179,78.5624152907909,777.735214222828,1.89852744871925,20.711240530604,786.476210960807,136.082073866412,-215.568685398376,66.6678286825022
0.189023608155047,2.00696248067404,788.832704392899,33.2692882685773,78.5886226579072,778.136440681864,1.90002665296791,20.7396685978921,786.916306196324,136.310052303045,-215.730150958334,66.3330184063175
0.189135399811525,2.00976636299305,789.276675099452,33.3138924502495,78.6156661235473,778.537383030633,1.90151581542317,20.768146646293,787.356467317156,136.538476950328,-215.890067099481,65.9978885082547
0.189235881345725,2.01255213417067,789.721365889624,33.3585067572849,78.6435492189919,778.938048953651,1.90299488969649,20.7966734028348,787.796694599448,136.767346675212,-216.048432278496,65.6624455047044
0.18932506250719,2.01530614778986,790.166767020238,33.4031257308152,78.6722753274899,779.338446175056,1.90446383019359,20.8252475900244,788.236988314345,136.996660336322,-216.205244975681,65.3266959159188
0.189403047051361,2.01801495691437,790.612862926366,33.4477439200961,78.7018476845679,779.738582457507,1.9059225921188,20.8538679259449,788.677348727958,137.226416783951,-216.360503694978,64.9906462659365
0.189470032739877,2.02066543031608,791.059632347709,33.4923558830395,78.7322693783286,780.138465601092,1.90737113147942,20.882533124353,789.117776101337,137.456614860067,-216.514206963982,64.6543030825074
0.189526310496098,2.02324486790183,791.507048501754,33.536956186736,78.7635433497419,780.538103442243,1.90880940508998,20.9112418947783,789.558270690433,137.687253398306,-216.666353333959,64.3176728970179
0.189572262697368,2.02574111413733,791.955079302334,33.5815394079681,78.7956723929227,780.937503852659,1.91023737057642,20.9399929426213,789.998832746073,137.918331223978,-216.816941379865,63.9807622444157
0.189608360595928,2.02814266823205,792.403687621812,33.6261001337144,78.8286591553996,781.336674738223,1.91165498638026,20.9687849692535,790.439462513923,138.149847154065,-216.965969700359,63.6435776631347
0.189635160871489,2.03043878983549,792.85283159479,33.6706329616461,78.8625061383694,781.735624037941,1.91306221176269,20.9976166721172,790.880160234464,138.38179999722,-217.113436917822,63.3061256950195
0.189653301330193,2.03261959900344,793.30246496085,33.715132500615,78.8972156969392,782.13435972287,1.91445900680866,21.0264867448258,791.320926142957,138.614188553769,-217.259341678373,62.9684128852502
0.189663495776697,2.03467616922322,793.752537443544,33.7595933711356,78.9327900403552,782.532889795062,1.91584533243075,21.0553938772648,791.761760469413,138.847011615715,-217.403682651884,62.6304457822673
0.189666528098228,2.03660061234048,794.202995162512,33.8040102058597,78.9692312322156,782.931222286509,1.91722115037323,21.0843367556936,792.202663438567,139.08026796673,-217.546458531998,62.2922309376958
0.189663245611285,2.03838615430546,794.65378107537,33.848377650046,79.0065411906698,783.32936525809,1.91858642321583,21.113314062847,792.643635269846,139.313956382164,-217.687668036145,61.9537749062697
0.189654551733075,2.04002720075443,795.1048354457,33.8926903620233,79.0447216886011,783.727326798525,1.91994111437755,21.1423244780379,793.084676177337,139.548075629042,-217.827309905556,61.6150842457568
0.189641398050401,2.04151939155863,795.556096333316,33.9369430136502,79.0837743537929,784.125115023331,1.92128518812047,21.1713666772599,793.525786369765,139.782624466063,-217.965382905284,61.2761655168827
0.189624775868301,2.04285964360863,796.007500102727,33.9811302907701,79.1237006690791,784.522738073787,1.92261860955338,21.2004393332911,793.966966050459,140.017601643607,-218.101885824216,60.9370252832551
0.189605707329154,2.0440461812523,796.458981945631,34.0252468936623,79.1645019724765,784.920204115895,1.92394134463542,21.2295411157975,794.408215417328,140.25300590373,-218.236817475089,60.597670111288
0.189585236199865,2.04507855396759,796.91047641308,34.0692875374913,79.2061794572994,785.31752133935,1.92525336017963,21.2586706914375,794.849534662829,140.488835980166,-218.37017669451,60.2581065701256
0.189564418430065,2.0459576410228,797.361917952945,34.1132469527526,79.2487341722574,785.71469795651,1.92655462385649,21.2878267239667,795.290923973942,140.725090598331,-218.501962342968,59.9183412315668
0.189544312587856,2.04668564305466,797.813241448208,34.1571198857178,79.2921670215335,786.111742201372,1.92784510419731,21.3170078743426,795.732383532145,140.961768475321,-218.632173304853,59.5783806699884
0.18952597028133,2.04726606067302,798.264382751648,34.2009010988777,79.336478764845,786.508662328549,1.92912477059763,21.3462128008309,796.173913513383,141.198868319916,-218.760808488468,59.2382314622697
0.189510426674019,2.04770366037756,798.715279212469,34.2445853713857,79.3816700174844,786.905466612249,1.93039359332053,21.3754401591108,796.615514088044,141.436388832581,-218.88786682605,58.8979001877158
0.189498691200423,2.04800442824291,799.165870190548,34.288167499501,79.4277412503429,787.302163345257,1.9316515434999,21.404688602382,797.057185420935,141.674328705462,-219.013347273781,58.5573934279813
0.18949173858399,2.0481755119892,799.616097554028,34.3316422970319,79.4746927899134,787.69876083792,1.93289859314356,21.4339567814711,797.498927671253,141.912686622396,-219.137248811809,58.2167177669939
0.189490500254451,2.04822515220375,800.065906156173,34.3750045957818,79.5225248182757,788.095267417133,1.93413471513644,21.4632433449391,797.940740992561,142.151461258908,-219.259570444258,57.8758797908781
0.189495856254378,2.04816260361192,800.515244287534,34.4182492459952,79.5712373730618,788.491691425328,1.93535988324361,21.492546939189,798.382625532764,142.390651282211,-219.380311199247,57.5348860878784
0.189508627716396,2.04799804740913,800.964064099734,34.4613711168081,79.6208303474027,788.888041219462,1.93657407211325,21.5218662085739,798.824581434086,142.630255351211,-219.499470128906,57.1937432482827
0.189529569982942,2.0477424957603,801.412321997376,34.5043650966996,79.6713034898561,789.284325170005,1.9377772572796,21.5511997955052,799.266608833041,142.870272116507,-219.61704630939,56.8524578643455
0.189559366429949,2.04740768964458,801.859978994878,34.5472260939485,79.7226564043152,789.680551659937,1.93896941516578,21.5805463405614,799.708707860416,143.110700220396,-219.733038840896,56.511036530211
0.189598623044651,2.04700599127315,802.307001035314,34.5899490370933,79.7748885498989,790.076729083738,1.94015052308659,21.6099044825975,800.150878641243,143.351538296869,-219.847446847677,56.1694858418362
0.189647863796185,2.04655027233418,802.753359268683,34.632528875397,79.827999240824,790.472865846378,1.94132055925125,21.6392728588544,800.593121294778,143.592784971618,-219.960269478058,55.8278123969136
0.189707526825938,2.04605379932331,803.199030287336,34.6749605793172,79.8819876462586,790.868970362312,1.94247950276598,21.6686501050685,801.03543593448,143.834438862037,-220.071505904451,55.4860227947945
0.18977796147306,2.04553011720092,803.643996316677,34.717239140982,79.9368527901585,791.265051054474,1.94362733363665,21.6980348555822,801.477822667987,144.076498577223,-220.181155323374,55.1441236364113
0.189859426139394,2.04499293257955,804.08824535961,34.7593595746721,79.9925935510855,791.661116353268,1.94476403277124,21.7274257434543,801.920281597095,144.31896271798,-220.28921695546,54.8021215242004
0.189952086987548,2.04445599758995,804.53177129358,34.8013169173098,80.0492086620091,792.057174695558,1.94588958198231,21.7568214005707,802.362812817738,144.561829876821,-220.395690045475,54.4600230620246
0.190056017456111,2.04393299550289,804.974573919468,34.8431062289553,80.1066967100916,792.453234523661,1.94700396398934,21.7862204577559,802.80541641997,144.805098637967,-220.500573862337,54.1178348550956
0.190171198567343,2.04343742909972,805.416658961969,34.8847225933104,80.1650561364572,792.849304284338,1.94810716242103,21.8156215448841,803.248092487937,145.048767577357,-220.603867699123,53.7755635098961
0.190297519995064,2.04298251269126,805.8580380215,34.9261611182308,80.2242852359456,793.245392427777,1.94919916181754,21.8450232909913,803.690841099866,145.292835262643,-220.705570873093,53.4332156341025
0.190434781854184,2.042581068583,806.298728478063,34.9674169362475,80.2843821568505,793.641507406586,1.95027994763265,21.8744243243871,804.133662328043,145.537300253197,-220.805682725697,53.0907978365067
0.190582697168235,2.04224542868086,806.738753347894,35.0084852050963,80.3453449006443,794.037657674768,1.95134950623578,21.903823272767,804.576556238791,145.782161100113,-220.904202622597,52.7483167269378
0.190740894967585,2.04198734182599,807.178141094085,35.0493611082579,80.4071713216892,794.433851686713,1.95240782491408,21.9332187633253,805.019522892456,146.02741634621,-221.001129953676,52.4057789161848
0.190908923968505,2.04181788734458,807.616925392783,35.0900398555072,80.4698591269349,794.830097896169,1.95345489187431,21.9626094228677,805.46256234339,146.273064526033,-221.096464133056,52.0631910159176
0.191086256782041,2.04174739520062,808.055144856866,35.1305166834738,80.533405875605,795.22640475522,1.95449069624469,21.9919938779244,805.905674639929,146.519104165861,-221.190204599111,51.720559638609
0.191272294601484,2.0417853730489,808.492842719404,35.1707868562122,80.5978089788718,795.622780713258,1.95551522807672,22.0213707548637,806.348859824381,146.765533783705,-221.282350814486,51.3778913974565
0.191466372318039,2.04194044040429,808.930066479478,35.2108456657845,80.6630656995206,796.019234215952,1.95652847834688,22.0507386800054,806.792117933007,147.012351889312,-221.372902266103,51.0351929063031
0.191667764015926,2.04222027007248,809.366867513272,35.2506884328532,80.7291731516049,796.415773704212,1.95753043895825,22.0800962797347,807.235448996007,147.259556984173,-221.461858465187,50.6924707795592
0.191875688800367,2.04263153692849,809.803300653609,35.2903105072867,80.7961283000923,796.812407613146,1.95852110274208,22.1094421806161,807.678853037505,147.507147561521,-221.549218947268,50.3497316321238
0.192089316914618,2.04317987408237,810.239423741368,35.3297072687766,80.8639279605037,797.209144371016,1.95950046345926,22.1387750095078,808.122330075533,147.755122106339,-221.634983272208,50.006982079305
0.192307776105074,2.04386983643668,810.675297152428,35.3688741274676,80.9325687985451,797.605992398188,1.96046851580176,22.1680933936762,808.565880122017,148.003479095357,-221.719151024204,49.6642287367418
0.192530158196445,2.04470487161734,811.110983304,35.4078065245997,81.0020473297341,798.002960106075,1.96142525539389,22.1973959609102,809.009503182765,148.252216997067,-221.80172181181,49.3214782203241
0.192755525841773,2.04568729824642,811.546546144351,35.4464999331633,81.0723599190218,798.400055896073,1.96237067879364,22.2266813396363,809.453199257452,148.501334271713,-221.882695267949,48.9787371461142
0.192982919414537,2.04681829152208,811.982050630084,35.4849498585685,81.1435027804114,798.797288158492,1.96330478349378,22.2559481590335,809.89696833961,148.750829371308,-221.962071049925,48.6360121302669
0.193211364012093,2.04809787607427,812.417562195202,35.5231518393259,81.2154719765743,799.194665271481,1.964227567923,22.2851950491482,810.340810416614,149.000700739629,-222.03984883944,48.2933097889501
0.193439876541117,2.0495249260736,812.85314621629,35.561101447743,81.2882634184652,799.592195599942,1.96513903144691,22.3144206410099,810.78472546967,149.250946812226,-222.116028342608,47.9506367382651
0.193667472856435,2.05109717258228,813.288867478141,35.5987942906324,81.3618728649371,799.989887494444,1.96603917436898,22.3436235667461,811.228713473807,149.501566016423,-222.190609289965,47.6079995941672
0.193893174924672,2.05281121814825,813.724789644183,35.6362260100355,81.4362959223575,800.387749290116,1.96692799793138,22.3728024596983,811.672774397865,149.752556771325,-222.263591436489,47.2654049723851
0.194116017983375,2.05466255865309,814.160974736003,35.6733922839588,81.5115280442274,800.785789305545,1.9678055043158,22.4019559545371,812.116908204483,150.003917487822,-222.334974561609,46.9228594883415
0.194335057664854,2.05664561243058,814.597482626196,35.7102888271254,81.5875645308036,801.184015841655,1.96867169664412,22.4310826873787,812.561114850097,150.255646568592,-222.404758469218,46.5803697570728
0.194549377051847,2.0587537566713,815.034370548679,35.74691139174,81.6644005287266,801.582437180583,1.96952657897904,22.4601812958999,813.005394284922,150.507742408109,-222.472942987694,46.2379423931483
0.194758093629471,2.06097937111978,815.471692630442,35.7832557682682,81.7420310306542,801.981061584543,1.97037015632461,22.4892504194546,813.449746452952,150.760203392643,-222.539527969903,45.8955840105906
0.19496036609477,2.06331388905102,815.909499448557,35.8193177862302,81.8204508749033,802.379897294675,1.97120243462669,22.5182886991896,813.894171291947,151.013027900269,-222.604513293222,45.5533012227942
0.195155400981836,2.06574785548312,816.347837616065,35.8550933150087,81.8996547451009,802.778952529893,1.97202342077333,22.5472947781607,814.33866873343,151.26621430087,-222.667898859546,45.2111006424456
0.195342459056931,2.06827099253996,816.78674940012,35.8905782646709,81.9796371698447,803.178235485713,1.97283312259504,22.5762673014486,814.78323870268,151.519760956144,-222.729684595305,44.8689888814417
0.195520861434673,2.0708722718239,817.226272375518,35.9257685868049,82.0603925223765,803.577754333073,1.97363154886506,22.6052049162755,815.227881118724,151.773666219606,-222.789870451476,44.5269725508094
0.195689995363212,2.07353999359194,817.666439116452,35.9606602753703,82.1419150202683,803.977517217143,1.97441870929943,22.6341062721209,815.672595894335,152.027928436596,-222.848456403594,44.1850582606242
0.195849319623688,2.07626187245186,818.107276929035,35.9952493675622,82.224198725123,804.377532256116,1.97519461455705,22.6629700208377,816.117382936026,152.282545944285,-222.90544245177,43.8432526199291
0.195998369487337,2.07902512920805,818.548807626794,36.0295319446901,82.3072375422918,804.777807539995,1.97595927623968,22.691794816769,816.562242144048,152.537517071678,-222.9608286207,43.5015622366529
0.196136761172525,2.08181658839221,818.991047351007,36.0635041330702,82.3910252206082,805.178351129359,1.97671270689176,22.7205793168635,817.007173412383,152.792840139622,-223.014614959678,43.1599937175292
0.196264195743961,2.08462278091401,819.434006437373,36.0971621049308,82.475555352142,805.57917105412,1.97745492000028,22.7493221807922,817.452176628746,153.048513460808,-223.066801542611,42.8185536680142
0.196380462397446,2.08743005116344,819.877689330155,36.1305020793321,82.5608213719733,805.980275312263,1.97818592999441,22.7780220710646,817.89725167458,153.304535339784,-223.117388468031,42.477248692205
0.19648544107593,2.09022466779351,820.322094544519,36.1635203230988,82.6468165579884,806.381671868575,1.97890575224523,22.8066776531445,818.342398425057,153.560904072953,-223.166375859107,42.1360853927581
0.196579104366373,2.09299293731125,820.767214677444,36.1962131517654,82.7335340306991,806.783368653352,1.97961440306516,22.8352875955661,818.787616749074,153.817617948585,-223.213763863657,41.7950703708065
0.196661518632001,2.09572131951036,821.213036467125,36.2285769305354,82.8209667530879,807.185373561102,1.98031189970754,22.8638505700504,819.232906509258,154.074675246821,-223.259552654162,41.4542102258781
0.196732844340996,2.09839654369367,821.659540900454,36.2606080752514,82.9091075304779,807.58769444922,1.9809982603659,22.8923652516205,819.678267561961,154.33207423968,-223.303742427778,41.1135115558128
0.196793335560404,2.10100572455984,822.106703367711,36.2923030533792,82.9979490104327,807.990339136657,1.98167350417332,22.920830318718,820.123699757266,154.589813191062,-223.346333406347,40.7729809566804
0.196843338592944,2.10353647657056,822.554493863255,36.3236583850022,83.0874836826841,808.393315402565,1.98233765120162,22.9492444533185,820.569202938987,154.847890356761,-223.387325836411,40.4326250226975
0.19688328974441,2.10597702557316,823.002877230595,36.3546706438284,83.1777038790915,808.796630984931,1.98299072246048,22.9776063410471,821.014776944669,155.106303984466,-223.426719989224,40.0924503461448
0.196913712220169,2.10831631643183,823.451813449856,36.3853364582081,83.2686017736338,809.200293579193,1.98363273989645,23.0059146712944,821.460421605598,155.365052313774,-223.46451616076,39.7524635172843
0.196935212160779,2.11054411542028,823.901257965312,36.4156525121628,83.3601693824352,809.604310836832,1.98426372639193,23.0341681373312,821.906136746797,155.624133576188,-223.50071467173,39.4126711242757
0.196948473838671,2.11265110614984,824.351162050312,36.4456155464238,83.4523985638262,810.008690363958,1.98488370576405,23.0623654364244,822.351922187035,155.883545995134,-223.535315867594,39.0730797530933
0.196954254049935,2.11462897785177,824.80147320662,36.4752223594815,83.545281018442,810.413439719865,1.98549270276338,23.0905052699516,822.797777738835,156.14328778596,-223.568320118567,38.7336959874426
0.196953375747224,2.11647050489886,825.25213559487,36.5044698086437,83.6388082893589,810.818566415582,1.98609074307271,23.1185863435162,823.243703208471,156.403357155949,-223.599727819636,38.3945264086766
0.19694672097142,2.11816961654079,825.703090492639,36.5333548111031,83.7329717622709,811.224077912393,1.98667785330559,23.1466073670623,823.689698395984,156.663752304324,-223.629539390569,38.055577595712
0.196935223150644,2.11972145593686,826.154276776315,36.5618743450134,83.8277626657075,811.629981620345,1.98725406100485,23.174567054989,824.135763095183,156.924471422256,-223.657755275927,37.7168561249452
0.196919858845241,2.12112242769808,826.605631422825,36.5900254505729,83.9231720712944,812.036284896737,1.9878193946411,23.2024641262646,824.581897093657,157.185512692872,-223.684375945074,37.3783685701682
0.196901639026283,2.12237023329546,827.05709002706,36.6178052311163,84.0191908940586,812.442995044585,1.98837388361097,23.2302973045413,825.028100172779,157.446874291261,-223.709401892192,37.0401215024845
0.196881599982629,2.12346389384942,827.508587330712,36.6452108542127,84.1158098927789,812.850119311077,1.98891755823547,23.2580653182685,825.47437210772,157.708554384486,-223.732833636288,36.7021214902246
0.196860793957587,2.12440375998415,827.960057758165,36.6722395527704,84.2130196703838,813.257664886001,1.98945044975811,23.2857669008067,825.920712667458,157.970551131589,-223.754671721204,36.3643750988612
0.196840279620462,2.12519150860607,828.411435954997,36.6988886261468,84.3108106743976,813.665638900156,1.98997259034297,23.3134007905409,826.367121614784,158.232862683598,-223.774916715634,36.0268888909247
0.196821112480794,2.12583012664421,828.862657324621,36.7251554412643,84.4091731974366,814.074048423743,1.99048401307275,23.3409657309935,826.81359870632,158.495487183541,-223.793569213128,35.6896694259182
0.19680433535369,2.12632388196829,829.313658558656,36.7510374337295,84.5080973777567,814.48290046474,1.99098475194663,23.3684604709378,827.260143692527,158.758422766447,-223.810629832106,35.3527232602325
0.196790968983389,2.12667828187377,829.764378156609,36.776532108957,84.607573199853,814.892201967255,1.99147484187814,23.3958837645095,827.706756317717,159.021667559361,-223.826099215869,35.0160569470607
0.196782002929186,2.12690001968829,830.214756930594,36.8016370432961,84.7075904951138,815.301959809856,1.99195431869284,23.4232343713201,828.153436320072,159.285219681351,-223.839978032606,34.6796770363129
0.196778386812951,2.12699691020801,830.664738490916,36.8263498851594,84.80813894253,815.712180803891,1.99242321912603,23.4505110565678,828.600183431649,159.549077243514,-223.852266975407,34.3435900745306
0.196781022021099,2.12697781481107,831.114269708515,36.8506683561537,84.9092080694599,816.122871691778,1.99288158082026,23.47771259115,829.046997378405,159.813238348988,-223.862966762274,34.0078026048011
0.19679075394594,2.12685255721728,831.563301150474,36.8745902522119,85.010787252453,816.534039145287,1.99332944232284,23.5048377517738,829.493877880203,160.077701092962,-223.872078136127,33.6723211666712
0.196808364842226,2.12663183096546,832.011787484997,36.8981134447239,85.1128657181318,816.945689763792,1.99376684308323,23.5318853210676,829.940824650837,160.342463562683,-223.879601864817,33.3371522960617
0.19683456736453,2.12632709976021,832.45968785257,36.9212358816688,85.2154325441341,817.357830072514,1.9941938234503,23.558854087691,830.38783739804,160.607523837465,-223.885538741137,33.0023025251805
0.196869998840177,2.12595049189909,832.906966200235,36.943955588744,85.3184766601165,817.770466520739,1.99461042466958,23.5857428464456,830.834915823509,160.872879988702,-223.889889582825,32.6677783824368
0.196915216320998,2.12551469002626,833.353591576293,36.9662706704932,85.4219868488202,818.183605480019,1.99501668888037,23.6125503983841,831.28205962292,161.138530079875,-223.892655232582,32.333586392354
0.196970692445517,2.1250328174722,833.799538383011,36.988179311431,85.5259517472005,818.597253242362,1.9954126591128,23.6392755509204,831.729268485948,161.404472166562,-223.893836558076,31.9997330754834
0.197036812131546,2.12451832242973,834.244786585326,37.0096797771639,85.6303598476203,819.011416018394,1.99579837928474,23.6659171179378,832.176542096284,161.670704296449,-223.893434451951,31.6662249483169
0.19711387010781,2.12398486118735,834.689321873838,37.0307704155065,85.7351994991099,819.426099935507,1.99617389419872,23.6924739198982,832.62388013166,161.937224509341,-223.891449831839,31.3330685232
0.197202069282412,2.12344618159207,835.133135780826,37.0514496575924,85.8404589086931,819.841311036001,1.99653924953866,23.7189447839497,833.071282263866,162.20403083717,-223.887883640367,31.0002703082446
0.197301519935919,2.1229160078489,835.576225748356,37.0717160189785,85.9461261427803,820.257055275193,1.99689449186658,23.7453285440345,833.518748158775,162.471121304006,-223.882736845167,30.6678368072416
0.197412239717682,2.12240792768504,836.018595147974,37.0915681007424,86.0521891286307,820.67333851952,1.99723966861922,23.771624040996,833.966277476362,162.73849392607,-223.876010438881,30.3357745195731
0.19753415441602,2.1219352828162,836.460253251865,37.1110045905716,86.1586356558837,821.09016654463,1.99757482810453,23.7978301226853,834.413869870732,163.006146711743,-223.867705439174,30.0040899401246
0.197667099466039,2.12151106355433,836.901215155747,37.1300242638433,86.2654533781597,821.507545033449,1.99790001949811,23.8239456440675,834.861524990138,163.274077661575,-223.857822888742,29.6727895591972
0.197810822153312,2.12114780829234,837.341501654177,37.148625984695,86.3726298147332,821.925479574243,1.99821529283959,23.8499694673278,835.309242477013,163.5422847683,-223.846363855316,29.3418798624193
0.197964984467416,2.12085750849634,837.781139069311,37.166808707084,86.4801523522761,822.343975658662,1.99852069902882,23.8759004619757,835.757021967986,163.810766016845,-223.833329431675,29.0113673306583
0.198129166556323,2.12065151973163,838.220159034565,37.1845714758347,86.5880082466745,822.763038679772,1.99881628982213,23.9017375049507,836.204863093918,164.07951938434,-223.818720735649,28.6812584399321
0.198302870730968,2.12054047914862,838.658598234944,37.2019134276738,86.6961846249177,823.182673930079,1.99910211782832,23.9274794807255,836.652765479922,164.348542840133,-223.802538910132,28.3515596613203
0.198485525968706,2.12053422976116,839.09649810621,37.2188337922519,86.8046684870616,823.602886599536,1.99937823650475,23.9531252814103,837.100728745393,164.6178343458,-223.784785123085,28.0222774608757
0.19867649286484,2.12064175176416,839.533904495339,37.23533189315,86.9134467082656,824.02368177355,1.99964470015322,23.9786738068551,837.548752504034,164.887391855155,-223.765460567547,27.6934182995346
0.198875068982711,2.12087110106275,839.970867285063,37.2514071488713,87.0225060409048,824.445064430969,1.99990156391579,24.0041239647526,837.99683636389,165.157213314265,-223.74456646164,27.3649886330284
0.19908049455487,2.12122935512118,840.407439985559,37.2670590738156,87.1318331167572,824.867039442067,2.00014888377054,24.0294746707394,838.44497992737,165.427296661461,-223.722104048577,27.0369949117934
0.199291958490363,2.12172256618798,840.843679296622,37.2822872792374,87.2414144492661,825.289611566525,2.00038671652725,24.054724848498,838.893182791286,165.697639827348,-223.698074596667,26.7094435808817
0.199508604646009,2.12235572191464,841.279644643896,37.2970914741843,87.3512364358793,825.712785451397,2.00061511982294,24.0798734298567,839.341444546874,165.968240734821,-223.672479399325,26.3823410798712
0.199729538322491,2.12313271335686,841.71539769293,37.3114714664174,87.4612853604635,826.136565629082,2.0008341521174,24.1049193548897,839.789764779836,166.239097299078,-223.645319775078,26.0556938427759
0.199953832948959,2.12405631033131,842.151001845016,37.3254271633106,87.5715473957964,826.560956515284,2.00104387268858,24.1298615720166,840.238143070365,166.510207427627,-223.616597067569,25.7295082979554
0.200180536922455,2.12512814409325,842.58652171892,37.3389585727287,87.6820086061346,826.985962406975,2.00124434162792,24.1546990381008,840.68657899318,166.781569020306,-223.586312645566,25.403790868025
0.200408680570681,2.12634869730156,843.022022622694,37.3520658038835,87.7926549498585,827.411587480351,2.00143561983559,24.1794307185475,841.135072117561,167.053179969291,-223.554467902964,25.0785479697647
0.200637283208276,2.12771730124468,843.457570019887,37.3647490681663,87.9034722821947,827.837835788795,2.00161776901567,24.2040555874011,841.583622007382,167.325038159112,-223.521064258799,24.7537860140289
0.200865360257803,2.1292321403116,843.893228994471,37.3770086799571,88.014446358015,828.264711260839,2.00179085167121,24.2285726274419,842.032228221148,167.597141466666,-223.486103157243,24.4295114056556
0.201091930406935,2.13089026370416,844.329063718843,37.3888450574075,88.1255628347118,828.692217698124,2.00195493109921,24.2529808302817,842.480890312028,167.86948776123,-223.44958606762,24.105730543375
0.201316022772901,2.13268760439799,844.765136929213,37.4002587231982,88.2368072751515,829.120358773371,2.00211007138559,24.2772791964591,842.929607827894,168.142074904473,-223.411514484404,23.7824498197183
0.201536684044073,2.13461900536711,845.20150941266,37.4112503052696,88.3481651507036,829.549138028354,2.00225633739995,24.301466735534,843.378380311355,168.414900750475,-223.371889927227,23.4596756209267
0.201752985566736,2.13667825308901,845.638239510008,37.421820537524,88.4596218443467,829.97855887188,2.00239379479039,24.3255424661813,843.8272072998,168.687963145735,-223.330713940885,23.1374143268593
0.201964030342593,2.13885811834144,846.075382638583,37.4319702604988,88.5711626538508,830.40862457778,2.00252250997812,24.3495054162839,844.276088325432,168.961259929191,-223.287988095341,22.8156723109014
0.202168959899635,2.14115040428682,846.512990838735,37.4417004220104,88.682772795035,830.839338282906,2.00264255015209,24.3733546230249,844.725022915307,169.234788932228,-223.24371398573,22.4944559398729
0.202366960995692,2.14354600181435,846.951112347814,37.4510120777666,88.7944374051012,831.270702985145,2.0027539832635,24.3970891329786,845.174010591378,169.5085479787,-223.197893232365,22.1737715739357
0.2025572721105,2.14603495207229,847.3897912051,37.4599063919477,88.9061415460422,831.70272154144,2.0028568780202,24.420708002202,845.623050870531,169.782534884936,-223.15052748074,21.8536255665014
0.202739189678671,2.14860651607314,847.829066890896,37.4683846377547,89.0178702081252,832.135396665833,2.00295130388108,24.4442102963238,846.072143264628,170.056747459766,-223.101618401534,21.534024264139
0.202912074012689,2.15124925119324,848.268974002759,37.4764481979244,89.1296083134475,832.568730927519,2.00303733105032,24.4675950906338,846.521287280552,170.331183504524,-223.051167690615,21.214974006482
0.203075354862199,2.15395109431483,848.709541971525,37.4840985652093,89.2413407195673,833.002726748922,2.00311503047159,24.4908614701711,846.970482420242,170.605840813072,-222.999177069045,20.8964811261354
0.203228536553634,2.15669945127614,849.150794819468,37.4913373428229,89.3530522232057,833.437386403784,2.00318447382216,24.5140085298113,847.419728180742,170.880717171813,-222.94564828308,20.578551948583
0.203371202652774,2.1594812922029,849.592750962598,37.4981662448484,89.4647275640205,833.872712015292,2.00324573350697,24.5370353743533,847.869024054243,171.155810359705,-222.890583104179,20.2611927920934
0.203503020092367,2.16228325219677,850.03542305875,37.5045870966103,89.5763514284512,834.308705554205,2.00329888265255,24.5599411186047,848.31836952813,171.431118148277,-222.833983329002,19.9444099676274
0.203623742707588,2.16509173675369,850.478817902728,37.5106018350086,89.6879084536335,834.745368837031,2.00334399510096,24.5827248874666,848.76776408502,171.706638301649,-222.775850779415,19.6282097787434
0.203733214123992,2.16789303118169,850.922936369417,37.5162125088137,89.7993832313827,835.182703524212,2.00338114540355,24.6053858160177,849.217207202815,171.982368576542,-222.716187302492,19.3125985215045
0.203831369945813,2.17067341318551,851.367773405352,37.5214212789222,89.910760312245,835.620711118347,2.00341040881473,24.6279230495972,849.666698354745,172.258306722298,-222.65499477052,18.9975824843837
0.203918239197014,2.17341926768824,851.813318068866,37.5262304185719,90.0220242096152,836.059392962448,2.00343186128564,24.6503357438871,850.116237009415,172.534450480896,-222.592275080997,18.68316794817
0.203993944973411,2.1761172028706,852.259553618529,37.5306423135164,90.13315940392,836.498750238221,2.00344557945769,24.672623064993,850.565822630854,172.810797586971,-222.528030156637,18.369361185874
0.204058704271424,2.17875416633012,852.70645764918,37.5346594621574,90.2441503468654,836.93878396439,2.00345164065614,24.6947841895248,851.015454678559,173.087345767824,-222.462261945371,18.0561684626332
0.204112826967469,2.18131756019755,853.154002274504,37.5382844756344,90.3549814657467,837.379494995049,2.0034501228835,24.7168183046759,851.465132607549,173.364092743446,-222.39497242035,17.7435960356172
0.204156713931593,2.18379535399967,853.602154354654,37.5415200778715,90.4656371678201,837.820884018063,2.00344110481292,24.7387246083017,851.914855868412,173.641036226533,-222.326163579943,17.4316501539329
0.204190854269466,2.18617619402799,854.050875767129,37.5443691055796,90.5761018447344,838.262951553498,2.00342466578147,24.7605023089968,852.364623907353,173.918173922501,-222.255837447742,17.1203370585292
0.204215821698114,2.18844950796352,854.50012371866,37.5468345082148,90.6863598770202,838.705697952103,2.0034008857834,24.7821506261719,852.814436166248,174.195503529507,-222.183996072561,16.8096629821014
0.204232270072561,2.19060560352068,854.949851095612,37.5489193478908,90.7963956386366,839.149123393831,2.00336984546327,24.8036687901288,853.264292082693,174.473022738465,-222.110641528437,16.499634148996
0.204240928092608,2.1926357599084,855.400006850007,37.5506267992458,90.906193501573,839.593227886404,2.00333162610905,24.8250560421356,853.714191090056,174.750729233065,-222.035775914631,16.1902567751151
0.20424259323105,2.19453231096463,855.850536418015,37.5519601492626,91.0157378405033,840.038011263936,2.00328630964512,24.8463116344996,854.164132617528,175.028620689789,-221.959401355626,15.8815370678198
0.204238124936395,2.19628871890048,856.301382167482,37.5529227970421,91.1250130374924,840.483473185593,2.00323397862528,24.8674348306401,854.61411609018,175.306694777932,-221.881520001132,15.5734812258349
0.204228437174418,2.19789963769182,856.752483870797,37.5535182535289,91.2340034867518,840.929613134315,2.00317471622557,24.88842490516,855.064140929009,175.584949159618,-221.802134026079,15.2660954391521
0.204214490383335,2.19936096527723,857.203779199211,37.5537501411886,91.3426935994429,841.376430415585,2.00310860623709,24.9092811439162,855.514206551001,175.863381489821,-221.721245630623,14.9593858889336
0.204197282926716,2.2006698838597,857.655204234521,37.5536221936372,91.4510678085262,841.823924156261,2.00303573305881,24.9300028440891,855.964312369178,176.141989416383,-221.638857040142,14.6533587474155
0.204177842136396,2.20182488776268,858.10669399389,37.5531382552207,91.5591105736533,842.272093303456,2.0029561816902,24.9505893142509,856.414457792656,176.420770580033,-221.554970505235,14.3480201778108
0.204157215044229,2.20282579845615,858.558182963462,37.5523022805457,91.6668063861006,842.720936623484,2.00287003772386,24.971039874433,856.8646422267,176.699722614404,-221.469588301722,14.0433763342127
0.204136458906496,2.20367376654139,859.009605636355,37.5511183339599,91.7741397737427,843.170452700868,2.0027773873381,24.9913538561923,857.31486507278,176.978843146058,-221.382712730642,13.7394333614968
0.20411663162799,2.20437126066138,859.46089705058,37.5495905889829,91.8810953060614,843.620639937403,2.00267831728939,25.0115306026768,857.76512572863,177.258129794501,-221.294346118251,13.4361973952245
0.204098782194162,2.2049220434818,859.911993322431,37.5477233276858,91.9876575991904,844.071496551294,2.00257291490484,25.0315694686889,858.2154235883,177.537580172203,-221.204490816021,13.1336745615443
0.2040839412192,2.2053311350639,860.362832170943,37.5455209400204,92.0938113209917,844.523020576354,2.00246126807456,25.0514698207492,858.665758042218,177.817191884621,-221.113149200638,12.8318709770951
0.204073111715568,2.20560476411912,860.813353429067,37.5429879230972,92.1995411961613,844.975209861267,2.00234346524391,25.0712310371584,859.116128477245,178.096962530216,-221.020323673998,12.5307927489073
0.204067260186391,2.20575030779423,861.263499537354,37.5401288804126,92.3048320113627,845.428062068933,2.00221959540583,25.0908525080577,859.566534276737,178.376889700477,-220.926016663204,12.2304459743055
0.204067308136267,2.20577622078098,861.713216016074,37.5369485210233,92.4096686203847,845.881574675869,2.00208974809297,25.1103336354887,860.016974820601,178.656970979937,-220.830230620568,11.9308367408094
0.204074124088732,2.20569195467322,862.162451911873,37.5334516586708,92.5140359493212,846.335744971694,2.00195401336987,25.1296738334525,860.467449485354,178.937203946197,-220.732968023601,11.6319711260356
0.204088516189969,2.20550786860456,862.611160215314,37.529643210853,92.6179190017705,846.790570058686,2.00181248182496,25.1488725279665,860.917957644188,179.217586169949,-220.634231375013,11.333855197599
0.204111225468531,2.20523513228907,863.059298245864,37.5255281978443,92.721302864051,847.246046851412,2.00166524456266,25.1679291571211,861.368498667023,179.498115214992,-220.53402320271,11.0364950130135
0.204142919810225,2.20488562265514,863.506828001185,37.521111741664,92.824172710431,847.702172076437,2.00151239319526,25.1868431711348,861.819071920574,179.778788638257,-220.432346059789,10.7398966195935
0.204184188696012,2.20447181530748,863.95371646788,37.5163990649927,92.9265138083694,848.158942272114,2.00135401983489,25.2056140324082,862.269676768409,180.059603989827,-220.329202524532,10.444066054354
0.20423553873919,2.20400667207387,864.399935891172,37.511395490037,93.0283115237643,848.616353788451,2.00119021708532,25.2242412155772,862.720312571013,180.34055881296,-220.224595200405,10.1490093439115
0.204297390046414,2.20350352589356,864.845464001328,37.5061064373426,93.129551326208,849.074402787065,2.0010210780338,25.242724207564,863.170978685849,180.621650644113,-220.118526716049,9.85473250438431
0.204370073415665,2.20297596428196,865.290284195012,37.5005374245553,93.2302187942426,849.533085241206,2.00084669624277,25.2610625076285,863.621674467418,180.902877012957,-220.010999725281,9.56124154129276
0.204453828373173,2.20243771256566,865.734385670116,37.4946940651313,93.3302996206167,849.992396935885,2.00066716574154,25.279255627417,864.072399267328,181.184235442409,-219.90201690708,9.26854244945907
0.204548802040972,2.2019025180224,866.17776351301,37.4885820669959,93.4297796175374,850.452333468065,2.00048258101798,25.2973030910105,864.523152434351,181.465723448647,-219.791580965589,8.9766412129073
0.204655048817207,2.20138403598715,866.620418737525,37.4822072311511,93.5286447219162,850.912890246958,2.00029303701007,25.3152044349717,864.973933314491,181.747338541137,-219.679694630106,8.6855438047629
0.204772530842871,2.20089571889886,867.062358275405,37.4755754502326,93.6268810006046,851.374062494394,2.00009862909748,25.332959208391,865.424741251048,182.029078222656,-219.566360655077,8.39525618715223
0.204901119221307,2.20045070916697,867.503594918347,37.4686927070168,93.7244746556173,851.835845245286,1.999899453093,25.3505669729304,865.875575584679,182.310939989312,-219.45158182009,8.10578431110179
0.205040595950754,2.20006173663493,867.944147212121,37.4615650728773,93.8214120293393,852.298233348181,1.99969560523405,25.3680273028676,866.326435653466,182.59292133057,-219.33536092987,7.81713411643734
0.205190656525455,2.19974102131303,868.384039303702,37.4541987061919,93.9176796097141,852.761221465904,1.99948718217405,25.3853397851374,866.777320792983,182.875019729278,-219.217700814268,7.52931153168283
0.205350913157366,2.19950018194791,868.823300742668,37.446599850701,94.0132640354087,853.224804076287,1.99927428097378,25.402504019373,867.228230336354,183.157232661685,-219.098604328259,7.24232247395912
0.205520898568306,2.19935015089426,869.26196623853,37.4387748338164,94.1081521009543,853.688975472994,1.9990569990927,25.4195196179455,867.67916361433,183.43955759747,-218.978074351929,6.95617284888254
0.20570007030137,2.19930109565722,869.700075375994,37.430730064883,94.2023307618575,854.153729766433,1.9988354343802,25.4363862060022,868.130119955344,183.721991999764,-218.856113790468,6.67086855046333
0.205887815500497,2.19936234738564,870.137672290498,37.4224720333923,94.2957871396797,854.619060884765,1.99860968506684,25.4531034215039,868.581098685587,184.004533325178,-218.732725574166,6.3864154610038
0.206083456108055,2.19954233651659,870.574805306686,37.4140073071492,94.3885085270818,855.084962575,1.99837984975551,25.4696709152606,869.032099129068,184.287179023821,-218.607912658398,6.10281945099639
0.20628625443209,2.19984853570342,871.011526542781,37.4053425303927,94.4804823928293,855.551428404194,1.9981460274126,25.4860883509663,869.483120607685,184.569926539331,-218.481678023621,5.82008637902153
0.206495419037232,2.20028741010305,871.447891484083,37.3964844218709,94.5716963867577,856.018451760725,1.99790831735911,25.5023554052324,869.934162441291,184.852773308898,-218.354024675358,5.53822209164536
0.206710110915954,2.20086437505386,871.883958529075,37.3874397728711,94.662138344691,856.48602585568,1.99766681926167,25.5184717676196,870.385223947764,185.13571676329,-218.224955644197,5.25723242331719
0.206929449899869,2.20158376114312,872.319788511839,37.3782154452062,94.7517962933133,856.954143724318,1.99742163312361,25.5344371406688,870.836304443069,185.418754326879,-218.094473985772,4.97712319626692
0.207152521273607,2.20244878664205,872.75544420465,37.3688183691578,94.8406584549889,857.422798227641,1.99717285927594,25.5502512399307,871.287403241336,185.701883417663,-217.96258278076,4.69790022040215
0.207378382556611,2.20346153727575,873.190989804827,37.3592555413766,94.9287132525275,857.891982054043,1.99692059836828,25.5659137939942,871.738519654918,185.985101447297,-217.829285134866,4.41956929320524
0.20760607042053,2.20462295329337,873.626490409974,37.349534022742,95.0159493138921,858.361687721069,1.99666495135982,25.581424544513,872.189652994467,186.268405821119,-217.694584178813,4.1421361996301
0.207834607711812,2.2059328238086,874.062011485904,37.3396609361807,95.1023554768451,858.831907577251,1.99640601951019,25.596783246232,872.640802569001,186.551793938172,-217.558483068334,3.86560671199892
0.208063010550355,2.20738978839007,874.497618331554,37.3296434644462,95.1879207935313,859.302633804043,1.99614390437031,25.6119896670107,873.091967685973,186.835263191234,-217.420984984156,3.58998658989858
0.208290295475691,2.20899134589309,874.933375545243,37.3194888478597,95.2726345349929,859.773858417853,1.99587870777322,25.6270435878472,873.543147651338,187.118810966847,-217.282093131988,3.31528158007711
0.208515486612004,2.210733870536,875.36934649661,37.3092043820132,95.3564861956146,860.245573272155,1.99561053182487,25.6419448028998,873.994341769628,187.402434645339,-217.141810742515,3.04149741633972
0.208737622822443,2.2126126352336,875.805592808523,37.298797415437,95.4394654974941,860.717770059699,1.99533947889487,25.6566931195072,874.445549344018,187.686131600856,-217.000141071379,2.76863981944493
0.208955764821563,2.21462184220456,876.242173853167,37.2882753472314,95.5215623947376,861.190440314809,1.99506565160728,25.6712883582079,874.896769676395,187.969899201384,-216.857087399166,2.49671449700032
0.209169002212503,2.21675466086735,876.67914626642,37.2776456246648,95.6027670776745,861.663575415774,1.99478915283125,25.6857303527584,875.348002067432,188.253734808785,-216.712653031399,2.22572714335827
0.20937646041276,2.21900327302792,877.11656348447,37.2669157407384,95.6830699769898,862.137166587315,1.99451008567174,25.7000189501491,875.799245816657,188.537635778818,-216.566841298519,1.95568343951144
0.209577307429201,2.22135892534076,877.554475306439,37.2560932317201,95.762461767771,862.611204903156,1.99422855346017,25.7141540106203,876.250500222519,188.82159946117,-216.41965555587,1.68658905298814
0.209770760439557,2.22381198899232,877.992927486601,37.2451856746473,95.8409333734665,863.085681288667,1.99394465974505,25.7281354076758,876.701764582467,189.105623199484,-216.271099183691,1.41844963774755
0.209956092134144,2.22635202651062,878.431961359515,37.2342006848011,95.9184759697527,863.5605865236,1.99365850828262,25.7419630280955,877.153038193012,189.389704331389,-216.121175587094,1.1512708340747
0.21013263676819,2.22896786554848,878.87161350115,37.2231459131527,95.9950809883068,864.035911244905,1.99337020302738,25.755636771947,877.604320349806,189.673840188527,-215.969888196055,0.885058268475422
0.21029979587211,2.23164767941874,879.311915428782,37.2120290437836,96.0707401204828,864.51164594963,1.9930798481227,25.7691565525953,878.055610347705,189.958028096583,-215.817240465396,0.619817553571032
0.210457043564575,2.23437907408115,879.752893342132,37.2008577912803,96.1454453208881,864.9877809979,1.99278754789138,25.7825222967116,878.506907480846,190.242265375315,-215.663235874766,0.355554287992916
0.210603931411444,2.2371491811918,880.194567907899,37.1896398981058,96.2191888108574,865.464306615979,1.99249340682615,25.7957339442808,878.958211042717,190.526549338583,-215.507877928633,0.0922740562769431
0.210740092772741,2.23994475673011,880.636954089452,37.1783831319493,96.2919630818222,865.941212899406,1.99219752958017,25.8087914486074,879.409520326226,190.810877294379,-215.351170156259,-0.170017571242262
0.210865246580063,2.24275228461761,881.080061023133,37.1670952830545,96.3637608985727,866.418489816206,1.99190002095758,25.8216947763203,879.860834623774,191.095246544857,-215.19311611169,-0.431315038537211
0.210979200488173,2.24555808463908,881.523891942208,37.1557841615294,96.4345753024105,866.896127210185,1.99160098590393,25.8344439073759,880.312153227325,191.379654386364,-215.033719373733,-0.691612803993583
0.211081853347198,2.2483484238736,881.968444149125,37.1444575946378,96.504399614188,867.374114804282,1.99130052949668,25.8470388350608,880.76347542848,191.664098109468,-214.872983545943,-0.950905340516415
0.211173196945874,2.25110963074379,882.413709036355,37.1331234240753,96.5732274372351,867.852442204007,1.99099875693562,25.8594795659917,881.214800518547,191.948574998992,-214.710912256602,-1.20918713563643
0.211253316981636,2.25382821069811,882.859672155677,37.1217895032298,96.6410526601675,868.331098900939,1.99069577353335,25.8717661201156,881.666127788609,192.233082334045,-214.547509158703,-1.4664526916165
0.211322393220088,2.25649096245834,883.306313335392,37.1104636944301,96.7078694595774,868.810074276289,1.99039168470569,25.8838985307073,882.117456529603,192.517617388051,-214.38277792993,-1.7226965255583
0.211380698814369,2.25908509369348,883.753606844538,37.099153866182,96.7736723026032,869.289357604537,1.99008659596207,25.8958768443665,882.568786032385,192.80217742878,-214.216722272638,-1.97791316950905
0.211428598764078,2.26159833492632,884.201521602799,37.0878678903953,96.8384559493758,869.768938057123,1.98978061289602,25.907701121013,883.020115587804,193.086759718383,-214.049345913835,-2.23209717056843
0.21146654750359,2.26401905044154,884.650021434412,37.0766136396015,96.9022154553412,870.248804706199,1.9894738411755,25.9193714338811,883.471444486772,193.371361513423,-213.880652605161,-2.48524309099561
0.211495085620601,2.26633634494673,885.099065364036,37.0653989841663,96.9649461734559,870.728946528441,1.98916638653332,25.930887869512,883.922772020337,193.655980064903,-213.710646122871,-2.73734550831648
0.211514835717338,2.26854016474165,885.548607952158,37.0542317894958,97.0266437562544,871.209352408921,1.98885835475757,25.9422505277457,884.374097479755,193.940612618306,-213.539330267809,-2.98839901543092
0.211526497438856,2.27062139217702,885.998599667305,37.0431199132399,97.087304157787,871.690011145019,1.98854985168194,25.9534595217106,884.825420156559,194.225256413619,-213.366708865389,-3.23839822072032
0.211530841704928,2.27257193223329,886.448987292024,37.032071202494,97.1469236354262,872.170911450398,1.98824098317616,25.9645149778129,885.276739342631,194.509908685375,-213.192785765577,-3.4873377481551
0.211528704193988,2.27438479012117,886.899714359285,37.0210934910001,97.2054987515407,872.652041959024,1.98793185513638,25.9754170357237,885.728054330275,194.794566662678,-213.017564842865,-3.73521223740252
0.211520978139049,2.27605413889883,887.350721615728,37.0101945963505,97.263026375035,873.133391229226,1.9876225734755,25.9861658483652,886.179364412285,195.079227569241,-212.841049996248,-3.98201634393449
0.211508606506343,2.27757537621444,887.801947507926,36.9993823171931,97.3195036827542,873.614947747806,1.98731324411363,25.9967615818958,886.630668882019,195.36388862342,-212.663245149206,-4.22774473913556
0.211492573637234,2.27894516941419,888.253328687662,36.9886644304435,97.3749281607521,874.096699934183,1.9870039729684,26.0072044156934,887.081967033467,195.648547038243,-212.484154249676,-4.47239211041105
0.211473896442601,2.28016148840405,888.70480053204,36.978048688502,97.4292976054227,874.578636144579,1.98669486594541,26.0174945423378,887.533258161325,195.933200021452,-212.303781270033,-4.71595316129531
0.211453615246093,2.2812236258141,889.156297674126,36.9675428164795,97.4826101244923,875.060744676239,1.98638602892855,26.0276321675916,887.984541561063,196.217844775528,-212.122130207061,-4.95842261156007
0.21143278437831,2.28213220418446,889.607754539733,36.9571545094336,97.5348641378739,875.54301377168,1.98607756777048,26.0376175103796,888.435816528997,196.502478497733,-211.939205081934,-5.19979519732291
0.211412462627873,2.28288917006848,890.0591058859,36.9468914296154,97.5860583783809,876.025431622969,1.98576958828295,26.0474508027677,888.887082362359,196.787098380144,-211.755009940185,-5.44006567115594
0.211393703657439,2.28349777512774,890.510287336622,36.9367612037296,97.6361918923013,876.507986376036,1.98546219622724,26.0571322899392,889.338338359365,197.071701609681,-211.569548851689,-5.67922880219447
0.211377546492965,2.2839625444703,890.961235911377,36.9267714202102,97.6852640398303,876.990666134995,1.98515549730459,26.066662230171,889.789583819292,197.356285368154,-211.382825910628,-5.9172793762459
0.2113650061929,2.28428923265622,891.411890542103,36.9169296265112,97.7332744953629,877.473458966498,1.98484959714661,26.0760408948079,890.240818042539,197.640846832287,-211.194845235473,-6.15421219589867
0.211357064800543,2.28448476795741,891.862192574335,36.9072433264162,97.780223247644,877.956352904104,1.98454460130568,26.0852685682359,890.692040330702,197.925383173761,-211.005610968952,-6.39002208063137
0.211354662677639,2.28455718560963,892.312086248374,36.8977199773674,97.8261105997776,878.439335952656,1.98424061524546,26.0943455478537,891.143249986642,198.209891559248,-210.815127278026,-6.62470386692191
0.211358690310544,2.28451555093071,892.761519156528,36.8883669878157,97.8709371690948,878.922396092681,1.98393774433129,26.1032721440435,891.594446314557,198.494369150447,-210.623398353863,-6.85825240835684
0.211369980672116,2.28436987329637,893.21044267266,36.879191714593,97.9147038868795,879.405521284786,1.98363609382071,26.1120486801405,892.045628620046,198.778813104122,-210.430428411804,-7.09066257574077
0.211389302213133,2.28413101206336,893.65881235051,36.8702014603099,97.9574119979537,879.88869947407,1.98333576885389,26.1206754924005,892.496796210182,199.063220572135,-210.236221691341,-7.32192925720589
0.211417352546688,2.28381057560573,894.106588287549,36.8614034707778,97.9990630601211,880.371918594535,1.98303687444418,26.1291529299671,892.947948393578,199.347588701489,-210.040782456086,-7.55204735832161
0.211454752877964,2.28342081468407,894.553735451374,36.8528049324592,98.0396589434706,880.855166573494,1.98273951546858,26.1374813548367,893.39908448046,199.631914634358,-209.844114993743,-7.78101180220428
0.211502043220277,2.28297451139858,895.000223966004,36.8444129699464,98.0792018295399,881.338431335984,1.98244379665834,26.1456611418232,893.850203782728,199.916195508131,-209.646223616075,-8.00881752962702
0.211559678426601,2.28248486498519,895.446029355745,36.8362346434702,98.1176942103391,881.821700809159,1.98214982258943,26.1536926785209,894.301305614031,200.200428455447,-209.447112658877,-8.23545949912969
0.211628025054178,2.28196537570088,895.891132744666,36.828276946441,98.1551388872362,882.304962926695,1.98185769767319,26.1615763652658,894.752389289829,200.484610604232,-209.246786481947,-8.46093268712889
0.211707359068575,2.28142972801042,896.335521010085,36.8205468030218,98.1915389697048,882.78820563316,1.98156752614688,26.1693126150968,895.203454127463,200.76873907774,-209.045249469051,-8.6852320880281
0.211797864382875,2.28089167423493,896.779186888844,36.8130510657364,98.2268978739341,883.271416888387,1.9812794120643,26.1769018537144,895.654499446224,201.052810994588,-208.842506027892,-8.90835271432789
0.211899632217801,2.28036491975408,897.222129035547,36.8057965131129,98.2612193213044,883.75458467182,1.98099345928645,26.1843445194389,896.105524567415,201.336823468799,-208.638560590083,-9.13028959673626
0.21201266125967,2.27986301077244,897.664352032326,36.7987898473649,98.2945073367267,884.237696986844,1.98070977147217,26.1916410631673,896.556528814421,201.620773609836,-208.433417611109,-9.35103778427902
0.212136858585297,2.27939922556776,898.10586635009,36.7920376921098,98.3267662468497,884.720741865088,1.98042845206885,26.1987919483287,897.007511512774,201.904658522646,-208.227081570297,-9.57059234441028
0.212272041316367,2.27898647003967,898.546688261629,36.7855465901284,98.3580006781344,885.203707370708,1.98014960430311,26.2057976508387,897.458471990219,202.188475307697,-208.019556970781,-9.78894836312305
0.212417938960526,2.27863717827277,898.986839707294,36.7793230011634,98.388215554798,885.686581604635,1.97987333117159,26.2126586590528,897.909409576779,202.472221061018,-207.810848339472,-10.0061009450599
0.212574196392474,2.27836321872335,899.426348114413,36.7733732997614,98.4174160966296,886.169352708794,1.97959973543167,26.2193754737181,898.36032360482,202.75589287424,-207.600960227018,-10.2220452136235
0.212740377425611,2.27817580653492,899.865246171929,36.7677037731574,98.4456078166773,886.65200887029,1.97932891959231,26.225948607924,898.811213409118,203.039487834633,-207.389897207775,-10.436776311088
0.212915968923324,2.2780854223891,900.303571562131,36.7623206192032,98.4727965188103,887.134538325557,1.97906098590485,26.2323785870521,899.26207832692,203.323003025153,-207.177663879767,-10.6502893987091
0.213100385398675,2.27810173820593,900.741366651687,36.7572299443417,98.4989882951579,887.616929364465,1.97879603635387,26.2386659487244,899.712917698009,203.606435524475,-206.964264864655,-10.8625796568358
0.213292974051845,2.2782335499246,901.17867814453,36.7524377616272,98.5241895234251,888.09917033439,1.97853417264813,26.2448112427503,900.16373086477,203.88978240704,-206.749704807696,-11.0736422850209
0.213493020196196,2.27848871752249,901.615556699414,36.7479499887929,98.5484068640899,888.581249644236,1.97827549621143,26.2508150310732,900.614517172249,204.173040743094,-206.533988377711,-11.2834725021323
0.213699753025961,2.27887411236943,902.052056515292,36.7437724463673,98.5716472574818,889.063155768412,1.97802010817361,26.256677887715,901.065275968222,204.456207598728,-206.317120267043,-11.4920655464645
0.213912351681134,2.27939557196452,902.488234887889,36.7399108558384,98.5939179207453,889.544877250759,1.97776810936151,26.2624003987199,901.51600660325,204.739280035924,-206.099105191523,-11.699416675849
0.21412995156806,2.28005786206611,902.924151741078,36.7363708378696,98.61522634469,890.026402708425,1.97751960029007,26.2679831620971,901.966708430748,205.022255112591,-205.879947890433,-11.9055211677667
0.214351650897135,2.2808646461999,903.359869136891,36.7331579105655,98.6355802905297,890.507720835691,1.97727468115332,26.2734267877624,902.417380807039,205.305129882613,-205.659653126463,-12.1103743194582
0.214576517401873,2.28181846251567,903.795450768131,36.7302774877889,98.6549877865129,890.988820407735,1.97703345181553,26.2787318974781,902.868023091425,205.58790139589,-205.438225685673,-12.313971448036
0.214803595206155,2.28292070795774,904.230961437726,36.7277348775317,98.6734571244477,891.469690284343,1.97679601180235,26.2838991247929,903.318634646238,205.870566698377,-205.215670377457,-12.5163078905957
0.215031911808543,2.28417162971678,904.666466529052,36.7255352803369,98.6909968561221,891.950319413559,1.97656246029199,26.2889291149793,903.769214836908,206.153122832133,-204.991992034498,-12.7173790043274
0.215260485154116,2.28557032393827,905.102031471521,36.723683787776,98.7076157896254,892.430696835269,1.97633289610644,26.2938225249713,904.219763032015,206.43556683536,-204.767195512732,-12.9171801666275
0.215488330765134,2.28711474167421,905.537721205786,36.72218538098,98.7233229855691,892.910811684729,1.97610741770275,26.2985800232999,904.670278603358,206.717895742448,-204.541285691303,-13.1157067752101
0.215714468901989,2.28880170207694,905.9735996529,36.7210449292248,98.7381277532144,893.390653196023,1.97588612316435,26.303202290028,905.120760926005,207.000106584018,-204.314267472522,-13.3129542482191
0.215937931725336,2.29062691284411,906.409729191751,36.7202671885729,98.7520396465056,893.870210705451,1.97566911019237,26.3076900166844,905.571209378358,207.282196386969,-204.086145781827,-13.5089180243392
0.216157770428943,2.29258499793084,906.846170149014,36.7198568005707,98.7650684600148,894.349473654854,1.97545647609709,26.3120439061962,906.021623342205,207.564162174518,-203.856925567739,-13.7035935629084
0.216373062310859,2.29466953254542,907.282980305768,36.7198182910013,98.7772242247992,894.828431594867,1.97524831778932,26.3162646728207,906.472002202783,207.846000966248,-203.626611801817,-13.8969763440295
0.216582917747873,2.29687308543746,907.720214424802,36.7201560686951,98.7885172041744,895.307074188095,1.97504473177197,26.320353042076,906.922345348832,208.127709778151,-203.395209478618,-14.0890618686816
0.216786487035254,2.29918726846998,908.157923802459,36.7208744243965,98.7989578894076,895.785391212223,1.97484581413151,26.3243097506703,907.372652172651,208.409285622673,-203.162723615649,-14.2798456588326
0.216982967050371,2.30160279343888,908.596155848667,36.7219775296885,98.8085569953318,896.263372563044,1.97465166052961,26.3281355464308,907.822922070158,208.69072550876,-202.929159253326,-14.4693232575505
0.217171607695321,2.304109536063,909.034953698597,36.7234694359743,98.8173254558863,896.74100825742,1.97446236619478,26.3318311882311,908.273154440939,208.972026441906,-202.694521454923,-14.6574902291157
0.217351718070278,2.30669660701598,909.474355859124,36.725354073517,98.8252744195849,897.218288436154,1.97427802591399,26.3353974459174,908.723348688309,209.253185424194,-202.458815306532,-14.8443421591327
0.21752267232603,2.30935242980731,909.914395892986,36.7276352505368,98.8324152449159,897.695203366795,1.97409873402449,26.3388351002345,909.173504219362,209.534199454346,-202.222045917015,-15.0298746546424
0.217683915141494,2.31206482524447,910.355102143247,36.7303166523665,98.8387594956769,898.171743446356,1.97392458440555,26.3421449427502,909.623620445027,209.815065527765,-201.984218417953,-15.2140833442337
0.217834966769876,2.31482110212363,910.79649750033,36.7334018406648,98.8443189362471,898.647899203956,1.9737556704703,26.3453277757787,910.073696780123,210.095780636589,-201.745337963606,-15.3969638781555
0.21797542759589,2.3176081537026,911.238599213559,36.7368942526879,98.8491055268011,899.123661303376,1.97359208515765,26.3483844123031,910.523732643406,210.37634176973,-201.505409730858,-15.5785119284292
0.218104982146211,2.32041255941091,911.681418748775,36.7407972006186,98.8531314184668,899.599020545543,1.97343392092421,26.3513156758974,910.973727457628,210.656745912926,-201.264438919171,-15.75872318896
0.218223402496233,2.32322069114887,912.124961693234,36.7451138709537,98.8564089484311,900.073967870916,1.97328126973631,26.3541224006469,911.423680649586,210.936990048788,-201.022430750537,-15.9375933756497
0.218330551018313,2.32601882342398,912.569227708596,36.7498473239497,98.8589506349965,900.548494361805,1.97313422306205,26.3568054310681,911.87359165017,211.217071156844,-200.779390469428,-16.115118226508
0.218426382420208,2.3287932464717,913.014210532433,36.7550004931251,98.8607691725917,901.022591244596,1.97299287186342,26.3593656220272,912.323459894417,211.496986213593,-200.535323342744,-16.291293501765
0.218510945027193,2.33153038141178,913.459898028291,36.7605761848208,98.8618774267399,901.496249891893,1.97285730658846,26.3618038386585,912.773284821563,211.776732192547,-200.290234659763,-16.4661149839832
0.218584381267578,2.33421689640367,913.906272283926,36.7665770778183,98.8622884289877,901.96946182458,1.97272761716352,26.3641209562811,913.223065875085,212.056306064283,-200.044129732092,-16.6395784781693
0.21864692732881,2.33683982268884,914.353309756961,36.7730057230135,98.8620153717979,902.442218713797,1.9726038929855,26.3663178603147,913.672802502759,212.335704796491,-199.797013893612,-16.8116798118864
0.218698911960059,2.33938666934612,914.800981466796,36.7798645431482,98.8610716034099,902.914512382825,1.97248622291425,26.3683954461957,914.1224941567,212.614925354024,-199.548892500427,-16.9824148353658
0.218740754406983,2.34184553554146,915.249253231247,36.7871558325979,98.8594706226705,903.386334808892,1.97237469526491,26.3703546192906,914.572140293414,212.893964698944,-199.29977093081,-17.1517794216195
0.218772961475033,2.34420521902804,915.698085945994,36.7948817572146,98.8572260738391,903.857678124896,1.97226939780048,26.3721962948102,915.021740373846,213.172819790576,-199.049654585151,-17.3197694665515
0.218796123729074,2.34645531964776,916.147435904563,36.8030443542263,98.8543517413687,904.328534621035,1.97217041772424,26.3739213977217,915.471293863421,213.451487585552,-198.798548885901,-17.4863808890702
0.218810910848954,2.34858633660249,916.597255156256,36.8116455321901,98.8508615446688,904.798896746361,1.97207784167241,26.375530862661,915.920800232097,213.729965037868,-198.54645927752,-17.6516096312002
0.218818066172728,2.3505897583031,917.047491899076,36.820687071001,98.8467695328512,905.268757110239,1.97199175570679,26.3770256338432,916.370258954404,214.008249098927,-198.293391226418,-17.8154516581943
0.218818400471277,2.35245814366715,917.49809090445,36.8301706219543,98.8420898794619,905.738108483735,1.97191224530749,26.3784066649734,916.819669509492,214.286336717596,-198.039350220903,-17.9779029586453
0.218812785009767,2.35418519382049,917.948993970242,36.8400977078607,98.8368368772045,906.206943800905,1.97183939536566,26.3796749191552,917.269031381173,214.564224840252,-197.784341771122,-18.1389595445978
0.218802143962487,2.35576581326394,918.400140398332,36.8504697232149,98.8310249326553,906.675256160014,1.97177329017643,26.3808313688002,917.718344057966,214.841910410835,-197.528371409003,-18.2986174516601
0.218787446257851,2.35719615969075,918.851467492823,36.8612879344163,98.824668560975,907.143038824661,1.97171401343172,26.3818769955351,918.16760703314,215.119390370898,-197.271444688201,-18.4568727391159
0.218769696939491,2.35847368178262,919.302911074759,36.8725534800407,98.8177823806204,907.61028522483,1.9716616482133,26.3828127901092,918.616819804753,215.396661659662,-197.013567184038,-18.6137214900363
0.218749928137146,2.3595971444677,919.754406009101,36.884267371163,98.8103811080573,908.076988957852,1.97161627698581,26.3836397523001,919.065981875697,215.673721214064,-196.754744493443,-18.7691598113909
0.218729189747365,2.36056664129114,920.205886739595,36.8964304917302,98.8024795524797,908.54314378929,1.97157798158985,26.38435889082,919.515092753735,215.950565968809,-196.494982234895,-18.9231838341602
0.218708539928638,2.36138359372303,920.657287827117,36.9090435989829,98.7940926105368,909.008743653745,1.9715468432352,26.3849712232198,919.964151951546,216.227192856427,-196.234286048359,-19.0757897134466
0.218689035518405,2.36205073740702,921.108544487025,36.922107323926,98.7852352610717,909.473782655574,1.97152294249406,26.3854777757938,920.413158986759,216.503598807319,-195.972661595232,-19.226973628586
0.218671722480371,2.36257209553127,921.559593121078,36.9356221718468,98.7759225598735,909.938255069541,1.97150635929433,26.3858795834823,920.862113381998,216.779780749814,-195.710114558276,-19.3767317832597
0.218657626489669,2.36295293967789,922.010371839532,36.9495885228799,98.7661696344477,910.402155341379,1.97149717291306,26.3861776897751,921.311014664913,217.055735610222,-195.446650641559,-19.5250604056054
0.218647743760691,2.3631997386743,922.460820969069,36.9640066326177,98.7559916788049,910.865478088285,1.97149546196988,26.386373146613,921.759862368224,217.331460312885,-195.18227557039,-19.6719557483285
0.218643032217911,2.36332009612616,922.910883542407,36.9788766327669,98.7454039482732,911.328218099329,1.97150130442052,26.3864670142891,922.208656029754,217.606951780233,-194.916995091262,-19.8174140888137
0.218644403103889,2.36332267745369,923.36050576551,36.9941985318481,98.7344217543353,911.790370335797,1.97151477755042,26.38646036135,922.657395192466,217.882206932838,-194.650814971782,-19.961431729236
0.218652713111009,2.36321712737833,923.809637458594,37.0099722159395,98.7230604594934,912.251929931458,1.97153595796843,26.386354264495,923.106079404502,218.157222689463,-194.383741000609,-20.104004996672
0.218668757114622,2.363013978913,924.25823246727,37.0261974494621,98.7113354721651,912.712892192754,1.97156492160051,26.3861498084761,923.55470821921,218.431995967125,-194.115778987391,-20.2451302432106
0.218693261575226,2.36272455499395,924.706249040486,37.0428738760071,98.6992622416118,913.173252598921,1.97160174368357,26.3858480859968,924.003281195188,218.706523681141,-193.846934762699,-20.3848038460645
0.218726878666575,2.36236086395554,925.153650172151,37.0600010192028,98.6868562529027,913.633006802049,1.97164649875938,26.3854501976096,924.451797896308,218.98080274519,-193.577214177958,-20.5230222076803
0.218770181175197,2.36193549008889,925.600403903684,37.0775782836212,98.6741330219165,914.092150627058,1.97169926066849,26.3849572516144,924.900257891757,219.254830071361,-193.306623105384,-20.6597817558504
0.218823658205193,2.36146148054327,926.046483585005,37.0956049557234,98.6611080903839,914.550680071615,1.97176010254434,26.3843703639548,925.348660756065,219.528602570217,-193.035167437917,-20.7950789438225
0.218887711710488,2.36095222982391,926.491868091886,37.1140802048412,98.647797020972,915.008591305991,1.97182909680729,26.3836906581151,925.797006069137,219.802117150841,-192.76285308915,-20.9289102504111
0.218962653865331,2.36042136311431,926.936541997892,37.1330030841962,98.6342153924134,915.465880672839,1.97190631515887,26.3829192650155,926.245293416283,220.075370720899,-192.489685993262,-21.0612721801077
0.219048705272867,2.3598826196062,927.380495699557,37.1523725319528,98.620378794683,915.92254468692,1.97199182857602,26.3820573229079,926.693522388252,220.348360186695,-192.215672104951,-21.1921612631909
0.219145994001412,2.35934973695788,927.823725493804,37.1721873723069,98.6063028242228,916.378580034765,1.97208570730546,26.3811059772706,927.141692581257,220.621082453224,-191.940817399362,-21.3215740558373
0.219254555428744,2.35883633792546,928.266233607014,37.1924463166056,98.5920030792181,916.833983574278,1.97218802085806,26.3800663807022,927.589803597006,220.893534424232,-191.665127872018,-21.449507140231
0.219374332866467,2.35835582012242,928.708028175559,37.2131479645013,98.5774951549269,917.288752334272,1.97229883800336,26.3789396928159,928.037855042732,221.165713002271,-191.388609538745,-21.5759571246744
0.21950517892944,2.35792124976645,929.149123177979,37.2342908051345,98.5627946390637,917.742883513961,1.97241822676415,26.3777270801321,928.485846531215,221.437615088758,-191.111268435609,-21.7009206436974
0.219646857609474,2.35754526016923,929.589538319419,37.2558732183476,98.5479171072402,918.196374482387,1.97254625441111,26.3764297159717,928.933777680816,221.70923758403,-190.833110618836,-21.8243943581678
0.219799047007978,2.35723995562012,930.029298869282,37.2778934759272,98.5328781184647,918.649222777797,1.97268298745752,26.3750487803481,929.381648115497,221.980577387403,-190.554142164741,-21.9463749554007
0.21996134267905,2.35701682120989,930.468435453476,37.3003497428736,98.5176932107009,919.101426106965,1.97282849165411,26.3735854598593,929.829457464851,222.251631397231,-190.274369169656,-22.0668591492681
0.220133261532548,2.35688663903956,930.906983802962,37.3232400786973,98.5023778964889,919.552982344467,1.97298283198387,26.3720409475787,930.277205364123,222.522396510961,-189.993797749858,-22.1858436803084
0.220314246245887,2.35685941116428,931.344984460696,37.34656243874,98.4869476586293,920.003889531906,1.97314607265708,26.3704164429468,930.724891454237,222.792869625195,-189.712434041488,-22.3033253158357
0.220503670133579,2.35694428953507,931.782482449355,37.3703146755212,98.4714179459324,920.454145877081,1.97331827710632,26.3687131516613,931.172515381818,223.063047635747,-189.430284200481,-22.4193008500487
0.220700842424695,2.3571495131241,932.219526902592,37.3944945401059,98.4558041690324,920.903749753128,1.9734995079816,26.3669322855671,931.620076799215,223.332927437699,-189.147354402489,-22.5337671041404
0.220905013900322,2.35748235235321,932.656170662821,37.4190996834966,98.4401216962704,921.352699697596,1.97368982714554,26.3650750625466,932.067575364524,223.602505925467,-188.863650842801,-22.6467209264059
0.22111538284554,2.35794906089125,933.092469848824,37.444127658044,98.4243858496449,921.800994411496,1.97388929566868,26.3631427064085,932.515010741608,223.871779992854,-188.579179736271,-22.758159192352
0.221331101273221,2.35855483484406,933.528483396706,37.4695759188791,98.4086119008329,922.248632758301,1.9740979738248,26.3611364467768,932.962382600119,224.140746533111,-188.293947317237,-22.8680788048054
0.221551281379915,2.35930377933089,933.964272577934,37.4954418253629,98.3928150672817,922.695613762909,1.97431592108641,26.3590575189798,933.409690615517,224.409402439001,-188.007959839442,-22.9764766940211
0.221775002196971,2.3601988824223,934.399900498378,37.5217226425542,98.3770105083723,923.141936610566,1.97454319612022,26.3569071639383,933.856934469091,224.677744602853,-187.721223575955,-23.0833498177904
0.222001316402737,2.36124199640573,934.835431582448,37.5484155426933,98.3612133216562,923.587600645757,1.97477985678279,26.3546866280531,934.304113847974,224.945769916628,-187.433744819093,-23.1886951615496
0.222229257263953,2.36243382634471,935.270931046484,37.5755176067016,98.3454385391661,924.032605371058,1.97502596011616,26.3523971630931,934.751228445168,225.213475271974,-187.145529880339,-23.292509738487
0.222457845676259,2.36377392590316,935.706464365717,37.6030258256952,98.3297011238007,924.476950445954,1.97528156234368,26.3500400260826,935.198277959552,225.480857560293,-186.856585090261,-23.3947905896512
0.22268609727485,2.36526070041704,936.142096739101,37.6309371025113,98.3140159657851,924.920635685632,1.97554671886578,26.3476164791881,935.645262095908,225.747913672796,-186.56691679843,-23.4955347840587
0.222913029586782,2.36689141720699,936.577892556387,37.6592482532471,98.2983978792075,925.363661059737,1.97582148425595,26.3451277896049,936.092180564932,226.014640500569,-186.276531373337,-23.5947394188006
0.223137669196125,2.36866222313754,937.013914871744,37.6879560088095,98.2828615986325,925.806026691102,1.97610591225674,26.3425752294443,936.539033083248,226.281034934634,-185.985435202311,-23.6924016191504
0.223359058892136,2.37056816943664,937.450224888232,37.7170570164748,98.2674217757908,926.247732854451,1.97640005577584,26.339960075619,936.985819373427,226.547093866007,-185.693634691436,-23.7885185386705
0.22357626476888,2.37260324379266,937.886881457306,37.7465478414573,98.2520929763478,926.688779975076,1.97670396688225,26.3372836097296,937.432539163999,226.812814185765,-185.401136265463,-23.8830873593192
0.2237883832424,2.37476040974179,938.323940597415,37.7764249684856,98.2368896767493,927.129168627492,1.97701769680255,26.3345471179501,937.879192189467,227.078192785104,-185.107946367728,-23.9761052915572
0.223994547948648,2.37703165334553,938.761455035643,37.8066848033857,98.2218262611458,927.568899534067,1.97734129591722,26.3317518909134,938.325778190316,227.343226555407,-184.814071460066,-24.0675695744538
0.224193936482147,2.37940803713418,939.199473776097,37.8373236746704,98.2069170183957,928.007973563628,1.97767481375709,26.3288992235969,938.772296913033,227.607912388301,-184.519518022722,-24.1574774757933
0.224385776931913,2.38187976125705,939.638041698598,37.8683378351323,98.1921761391466,928.446391730054,1.9780182989998,26.3259904152074,939.21874811011,227.872247175723,-184.224292554267,-24.2458262921806
0.224569354167676,2.38443623173273,940.077199190928,37.8997234634424,98.1776177129964,928.884155190848,1.97837179946642,26.3230267690659,939.665131540061,228.136227809983,-183.928401571508,-24.332613349147
0.224744015826119,2.38706613563354,940.516981817672,37.9314766657496,98.1632557257331,929.321265245685,1.97873536211809,26.3200095924928,940.111446967428,228.399851183828,-183.631851609402,-24.4178360012558
0.224909177943935,2.38975752296731,940.957420028356,37.9635934772836,98.1491040566528,929.757723334956,1.9791090330528,26.3169401966921,940.557694162793,228.663114190503,-183.334649220963,-24.5014916322075
0.225064330182105,2.3924978949388,941.398538907295,37.9960698639576,98.135176475958,930.193531038289,1.9794928575022,26.3138198966361,941.003872902785,228.926013723821,-183.036800977175,-24.5835776549446
0.225209040584212,2.39527429818239,941.84035796723,38.0289017239719,98.1214866422334,930.628690073057,1.97988687982853,26.3106500109496,941.449982970092,229.188546678219,-182.738313466901,-24.6640915117568
0.225342959810939,2.39807342446095,942.282890988445,38.062084889416,98.1080481000012,931.06320229288,1.9802911435216,26.3074318617942,941.896024153462,229.45070994883,-182.439193296792,-24.743030674385
0.225465824793304,2.40088171522389,942.726145904744,38.0956151278687,98.0948742773544,931.497069686107,1.98070569119591,26.3041667747524,942.341996247717,229.712500431543,-182.139447091195,-24.8203926441259
0.225577461748838,2.40368547031386,943.170124737235,38.1294881439965,98.0819784836676,931.930294374298,1.98113056458777,26.3008560787113,942.787899053754,229.97391502307,-181.839081492058,-24.8961749519362
0.225677788507842,2.40647096000896,943.61482357652,38.1636995811469,98.0693739073866,932.362878610691,1.98156580455257,26.2975011057472,943.233732378555,230.23495062101,-181.538103158842,-24.9703751585359
0.225766816101152,2.40922453948889,944.060232613459,38.1982450229389,98.0570736138942,932.794824778661,1.98201145106212,26.2941031910086,943.679496035187,230.495604123915,-181.236518768423,-25.0429908545123
0.225844649566497,2.41193276472223,944.506336218321,38.233119994847,98.0450905434531,933.226135390177,1.98246754320203,26.2906636726006,944.125189842811,230.755872431358,-180.934335014998,-25.114019660423
0.225911487937508,2.4145825086913,944.953113067689,38.2683199657798,98.0334375092251,933.65681308425,1.98293411916926,26.2871838914684,944.570813626684,231.015752443992,-180.63155860999,-25.1834592268991
0.225967623387693,2.41716107680324,945.400536318143,38.3038403496518,98.0221271953659,934.08686062538,1.98341121626965,26.2836651912808,945.016367218162,231.275241063624,-180.328196281954,-25.2513072347475
0.226013439511054,2.41965632028435,945.848573825312,38.339676506947,98.0111721551947,934.516280901992,1.98389887091561,26.2801089183143,945.461850454703,231.534335193278,-180.024254776477,-25.3175613950538
0.226049408731362,2.42205674632149,946.297188406547,38.3758237462748,98.0005848094379,934.94507692488,1.98439711862384,26.2765164213361,945.90726317987,231.793031737259,-179.719740856083,-25.3822194492845
0.226076088843286,2.42435162370073,946.746338145077,38.4122773259167,97.9903774445469,935.373251825641,1.98490599401319,26.2728890514885,946.352605243329,232.051327601224,-179.414661300135,-25.4452791693883
0.226094118700225,2.42653108270215,947.195976733173,38.449032455363,97.9805622110879,935.800808855111,1.98542553080255,26.2692281621717,946.797876500853,232.309219692246,-179.109022904735,-25.5067383578984
0.22610421307577,2.42858620804032,947.64605385153,38.4860842968391,97.9711511222043,936.227751381801,1.98595576180885,26.2655351089282,947.243076814322,232.566704918885,-178.802832482625,-25.5665948480333
0.226107156737755,2.4305091236936,948.096515581743,38.5234279668207,97.9621560521494,936.654082890334,1.98649671894512,26.2618112493259,947.688206051722,232.823780191249,-178.496096863089,-25.624846503798
0.226103797785764,2.4322930685414,948.547304848499,38.5610585375375,97.9535887348893,937.079806979886,1.98704843321868,26.2580579428422,948.133264087143,233.080442421069,-178.188822891848,-25.6814912200849
0.2260950403143,2.433932461826,948.998361887852,38.5989710384639,97.9454607627754,937.504927362618,1.98761093472934,26.2542765507477,948.578250800778,233.33668852176,-177.881017430962,-25.7365269227735
0.226081836474452,2.43542295757294,949.449624737702,38.6371604577974,97.9377835852845,937.929447862129,1.98818425266776,26.2504684359897,949.023166078922,233.592515408497,-177.572687358727,-25.7899515688313
0.22606517801651,2.43676148723942,949.901029746453,38.6756217439231,97.9305685078256,938.353372411895,1.98876841531382,26.2466349630765,949.468009813968,233.847919998273,-177.263839569573,-25.8417631464132
0.22604608740429,2.43794629001068,950.35251209563,38.7143498068641,97.9238266906132,938.776705053725,1.98936345003513,26.2427774979612,949.912781904405,234.102899209979,-176.954480973957,-25.8919596749606
0.2260256085989,2.43897693032734,950.804006332133,38.7533395197171,97.9175691476047,939.199449936213,1.98996938328559,26.2388974079258,950.357482254811,234.357449964464,-176.644618498263,-25.9405392053012
0.226004797614916,2.43985430239861,951.255446905735,38.7925857200737,97.9118067455024,939.6216113132,1.99058624060404,26.2349960614653,950.802110775854,234.611569184607,-176.334259084696,-25.9874998197472
0.225984712955528,2.44058062163338,951.70676870736,38.8320832114246,97.9065502028165,940.043193542239,1.99121404661297,26.2310748281722,951.246667384282,234.865253795388,-176.023409691174,-26.032839632194
0.225966406034898,2.44115940310027,952.157907603696,38.8718267645494,97.9018100889902,940.46420108307,1.99185282501737,26.2271350786206,951.691152002919,235.118500723954,-175.712077291224,-26.0765567882181
0.225950911695874,2.44159542730385,952.608800963718,38.9118111188886,97.8975968235845,940.884638496098,1.99250259860359,26.2231781842509,952.13556456066,235.371306899691,-175.400268873873,-26.1186494651753
0.225939238929147,2.44189469373532,953.059388172765,38.9520309838993,97.8939206755209,941.304510440877,1.99316338923834,26.2192055172548,952.579904992463,235.623669254294,-175.087991443544,-26.1591158722976
0.225932361896194,2.44206436281646,953.509611129924,38.9924810403937,97.8907917623824,941.723821674608,1.99383521786771,26.2152184504596,953.024173239344,235.875584721834,-174.775252019943,-26.1979542507905
0.225931211352798,2.44211268700412,953.95941472463,39.0331559418596,97.8882200497695,942.142577050638,1.99451810451634,26.2112183572134,953.468369248367,236.127050238832,-174.462057637954,-26.2351628739296
0.225936666562915,2.44204893195463,954.408747288533,39.0740503157628,97.8862153507105,942.560781516968,1.9952120682866,26.2072066112706,953.912492972634,236.378062744329,-174.148415347525,-26.2707400471569
0.225949547784221,2.44188328876137,954.857561018944,39.1151587648319,97.8847873251261,942.978440114776,1.99591712735792,26.203184586677,954.356544371284,236.628619179953,-173.834332213561,-26.304684108177
0.225970609397075,2.44162677837261,955.305812370363,39.1564758683237,97.883945479344,943.395557976939,1.99663329898613,26.1991536576552,954.800523409473,236.878716489994,-173.519815315811,-26.3369934270523
0.226000533738143,2.44129114936829,955.753462410907,39.1979961832703,97.8836991656649,943.81214032657,1.99736059950295,26.1951151984909,955.244430058374,237.128351621472,-173.204871748757,-26.3676664062985
0.226039925688737,2.4408887703238,956.200477140706,39.2397142457068,97.8840575819764,944.228192475566,1.99809904431548,26.1910705834182,955.68826429516,237.377521524214,-172.889508621499,-26.3967014809793
0.226089308056385,2.4404325180151,956.646827769703,39.2816245718799,97.885029771415,944.643719823159,1.99884864790585,26.1870211865066,956.132026102997,237.626223150915,-172.573733057645,-26.4240971188007
0.226149117776425,2.43993566272356,957.092490952588,39.3237216594368,97.8866246220725,945.058727854478,1.9996094238309,26.1829683815468,956.575715471029,237.874453457221,-172.257552195196,-26.4498518202053
0.226219702948907,2.4394117518812,957.537448978989,39.3659999885946,97.888850866748,945.47322213913,2.00038138472192,26.1789135419376,957.019332394373,238.122209401793,-171.940973186428,-26.4739641184658
0.2263013207149,2.43887449325954,957.981689917385,39.4084540232898,97.8917170827412,945.887208329775,2.00116454228454,26.174858040573,957.462876874097,238.369487946384,-171.624003197783,-26.496432579778
0.226394135965795,2.43833763884945,958.42520771162,39.451078212308,97.8952316916881,946.300692160726,2.00195890729865,26.1708032497293,957.906348917216,238.616286055907,-171.306649409746,-26.5172558033541
0.226498220869504,2.43781487050851,958.868002229245,39.4938669903932,97.8994029594352,946.713679446546,2.00276448961836,26.1667505409524,958.349748536675,238.862600698512,-170.988919016731,-26.5364324215148
0.226613555188745,2.43731968836783,959.310079261352,39.536814779338,97.904238995952,947.126176080667,2.00358129817212,26.1627012849459,958.793075751335,239.108428845655,-170.670819226965,-26.5539610997811
0.226740027359074,2.43686530289657,959.751450473944,39.5799159890522,97.9097477552802,947.538188034012,2.00440934096289,26.158656851459,959.236330585957,239.353767472171,-170.352357262369,-26.5698405369664
0.226877436288007,2.43646453142142,960.192133311256,39.6231650186124,97.9159370355175,947.949721353625,2.00524862506832,26.1546186091746,959.679513071195,239.598613556351,-170.033540358435,-26.5840694652671
0.227025493831556,2.43612969979363,960.632150851881,39.6665562572911,97.9228144788345,948.36078216132,2.00609915664112,26.1505879255983,960.122623243571,239.842964080011,-169.714375764113,-26.5966466503538
0.227183827900786,2.43587254979123,961.071531618886,39.7100840855658,97.9303875715235,948.771376652332,2.00696094090938,26.1465661669474,960.565661145465,240.086816028567,-169.394870741684,-26.6075708914609
0.227351986148556,2.43570415274117,961.510309345517,39.7537428761076,97.9386636440772,949.181511093983,2.00783398217713,26.1425546980396,961.0086268251,240.330166391109,-169.075032566645,-26.6168410214771
0.227529440185379,2.43563482974817,961.948522698414,39.79752699475,97.9476498712963,949.591191824352,2.00871828382475,26.1385548821836,961.451520336522,240.573012160473,-168.754868527582,-26.6244559070344
0.227715590273186,2.43567407882676,962.386214960631,39.8414308014384,97.9573532724236,950.000425250966,2.00961384830972,26.134568081068,961.894341739585,240.815350333318,-168.43438592605,-26.6304144485972
0.227909770446611,2.43583050915155,962.823433677049,39.8854486511587,97.9677807113035,950.409217849488,2.01052067716718,26.1305956546524,962.337091099933,241.057177910198,-168.11359207645,-26.6347155805504
0.228111254013048,2.43611178257032,963.260230265096,39.9295748948472,97.9789388965656,950.817576162426,2.01143877101079,26.1266389610579,962.779768488984,241.298491895637,-167.792494305904,-26.637358271288
0.228319259384964,2.43652456246544,963.696659593948,39.9738038802806,97.9908343818304,951.225506797842,2.01236812953353,26.1226993564577,963.222373983909,241.539289298202,-167.471099954132,-26.6383415232999
0.228532956200654,2.43707447000285,964.132779535646,40.0181299529465,98.0034735659353,951.633016428081,2.01330875150857,26.1187781949692,963.664907667616,241.779567130582,-167.149416373322,-26.6376643732595
0.228751471692499,2.43776604777263,964.568650491791,40.062547456895,98.0168626931808,952.0401117885,2.01426063479034,26.1148768285451,964.107369628729,242.019322409658,-166.827450928011,-26.6353258921103
0.228973897264761,2.43860273080267,965.004334899665,40.1070507355719,98.0310078535929,952.446799676216,2.01522377631551,26.1109966068662,964.549759961572,242.25855215658,-166.505210994953,-26.6313251851514
0.229199295245717,2.43958682491391,965.439896721793,40.1516341326321,98.0459149832026,952.853086948852,2.01619817210415,26.1071388772336,964.992078766143,242.497253396843,-166.182703962993,-26.6256613921237
0.229426705781397,2.44071949238232,965.875400923105,40.196291992736,98.0615898643401,953.258980523303,2.01718381726094,26.1033049844615,965.4343261481,242.735423160361,-165.859937232938,-26.6183336872947
0.229655153840209,2.44200074487636,966.310912939934,40.2410186623264,98.0780381259412,953.664487374506,2.01818070597642,26.0994962707713,965.87650221874,242.973058481545,-165.53691821743,-26.6093412795433
0.229883656299102,2.4434294436474,966.746498145178,40.2858084903891,98.0952652438666,954.069614534218,2.01918883152836,26.0957140756847,966.318607094971,243.210156399375,-165.213654340816,-26.5986834124436
0.230111229082704,2.4450033069622,967.182221313955,40.3306558291947,98.1132765412301,954.474369089806,2.02020818628315,26.0919597359182,966.7606408993,243.44671395748,-164.890153039015,-26.5863593643489
0.2303368943268,2.44671892477852,967.618146094112,40.3755550350239,98.132077188737,954.878758183045,2.02123876169731,26.0882345852778,967.202603759807,243.682728204209,-164.56642175939,-26.5723684484742
0.230559687536855,2.4485717806749,968.054334485869,40.4205004688764,98.1516722050288,955.282789008922,2.02228054831903,26.0845399545541,967.64449581012,243.918196192715,-164.242467960615,-26.5567100129795
0.230778664710761,2.45055628105107,968.490846334849,40.4654864971626,98.1720664570345,955.68646881445,2.02333353578981,26.0808771714178,968.086317189399,244.153114981022,-163.918299112544,-26.5393834410512
0.230992909392913,2.45266579161466,968.927738842608,40.5105074923799,98.1932646603263,956.089804897492,2.02439771284613,26.0772475603158,968.528068042308,244.38748163211,-163.593922696074,-26.5203881509837
0.231201539624022,2.45489268116038,969.365066098643,40.5555578337731,98.2152713794789,956.492804605589,2.02547306732127,26.0736524423675,968.969748518995,244.621293213985,-163.269346203015,-26.4997235962607
0.231403714747964,2.45722837262835,969.802878637719,40.60063190798,98.2380910284308,956.895475334802,2.02655958614707,26.0700931352621,969.411358775066,244.854546799761,-162.944577135957,-26.4773892656353
0.231598642033575,2.45966340139768,970.241223026088,40.6457241096617,98.2617278708463,957.297824528551,2.02765725535591,26.0665709531555,969.852898971563,245.087239467734,-162.619623008126,-26.45338468321
0.231785583065814,2.46218748072905,970.68014148002,40.6908288421197,98.286186020477,957.699859676475,2.02876606008262,26.0630872065686,970.29436927494,245.319368301461,-162.294491343259,-26.427709408516
0.231963859857293,2.46478957421518,971.119671519744,40.7359405178975,98.3114694415219,958.101588313292,2.02988598456653,26.0596432022854,970.735769857039,245.550930389836,-161.969189675461,-26.4003630365919
0.232132860628087,2.46745797503214,971.559845661649,40.7810535593708,98.3375819489843,958.50301801766,2.03101701215361,26.0562402432524,971.177100895061,245.781922827168,-161.643725549067,-26.371345198062
0.232292045199093,2.47018039170692,972.000691151279,40.8261623993239,98.3645272090255,958.90415641106,2.03215912529861,26.0528796284771,971.618362571546,246.012342713258,-161.318106518509,-26.3406555592137
0.232440949942291,2.47294404003001,972.442229739321,40.8712614815134,98.3923087393121,959.305011156672,2.03331230556728,26.0495626529287,972.059555074346,246.242187153478,-160.99234014817,-26.3082938220751
0.232579192230189,2.47573574064706,972.884477502451,40.9163452612211,98.4209299093585,959.705589958265,2.03447653363873,26.0462906074382,972.500678596599,246.47145325885,-160.666434012254,-26.2742597244909
0.232706474326716,2.4785420217635,973.32744471054,40.9614082057951,98.4503939408616,960.105900559091,2.03565178930774,26.0430647785991,972.941733336701,246.70013814612,-160.340395694635,-26.2385530401985
0.232822586662958,2.48134922629286,973.771135741326,41.0064447951804,98.4807039080273,960.505950740785,2.03683805148723,26.039886448669,973.382719498284,246.928238937839,-160.014232788724,-26.2011735789035
0.232927410443548,2.48414362267607,974.215549043308,41.0514495224391,98.5118627378881,960.905748322273,2.03803529821074,26.0367568954719,973.823637290187,247.155752762443,-159.687952897327,-26.1621211863542
0.233020919533274,2.48691151849872,974.66067714719,41.0964168942613,98.5438732106105,961.305301158682,2.039243506635,26.0336773923,974.264486926426,247.382676754327,-159.361563632496,-26.1213957444157
0.233103181578582,2.48963937593864,975.106506725841,41.1413414314667,98.5767379597914,961.704617140258,2.04046265304256,26.0306492078173,974.705268626174,247.609008053929,-159.035072615395,-26.0789971711436
0.233174358325099,2.49231392799091,975.553018702299,41.1862176694982,98.6104594727431,962.103704191294,2.04169271284446,26.027673605963,975.145982613727,247.834743807803,-158.708487476149,-26.0349254208568
0.233234705100082,2.49492229434422,976.000188404999,41.2310401589071,98.6450400907657,962.502570269051,2.04293366058299,26.0247518458556,975.586629118481,248.059881168702,-158.381815853705,-25.9891804842096
0.233284569437607,2.497452095724,976.447985768962,41.2758034658313,98.6804820094055,962.901223362697,2.04418546993451,26.0218851816977,976.027208374898,248.284417295656,-158.055065395684,-25.9417623882639
0.233324388834305,2.4998915654771,976.896375581358,41.3205021724672,98.7167872787006,963.299671492244,2.04544811371233,26.0190748626811,976.467720622487,248.508349354053,-157.728243758235,-25.8926711965596
0.233354687634328,2.50222965715103,977.34531776944,41.3651308775348,98.7539578034106,963.697922707491,2.04672156386961,26.0163221328927,976.908166105765,248.731674515712,-157.40135860589,-25.8419070091855
0.233376073053691,2.50445614682054,977.794767728505,41.4096841967377,98.7919953432324,964.095985086969,2.0480057915024,26.0136282312209,977.348545074237,248.95438995897,-157.074417611417,-25.7894699628487
0.233389230366111,2.5065617289363,978.244676687233,41.4541567632184,98.8309015129986,964.493866736897,2.04930076685267,26.0109943912627,977.788857782363,249.176492868757,-156.74742845567,-25.7353602309442
0.233394917284525,2.50853810451456,978.694992107384,41.4985432280091,98.8706777828609,964.891575790137,2.05060645931144,26.0084218412309,978.229104489526,249.397980436677,-156.420398827444,-25.6795780236229
0.233393957584466,2.51037806055426,979.145658114599,41.5428382604792,98.911325478456,965.289120405148,2.05192283742194,26.0059118038626,978.66928546001,249.618849861087,-156.093336423322,-25.6221235878598
0.23338723402707,2.5120755396568,979.596615956743,41.587036548779,98.9528457810541,965.686508764958,2.05324986888286,26.0034654963276,979.109400962964,249.83909834718,-155.766248947529,-25.5629972075208
0.233375680650438,2.51362569893361,980.047804486036,41.631132800282,98.9952397276901,966.083749076123,2.05458752055166,26.0010841301381,979.549451272375,250.058723107059,-155.439144111776,-25.5021992034297
0.233360274508107,2.51502495741504,980.499160660971,41.6751217420246,99.0385082112768,966.480849567701,2.05593575844787,25.9987689110581,979.989436667035,250.277721359822,-155.112029635116,-25.4397299334337
0.233342026942271,2.51627103131899,980.950620063892,41.7189981211451,99.0826519806996,966.877818490224,2.05729454775654,25.9965210390146,980.429357430516,250.496090331642,-154.784913243787,-25.3755897924685
0.233321974486875,2.5173629566963,981.402117429939,41.7627567053219,99.1276716408928,967.274664114673,2.05866385283171,25.994341708008,980.869213851133,250.713827255845,-154.457802671058,-25.3097792126234
0.233301169501682,2.51830109913838,981.853587182989,41.8063922832115,99.173567652897,967.671394731457,2.06004363719989,25.9922321060245,981.309006221918,250.93092937299,-154.130705657082,-25.2422986632041
0.233280670642666,2.51908715040843,982.304963974162,41.8498996648877,99.2203403338981,968.068018649393,2.06143386356369,25.9901934149479,981.748734840588,251.147393930953,-153.803629948737,-25.1731486507969
0.233261533276517,2.519724112036,982.75618321842,41.8932736822815,99.2679898572469,968.464544194688,2.06283449380542,25.9882268104729,982.188400009512,251.363218185006,-153.476583299472,-25.1023297193302
0.233244799947662,2.52021626609271,983.207181624839,41.9365091896229,99.3165162524598,968.860979709927,2.0642454889908,25.9863334620188,982.628002035682,251.578399397895,-153.149573469153,-25.0298424501369
0.233231491004941,2.52056913354023,983.657897716145,41.9796010638854,99.3659194052009,969.257333553055,2.06566680937268,25.9845145326433,983.067541230679,251.792934839926,-152.822608223906,-24.9556874620152
0.23322259549196,2.52078942070681,984.108272333245,42.0225442052329,99.4161990572442,969.653614096365,2.06709841439486,25.9827711789577,983.507017910644,252.00682178904,-152.495695335962,-24.8798654112886
0.233219062400322,2.52088495460251,984.558249120569,42.0653335374708,99.4673548064185,970.049829725492,2.06854026269593,25.9811045510425,983.946432396244,252.220057530899,-152.168842583496,-24.802376991866
0.233221792378476,2.52086460792172,985.007774988236,42.1079640085006,99.5193861065318,970.445988838396,2.06999231211319,25.9795157923631,984.385785012641,252.432639358966,-151.842057750475,-24.7232229353002
0.233231629981011,2.52073821470362,985.456800547231,42.1504305907795,99.5722922672788,970.842099844358,2.07145451968659,25.9780060396868,984.825076089459,252.644564574582,-151.515348626493,-24.6424040108463
0.233249356534071,2.52051647772263,985.905280514031,42.1927282817852,99.6260724541288,971.238171162968,2.07292684166274,25.9765764230005,985.264305960753,252.855830487054,-151.188723006614,-24.5599210255188
0.233275683682408,2.52021086876175,986.35317408136,42.2348521044862,99.6807256881969,971.634211223114,2.07440923349901,25.9752280654284,985.703474964975,253.066434413731,-150.862188691215,-24.4757748241487
0.23331124767262,2.51983352298016,986.800445252036,42.2767971078184,99.7362508460964,972.03022846198,2.07590164986758,25.9739620831505,986.14258344494,253.276373680088,-150.535753485821,-24.3899662894389
0.233356604415726,2.51939712862137,987.247063133211,42.3185583671688,99.792646659775,972.42623132403,2.07740404465965,25.9727795853229,986.581631747797,253.485645619805,-150.209425200946,-24.3024963420198
0.233412225360504,2.51891481332166,987.693002188602,42.360130984866,99.8499117163331,972.82222826,2.07891637098965,25.9716816739967,987.020620224994,253.694247574853,-149.883211651931,-24.2133659405038
0.233478494197438,2.51840002826875,988.138242446678,42.4015100906785,99.9080444578268,973.218227725887,2.0804385811995,25.9706694440396,987.459549232243,253.902176895571,-149.557120658779,-24.1225760815383
0.233555704401735,2.51786643143125,988.582769663145,42.4426908423216,99.9670431810543,973.61423818194,2.0819706268629,25.9697439830567,987.898419129488,254.10943094075,-149.231160045995,-24.0301277998595
0.233644057613105,2.51732777103047,989.026575436416,42.4836684259726,100.026906037328,974.010268091639,2.08351245878975,25.9689063713127,988.337230280874,254.316007077717,-148.905337642422,-23.9360221683438
0.233743662839933,2.51679777036093,989.469657275184,42.5244380567949,100.087631032229,974.406325920685,2.0850640270305,25.9681576816547,988.775983054709,254.521902682409,-148.579661281073,-23.8402602980596
0.233854536466364,2.51629001498665,989.912018617568,42.5649949794724,100.149216025355,974.802420135982,2.08662528088065,25.9674989794355,989.214677823434,254.727115139466,-148.254138798968,-23.7428433383178
0.233976603032821,2.51581784324952,990.353668801725,42.6053344687529,100.211658730042,975.198559204613,2.08819616888523,25.9669313224376,989.653314963586,254.931641842303,-147.928778036969,-23.6437724767213
0.234109696753641,2.51539424092801,990.794622988208,42.6454518300026,100.27495671309,975.59475159282,2.0897766388434,25.9664557607979,990.091894855766,255.135480193198,-147.603586839613,-23.5430489392143
0.234253563730001,2.51503174078054,991.234902034738,42.6853423997708,100.33910739446,975.991005764976,2.09136663781299,25.9660733369331,990.530417884607,255.338627603371,-147.278573054943,-23.4406739901307
0.234407864812059,2.51474232760278,991.674532324455,42.7250015463659,100.404108046975,976.387330182557,2.0929661121152,25.965785085466,990.968884438733,255.541081493069,-146.953744534341,-23.3366489322407
0.234572179061297,2.51453734932421,992.113545549074,42.7644246704426,100.469955795998,976.783733303104,2.09457500733925,25.965592033152,991.407294910732,255.742839291645,-146.629109132363,-23.2309751067984
0.234746007762344,2.51442743456873,992.551978448743,42.8036072056013,100.536647619111,977.180223579191,2.09619326834715,25.9654951988065,991.845649697118,255.943898437643,-146.304674706564,-23.1236538935869
0.234928778933001,2.51442241701095,992.989872510762,42.8425446189985,100.604180345781,977.576809457375,2.09782083927849,25.9654955932336,992.283949198296,256.144256378879,-145.980449117333,-23.0146867109634
0.235119852281657,2.51453126677414,993.427273629619,42.881232411971,100.672550657017,977.973499377157,2.09945766355522,25.965594219154,992.722193818529,256.343910572521,-145.65644022772,-22.9040750159036
0.235318524562592,2.51476202904127,993.864231731143,42.9196661206711,100.741755085023,978.370301769921,2.10110368388657,25.9657920711355,993.160383965902,256.542858485177,-145.332655903269,-22.7918203040448
0.235524035281723,2.51512176998668,994.300800363847,42.9578413167156,100.811790012848,978.767225057879,2.10275884227395,25.9660901355226,993.598520052288,256.741097592972,-145.00910401184,-22.6779241097281
0.235735572707846,2.5156165300844,994.737036260786,42.9957536078476,100.882651674027,979.164277653007,2.10442308001589,25.9664893903675,994.036602493313,256.938625381633,-144.685792423442,-22.5623880060407
0.235952280147287,2.51625128481,995.172998875516,43.0333986386112,100.954336152222,979.561467955972,2.10609633771305,25.9669908053621,994.47463170832,257.135439346571,-144.362729010058,-22.4452136048562
0.236173262442828,2.51702991272484,995.608749895929,43.0707720910399,101.026839380859,979.958804355053,2.10777855527329,25.96759534177,994.912608120334,257.331536992963,-144.039921645474,-22.3264025568747
0.236397592660616,2.51795517091539,996.044352739903,43.1078696853586,101.100157142767,980.356295225057,2.10946967191672,25.9683039523592,995.35053215603,257.526915835835,-143.7173782051,-22.2059565516619
0.236624318931415,2.51902867775307,996.4798720369,43.1446871806988,101.174285069815,980.753948926225,2.11116962618081,25.9691175813368,995.788404245692,257.721573400145,-143.395106565802,-22.0838773176872
0.236852471414729,2.52025090294112,996.915373099693,43.1812203758284,101.24921864255,981.151773803129,2.11287835592563,25.9700371642824,996.226224823181,257.915507220865,-143.07311460572,-21.9601666223613
0.237081069355988,2.52162116482217,997.350921390536,43.2174651098942,101.324953189841,981.549778183564,2.11459579833895,25.9710636280838,996.663994325902,258.108714843063,-142.751410204097,-21.8348262720727
0.237309128208007,2.52313763493077,997.786581986102,43.2534172631794,101.401483888521,981.947970377427,2.11632188994159,25.972197890873,997.101713194763,258.301193821987,-142.430001241102,-21.7078581122228
0.237535666788187,2.52479734978714,998.222419045542,43.2890727578749,101.478805763046,982.346358675588,2.11805656659262,25.9734408619623,997.539381874141,258.492941723145,-142.108895597649,-21.5792640272613
0.23775971444254,2.52659622993987,998.658495285984,43.3244275588636,101.556913685144,982.744951348753,2.11979976349473,25.9747934417817,997.977000811852,258.683956122392,-141.788101155224,-21.44904594072
0.237980318186377,2.52852910627233,999.094871469741,43.35947767452,101.63580237349,983.143756646314,2.1215514151996,25.9762565218172,998.414570459106,258.874234606007,-141.467625795706,-21.317205815245
0.238196549789688,2.53058975358981,999.531605907387,43.3942191575232,101.715466393373,983.54278279519,2.12331145561325,25.9778309845494,998.852091270479,259.063774770781,-141.147477401184,-21.1837456526299
0.238407512772733,2.53277093149836,999.968753980767,43.4286481056831,101.795900156389,983.942037998655,2.12507981800153,25.9795177033924,999.289563703872,259.252574224096,-140.827663853784,-21.0486674938461
0.238612349274445,2.53506443257117,1000.40636768979,43.462760662782,101.877097920137,984.341530435158,2.12685643499557,25.9813175426349,999.726988220477,259.44063058401,-140.508193035484,-20.9119734190733
0.2388102467529,2.53746113777204,1000.84449522677,43.4965530194279,101.95905378793,984.741268257123,2.12864123859728,25.9832313573802,1000.16436528474,259.627941479337,-140.189072827935,-20.7736655477289
0.239000444473688,2.53995107906799,1001.28318058168,43.5300214139233,102.041761708524,985.14125958975,2.13043416018493,25.9852599934883,1000.60169536434,259.814504549732,-139.87031111228,-20.6337460384967
0.239182239738504,2.54252350911322,1001.72246318166,43.5631621331463,102.125215475858,985.541512529789,2.1322351305187,25.9874042875178,1001.03897893011,260.000317445772,-139.551915768974,-20.4922170893538
0.239354993803065,2.54516697782496,1002.1623775677,43.595971513445,102.20940872882,985.942035144309,2.13404407974632,25.9896650666695,1001.47621645606,260.18537782904,-139.233894677597,-20.3490809375976
0.23951813743059,2.54786941559859,1002.60295311112,43.6284459415453,102.294334951023,986.342835469453,2.13586093740872,25.9920431487297,1001.91340841929,260.369683372207,-138.916255716676,-20.2043398598715
0.239671176024887,2.55061822282641,1003.04421377218,43.6605818554715,102.379987470611,986.743921509173,2.13768563244569,25.9945393420145,1002.35055529999,260.553231759114,-138.599006763499,-20.0579961721894
0.239813694285605,2.55340036529264,1003.48617790294,43.6923757454794,102.466359460077,987.145301233959,2.13951809320166,25.9971544453158,1002.78765758138,260.736020684854,-138.282155693932,-19.9100522299594
0.239945360327837,2.55620247491864,1003.92885809582,43.7238241550015,102.553443936114,987.546982579546,2.1413582474314,25.9998892478464,1003.22471574967,260.918047855857,-137.965710382233,-19.7605104280069
0.240065929208826,2.55901095523063,1004.37226107931,43.7549236816046,102.641233759489,987.948973445609,2.14320602230582,26.002744529187,1003.66173029406,261.099310989971,-137.64967870087,-19.6093732005964
0.240175245806508,2.56181209081789,1004.81638766163,43.7856709779587,102.729721634938,988.351281694443,2.14506134441782,26.0057210592336,1004.09870170666,261.279807816542,-137.33406852033,-19.4566430214521
0.240273246997784,2.56459215994795,1005.26123272281,43.8160627528179,102.818900111096,988.753915149623,2.14692413978812,26.0088195981458,1004.53563048248,261.459536076502,-137.018887708939,-19.3023224037784
0.240359963089002,2.56733754940771,1005.70678525543,43.8460957720113,102.908761580453,989.156881594653,2.14879433387114,26.012040896295,1004.9725171194,261.638493522445,-136.704144132672,-19.1464139002783
0.240435518457068,2.57003487055034,1006.15302845353,43.8757668594454,102.999298279346,989.560188771597,2.15067185156093,26.0153856942148,1005.40936211808,261.816677918716,-136.389845654964,-18.9889201031718
0.240500131366838,2.57267107544933,1006.59993984927,43.9050728981165,103.090502287974,989.963844379686,2.15255661719712,26.0188547225507,1005.84616598201,261.994087041488,-136.076000136526,-18.8298436442128
0.240554112938938,2.57523357199629,1007.04749149592,43.9340108311323,103.182365530459,990.367856073921,2.15444855457088,26.0224487020114,1006.28292921741,262.170718678845,-135.762615435155,-18.6691871947051
0.240597865251738,2.57771033673147,1007.49565019606,43.9625776627436,103.274879774932,990.772231463645,2.15634758693097,26.0261683433205,1006.71965233318,262.346570630867,-135.449699405543,-18.5069534655176
0.24063187857174,2.58009002416595,1007.94437777287,43.9907704593842,103.368036633665,991.176978111104,2.15825363698973,26.030014347169,1007.15633584094,262.521640709711,-135.137259899091,-18.3431452070983
0.240656727717906,2.582362071346,1008.39363138251,44.0185863507194,103.461827563237,991.582103529992,2.16016662692916,26.0339874041687,1007.59298025492,262.69592673969,-134.825304763718,-18.1777652094872
0.24067306757728,2.58451679642277,1008.84336386492,44.0460225307026,103.556243864736,991.987615183972,2.16208647840705,26.0380881948058,1008.02958609195,262.869426557361,-134.513841843669,-18.0108163023287
0.240681627801243,2.58654549002592,1009.29352413022,44.0730762586383,103.651276684016,992.393520485179,2.16401311256308,26.0423173893959,1008.46615387144,263.0421380116,-134.202878979326,-17.8423013548824
0.240683206723895,2.58844049829825,1009.74405757756,44.0997448602527,103.746917011979,992.799826792711,2.16594645002497,26.0466756480394,1008.90268411531,263.214058963691,-133.892424007016,-17.6722232760333
0.240678664555744,2.59019529652846,1010.19490654293,44.12602572877,103.843155684917,993.206541411093,2.16788641091466,26.0511636205777,1009.33917734797,263.385187287401,-133.582484758818,-17.5005850143006
0.240668915917209,2.5918045524213,1010.64601077232,44.1519163259941,103.939983384889,993.613671588726,2.16983291485456,26.05578194655,1009.7756340963,263.55552086907,-133.273069062371,-17.327389557846
0.240654921786808,2.59326417816524,1011.09730791626,44.1774141833953,104.037390640153,994.021224516314,2.17178588097372,26.060531255151,1010.21205488958,263.725057607682,-132.964184740683,-17.1526399344806
0.240637680948287,2.59457137059695,1011.54873404163,44.2025169032015,104.135367825642,994.42920732528,2.17374522791417,26.0654121651892,1010.64844025948,263.893795414958,-132.655839611934,-16.9763392116708
0.240618221029034,2.59572463891478,1012.00022415666,44.2272221594925,104.233905163489,994.837627086148,2.17571087383712,26.0704252850463,1011.08479073999,264.061732215428,-132.348041489285,-16.7984904965432
0.240597589228692,2.59672381955891,1012.45171274456,44.2515276992975,104.332992723607,995.246490806923,2.17768273642937,26.0755712126365,1011.52110686744,264.22886594652,-132.040798180681,-16.6190969358886
0.240576842841833,2.59757007804894,1012.90313430161,44.2754313436948,104.43262042432,995.655805431435,2.17966073290958,26.080850535368,1011.95738918041,264.395194558635,-131.734117488661,-16.4381617161645
0.240557039681742,2.59826589774759,1013.35442387497,44.2989309889128,104.532778033048,996.065577837677,2.18164478003467,26.0862638301033,1012.39363821971,264.560716015233,-131.428007210155,-16.2556880634973
0.240539228513694,2.59881505569773,1013.80551759606,44.3220246074316,104.633455167045,996.475814836117,2.1836347941062,26.091811663122,1012.82985452834,264.725428292913,-131.122475136295,-16.071679243683
0.240524439605579,2.59922258585589,1014.25635320487,44.3447102490852,104.734641294197,996.886523167991,2.1856306909768,26.0974945900832,1013.26603865149,264.889329381492,-130.817529052216,-15.8861385621864
0.240513675501358,2.5994947302139,1014.70687056095,44.3669860421625,104.836325733875,997.29770950358,2.18763238605656,26.1033131559896,1013.70219113643,265.05241728409,-130.513176736857,-15.6990693641403
0.240507902118662,2.59963887845922,1015.15701213688,44.3888501945064,104.938497657849,997.709380440466,2.18963979431958,26.1092678951508,1014.13831253254,265.214690017206,-130.209425962769,-15.5104750343427
0.240508040266027,2.59966349696946,1015.60672349014,44.4103009946112,105.041146091259,998.121542501768,2.19165283031037,26.1153593311496,1014.57440339124,265.376145610804,-129.906284495912,-15.320358997253
0.240514957667896,2.59957804806548,1016.05595370944,44.4313368127165,105.144259913649,998.534202134366,2.19367140815041,26.1215879768064,1015.01046426596,265.53678210839,-129.603760095461,-15.1287247169883
0.240529461576846,2.5993929005571,1016.50465583193,44.4519561018971,105.247827860066,998.947365707098,2.19569544154466,26.127954334147,1015.4464957121,265.696597567092,-129.301860513603,-14.9355756973165
0.240552292042679,2.59911923270498,1016.95278722778,44.4721573991481,105.351838522215,999.361039508947,2.19772484378812,26.1344588943689,1015.88249828702,265.855590057745,-129.000593495344,-14.7409154816505
0.240584115897385,2.59876892878936,1017.40030994907,44.4919393264641,105.456280349684,999.775229747206,2.1997595277724,26.1411021378096,1016.31847254993,266.013757664968,-128.699966778302,-14.5447476530399
0.240625521503673,2.59835447052089,1017.8471910401,44.5113005919126,105.561141651236,1000.18994254562,2.20179940599234,26.1478845339155,1016.75441906196,266.171098487244,-128.399988092515,-14.3470758341618
0.240677014303188,2.59788882455051,1018.29340280656,44.5302399906985,105.666410596162,1000.60518394255,2.20384439055257,26.1548065412111,1017.19033838602,266.327610637002,-128.100665160236,-14.1479036873114
0.24073901318883,2.59738532733497,1018.73892304149,44.5487564062219,105.772075215702,1001.02095988903,2.20589439317423,26.1618686072692,1017.62623108683,266.483292240694,-127.80200569573,-13.94723491439
0.240811847714109,2.5968575685924,1019.18373520609,44.5668488111257,105.878123404538,1001.43727624694,2.20794932520156,26.1690711686822,1018.06209773087,266.63814143888,-127.504017405081,-13.7450732568935
0.240895756141435,2.59631927454118,1019.62782856404,44.5845162683332,105.984542922354,1001.85413878703,2.2100090976086,26.1764146510333,1018.4979388863,266.792156386302,-127.206707985982,-13.5414224958985
0.240990884320858,2.59578419205635,1020.07119826822,44.6017579320749,106.091321395464,1002.27155318703,2.21207362100591,26.183899468869,1018.933755123,266.945335251967,-126.910085127538,-13.3362864520476
0.241097285381285,2.59526597480345,1020.5138453991,44.6185730489031,106.198446318514,1002.6895250297,2.21414280564725,26.1915260256728,1019.36954701246,267.097676219226,-126.614156510061,-13.1296689855346
0.241214920207731,2.5947780723235,1020.95577695471,44.6349609586937,106.305905056249,1003.10805980088,2.21621656143635,26.1992947138382,1019.80531512778,267.249177485852,-126.318929804869,-12.9215739960868
0.241343658670854,2.5943336229471,1021.39700579211,44.650921095634,106.413684845361,1003.52716288748,2.21829479793363,26.2072059146441,1020.24106004362,267.399837264122,-126.024412674084,-12.7120054229477
0.241483281568981,2.59394535131367,1021.83755052094,44.6664529891961,106.521772796405,1003.94683957559,2.22037742436301,26.21525999823,1020.6767823362,267.549653780893,-125.730612770423,-12.5009672448576
0.241633483238078,2.59362547116693,1022.2774353501,44.681556265094,106.630155895783,1004.36709504839,2.22246434961867,26.2234573235716,1021.11248258318,267.69862527768,-125.437537737002,-12.2884634800338
0.241793874781676,2.59338559399295,1022.71668988859,44.6962306462242,106.738821007812,1004.78793438423,2.22455548227188,26.2317982384584,1021.54816136372,267.84675001074,-125.145195207125,-12.0744981861489
0.24196398787055,2.59323664396499,1023.15534890238,44.7104759535892,106.847754876857,1005.20936255458,2.2266507305778,26.2402830794708,1021.98381925838,267.994026251145,-124.853592804081,-11.8590754603086
0.24214327906098,2.5931887795627,1023.59345202919,44.7242921072013,106.956944129548,1005.63138442203,2.22875000248235,26.2489121719588,1022.41945684909,268.140452284864,-124.562738140944,-11.642199439028
0.242331134580469,2.59325132214489,1024.03104345363,44.7376791269677,107.066375277058,1006.05400473827,2.23085320562905,26.2576858300205,1022.85507471914,268.286026412839,-124.27263882036,-11.4238742982068
0.242526875530811,2.59343269167533,1024.46817154523,44.7506371335546,107.176034717475,1006.47722814204,2.2329602473659,26.2666043564825,1023.29067345312,268.430746951063,-123.983302434345,-11.2041042531034
0.242729763460163,2.59374034973331,1024.90488846249,44.76316634923,107.285908738233,1006.90105915714,2.23507103475226,26.2756680428804,1023.72625363687,268.574612230661,-123.694736564081,-10.9828935583077
0.242939006258146,2.59418074988404,1025.34124972603,44.7752670986837,107.395983518625,1007.32550219035,2.23718547456579,26.2848771694395,1024.1618158575,268.717620597963,-123.406948779705,-10.7602465077132
0.243153764330714,2.59475929543969,1025.77731376438,44.7869398098241,107.506245132398,1007.75056152941,2.23930347330933,26.2942320050575,1024.59736070328,268.859770414586,-123.119946640106,-10.536167434487
0.243373157014485,2.59548030460994,1026.21314143623,44.7981850145507,107.616679550415,1008.17624134099,2.24142493721783,26.3037328072871,1025.03288876366,269.001060057506,-122.833737692716,-10.3106607110397
0.243596269193138,2.59634698301973,1026.64879553273,44.8090033495004,107.727272643395,1008.60254566863,2.24354977226536,26.3133798223193,1025.46840062919,269.141487919142,-122.548329473304,-10.0837307489933
0.243822158081219,2.59736140356161,1027.08434026426,44.8193955567686,107.838010184737,1009.02947843073,2.24567788417201,26.3231732849677,1025.90389689151,269.281052407428,-122.263729505766,-9.8553819991482
0.244049860143078,2.59852449354787,1027.51984073553,44.8293624846022,107.948877853409,1009.45704341848,2.24780917841088,26.3331134186538,1026.33937814331,269.419751945888,-121.979945301921,-9.62561895144942
0.244278398116545,2.59983602913274,1027.95536241345,44.8389050880643,108.05986123692,1009.88524429386,2.24994356021512,26.3432004353921,1026.77484497828,269.55758497372,-121.696984361296,-9.3944461349508
0.244506788112225,2.60129463698426,1028.39097059204,44.8480244296702,108.170945834368,1010.31408458759,2.25208093458486,26.3534345357775,1027.21029799109,269.694549945865,-121.414854170926,-9.16186811777869
0.244734046759876,2.60289780319763,1028.82672985873,44.8567216799928,108.282117059559,1010.74356769714,2.25422120629428,26.3638159089714,1027.64573777733,269.830645333086,-121.133562205137,-8.92788950709412
0.244959198373191,2.6046418894531,1029.26270356638,44.8649981182369,108.393360244205,1011.17369688469,2.25636427989862,26.3743447326907,1028.08116493351,269.965869622046,-120.853115925342,-8.6925149490539
0.245181282103396,2.6065221564312,1029.69895331534,44.872855132782,108.504660641198,1011.60447527516,2.25851005974121,26.3850211731955,1028.51658005697,270.10022131538,-120.57352277983,-8.45574912877039
0.245399359050497,2.60853279450213,1030.13553844969,44.8802942216916,108.616003427954,1012.0359058542,2.26065844996056,26.3958453852794,1028.95198374588,270.233698931771,-120.294790203555,-8.21759677027022
0.245612519298769,2.61066696170376,1030.57251557188,44.8873169931887,108.727373709836,1012.46799146623,2.26280935449737,26.4068175122591,1029.3873765992,270.366301006028,-120.016925617927,-7.97806263645164
0.245819888840271,2.61291682901135,1031.00993807959,44.893925166097,108.838756523647,1012.90073481247,2.26496267710166,26.4179376859653,1029.82275921664,270.498026089159,-119.739936430604,-7.73715152904074
0.246020636347037,2.61527363288025,1031.44785572869,44.9001205702462,108.950136841194,1013.334138449,2.26711832133981,26.4292060267348,1030.25813219861,270.628872748445,-119.463830035275,-7.49486828854645
0.246213979749118,2.61772773501014,1031.8863142258,44.9059051468408,109.061499572934,1013.76820478486,2.2692761906017,26.4406226434025,1030.69349614619,270.758839567518,-119.188613811457,-7.25121779421426
0.246399192572203,2.62026868923415,1032.32535485381,44.9112809487916,109.172829571677,1014.20293608011,2.27143618810777,26.4521876332943,1031.12885166109,270.887925146431,-118.914295124278,-7.00620496397878
0.246575609985143,2.62288531537936,1032.76501413341,44.9162501410092,109.284111636374,1014.63833444397,2.27359821691618,26.4639010822215,1031.56419934564,271.016128101735,-118.640881324268,-6.75983475441501
0.246742634504714,2.62556577987655,1033.20532352348,44.9208150006581,109.395330515963,1015.07440183294,2.2757621799299,26.475763064475,1031.99953980271,271.143447066551,-118.368379747148,-6.51211216068843
0.246899741302435,2.62829768281761,1033.64630916266,44.9249779173718,109.506470913289,1015.51114004901,2.27792797990386,26.4877736428209,1032.43487363569,271.269880690648,-118.096797713618,-6.26304221650378
0.247046483056503,2.63106815107063,1034.0879916544,44.9287413934261,109.617517489093,1015.94855073782,2.28009551945212,26.4999328684962,1032.87020144846,271.395427640508,-117.826142529143,-6.01262999405269
0.247182494291023,2.63386393696649,1034.53038589719,44.9321080438721,109.728454866065,1016.38663538688,2.28226470105495,26.5122407812059,1033.30552384535,271.520086599408,-117.556421483743,-5.76088060395999
0.247307495144959,2.63667152197016,1034.97350096135,44.9350805966268,109.839267632965,1016.82539532385,2.28443542706609,26.5246974091205,1033.74084143109,271.643856267488,-117.28764185178,-5.5077991952288
0.247421294514571,2.63947722464584,1035.41734001354,44.9376618925206,109.949940348803,1017.26483171481,2.28660759971982,26.5373027688742,1034.17615481078,271.766735361823,-117.019810891745,-5.25339095518435
0.247523792515821,2.64226731212271,1035.86190028959,44.9398548853013,110.060457547087,1017.70494556259,2.2887811211382,26.5500568655639,1034.61146458987,271.8887226165,-116.752935846044,-4.99766110941661
0.247614982217254,2.6450281141681,1036.30717311583,44.9416626415942,110.170803740133,1018.14573770513,2.29095589333824,26.562959692749,1035.04677137409,272.009816782684,-116.487023940789,-4.74061492172158
0.247694950599245,2.64774613888232,1036.75314397899,44.9430883408171,110.28096342343,1018.58720881387,2.29313181823907,26.5760112324521,1035.48207576944,272.130016628694,-116.222082385581,-4.48225769404134
0.247763878702231,2.6504081889461,1037.19979264387,44.9441352750494,110.390921080071,1019.0293593922,2.29530879766915,26.5892114551596,1035.91737838212,272.249320940074,-115.958118373297,-4.22259476640291
0.247822040934575,2.65300147728133,1037.64709331814,44.9448068488556,110.500661185231,1019.47218977392,2.29748673337347,26.6025603198246,1036.35267981854,272.367728519662,-115.695139079877,-3.9616315168557
0.247869803519846,2.65551374093083,1038.09501486272,44.945106579062,110.610168210711,1019.91570012178,2.29966552702077,26.6160577738688,1036.78798068524,272.485238187663,-115.433151664112,-3.69937336140786
0.247907622073493,2.65793335192556,1038.54352104618,44.9450380944854,110.71942662953,1020.35989042607,2.30184508021074,26.6297037531862,1037.22328158887,272.601848781721,-115.172163267428,-3.43582575396119
0.24793603830989,2.66024942389083,1038.99257084107,44.9446051356148,110.828420920567,1020.80476050319,2.30402529448123,26.6434981821474,1037.65858313614,272.717559156984,-114.912181013672,-3.17099418624493
0.247955675892354,2.66245191314669,1039.44211875975,44.9438115542445,110.937135573261,1021.25030999438,2.30620607131551,26.6574409736046,1038.09388593382,272.832368186181,-114.653212008898,-2.90488418774813
0.247967235450693,2.6645317130845,1039.892115227,44.9426613130579,111.04555509235,1021.69653836438,2.30838731214944,26.6715320288969,1038.52919058864,272.946274759686,-114.395263341155,-2.63750132565086
0.247971488802982,2.66648074065064,1040.34250698636,44.9411584851625,111.153664002662,1022.14344490025,2.31056891837878,26.685771237857,1038.9644977073,273.059277785592,-114.138342080268,-2.36885120475402
0.247969272430135,2.66829201384004,1040.79323753688,44.9393072535754,111.261446853948,1022.59102871018,2.31275079136635,26.7001584788181,1039.39980789643,273.171376189776,-113.88245527763,-2.09893946740799
0.247961480263363,2.66995971919588,1041.24424759658,44.9371119106578,111.368888225761,1023.03928872239,2.31493283244933,26.7146936186221,1039.83512176252,273.282568915971,-113.627609965978,-1.82777179343988
0.247949055855393,2.67147926842506,1041.69547558904,44.9345768575002,111.475972732367,1023.48822368407,2.31711494294647,26.7293765126278,1040.27043991191,273.392854925834,-113.373813159189,-1.55535390007956
0.24793298401611,2.6728473433716,1042.1468581488,44.9317066032561,111.582685027701,1023.93783216037,2.31929702416533,26.7442070047206,1040.70576295076,273.502233199013,-113.121071852056,-1.28169154188431
0.247914282001919,2.67406192873779,1042.59833064163,44.9285057644247,111.689009810356,1024.38811253352,2.32147897740957,26.7591849273224,1041.14109148497,273.610702733215,-112.869393020079,-1.0067905106623
0.247893990355313,2.67512233210359,1043.04982769529,44.9249790640826,111.794931828605,1024.83906300192,2.32366070398617,26.7743101014023,1041.57642612017,273.718262544276,-112.618783619247,-0.730656635394672
0.247873163496758,2.67602919096572,1043.5012837363,44.921131331064,111.900435885451,1025.29068157938,2.32584210521268,26.7895823364886,1042.01176746172,273.824911666226,-112.369250585823,-0.453295782156322
0.247852860174889,2.67678446669369,1043.9526335285,44.9169674990887,112.005506843715,1025.74296609433,2.3280230824245,26.8050014306805,1042.44711611457,273.930649151355,-112.12080083613,-0.174713854035434
0.247834133883089,2.67739142547953,1044.40381270864,44.9124926058391,112.110129631134,1026.19591418926,2.3302035369821,26.8205671706617,1042.88247268333,274.035474070284,-111.873441266334,0.105083208948346
0.247818023350742,2.67785460653457,1044.85475831484,44.9077117919844,112.214289245497,1026.64952332002,2.33238337027834,26.8362793317137,1043.31783777218,274.139385512027,-111.627178752233,0.386089429927016
0.247805543215804,2.67817977795928,1045.30540930343,44.9026303001531,112.317970759794,1027.10379075541,2.33456248374564,26.8521376777308,1043.75321198481,274.242382584056,-111.382020149034,0.668298795268648
0.247797674981864,2.67837388087482,1045.75570704984,44.8972534738541,112.421159327385,1027.55871357665,2.33674077886332,26.8681419612347,1044.18859592443,274.344464412373,-111.137972291145,0.951705254663134
0.247795358357702,2.67844496255595,1046.20559582956,44.8915867563448,112.52384018718,1028.01428867707,2.33891815716482,26.8842919233912,1044.62399019371,274.445630141569,-110.895041991954,1.23630272120924
0.247799483070556,2.67840209944058,1046.65502327506,44.8856356894477,112.625998668843,1028.47051276181,2.34109452024495,26.9005872940263,1045.05939539475,274.545878934892,-110.653236043618,1.52208507150299
0.24781088123616,2.67825531100879,1047.10394080503,44.8794059123149,112.727620197989,1028.92738234763,2.34326976976718,26.917027791644,1045.49481212901,274.645209974308,-110.412561216845,1.80904614572735
0.247830320359208,2.67801546562181,1047.55230402234,44.8729031601414,112.828690301403,1029.38489376273,2.34544380747086,26.9336131234447,1045.93024099732,274.743622460571,-110.173024260678,2.09717974774328
0.247858497027561,2.67769417948766,1048.00007307745,44.8661332628261,112.929194612252,1029.84304314677,2.34761653517851,26.9503429853435,1046.36568259979,274.841115613283,-109.93463190228,2.38647964518203
0.247896031352453,2.67730370997362,1048.4472129944,44.8591021435818,113.029118875306,1030.30182645085,2.34978785480304,26.9672170619904,1046.80113753584,274.937688670956,-109.697390846721,2.67693956953887
0.247943462195432,2.67685684451681,1048.89369395663,44.851815817494,113.128448952152,1030.76123943769,2.35195766835502,26.9842350267905,1047.23660640407,275.033340891079,-109.461307776757,2.96855321626805
0.248001243211086,2.67636678639185,1049.33949155036,44.8442803900286,113.227170826403,1031.22127768176,2.35412587794994,27.0013965419253,1047.67208980231,275.128071550179,-109.22638935262,3.26131424487915
0.248069739723029,2.6758470385816,1049.78458696357,44.83650205549,113.325270608902,1031.68193656966,2.35629238581544,27.0187012583744,1048.10758832753,275.221879943881,-108.9926422118,3.55521627903474
0.248149226439349,2.67531128696279,1050.22896713893,44.8284870954276,113.422734542915,1032.14321130042,2.35845709429853,27.0361488159382,1048.5431025758,275.314765386974,-108.760072968829,3.85025290664938
0.248239886003066,2.67477328396599,1050.67262487956,44.820241876994,113.519549009302,1032.60509688604,2.3606199058729,27.0537388432614,1048.9786331423,275.406727213469,-108.528688215066,4.14641767998997
0.248341808363293,2.67424673380126,1051.11555890673,44.8117728512533,113.615700531684,1033.06758815197,2.36278072314608,27.0714709578566,1049.41418062122,275.497764776663,-108.298494518482,4.44370411577739
0.248454990943876,2.67374518025868,1051.55777386905,44.8030865514403,113.711175781578,1033.53067973782,2.3649394488667,27.08934476613,1049.84974560575,275.587877449199,-108.069498423446,4.74210569528954
0.248579339578525,2.67328189800062,1051.99928030323,44.7941895911727,113.805961583514,1033.99436609808,2.36709598593175,27.1073598634061,1050.28532868804,275.677064623124,-107.841706450507,5.04161586446569
0.248714670174893,2.67286978816306,1052.44009454659,44.785088662614,113.900044920121,1034.45864150293,2.36925023739375,27.1255158339546,1050.72093045918,275.765325709951,-107.61512509618,5.34222803401217
0.248860711064791,2.67252127897877,1052.88023860224,44.7757905345913,113.993412937191,1034.92350003915,2.371402106468,27.1438122510171,1051.15655150911,275.85266014072,-107.38976083273,5.64393557950941
0.249017105993748,2.67224823203029,1053.31973995798,44.7663020506651,114.086052948702,1035.3889356112,2.37355149653978,27.162248676835,1051.59219242665,275.939067366054,-107.165620107961,5.94673184152032
0.249183417700464,2.67206185463696,1053.75863136045,44.7566301271546,114.177952441806,1035.85494194223,2.37569831117157,27.1808246626782,1052.02785379938,276.024546856221,-106.942709344996,6.25061012570003
0.249359132035218,2.67197261878125,1054.19695054638,44.7467817511178,114.26909908178,1036.32151257535,2.37784245411022,27.199539748874,1052.46353621369,276.109098101187,-106.721034942063,6.55556370290696
0.249543662565983,2.67199018688759,1054.63473993318,44.7367639782874,114.359480716934,1036.78864087489,2.37998382929417,27.2183934648376,1052.89924025466,276.192720610681,-106.500603272284,6.86158580931528
0.24973635562161,2.67212334468379,1055.07204627143,44.7265839309638,114.449085383469,1037.25632002778,2.38212234086063,27.2373853291022,1053.33496650609,276.275413914248,-106.281420683456,7.16866964652865
0.249936495722981,2.67237994130223,1055.50892026203,44.7162487958656,114.537901310292,1037.72454304503,2.38425789315276,27.2565148493509,1053.77071555039,276.357177561306,-106.063493497838,7.47680838169535
0.250143311355132,2.67276683671694,1055.94541614125,44.7057658219388,114.625916923773,1038.19330276332,2.38639039072683,27.2757815224491,1054.20648796862,276.438011121204,-105.846828011939,7.78599514762481
0.250355981035986,2.67328985656367,1056.38159123701,44.6951423181252,114.713120852447,1038.66259184662,2.38851973835939,27.2951848344766,1054.64228434037,276.517914183279,-105.6314304963,8.09622304290541
0.250573639640202,2.67395375435299,1056.81750549998,44.6843856510919,114.799501931663,1039.13240278799,2.39064584105442,27.3147242607624,1055.0781052438,276.596886356908,-105.417307195283,8.40748513202367
0.250795384939589,2.67476218106133,1057.25322101335,44.6735032429219,114.885049208161,1039.60272791141,2.3927686040505,27.3343992659182,1055.51395125552,276.674927271569,-105.204464326854,8.71977444548482
0.251020284324395,2.67571766207016,1057.68880148533,44.6625025687676,114.969751944595,1040.0735593737,2.39488793282791,27.3542093038741,1055.94982295064,276.752036576889,-104.992908082372,9.0330839799347
0.251247381672267,2.67682158141864,1058.12431172833,44.6513911544679,115.053599623979,1040.5448891666,2.39700373311576,27.3741538179141,1056.38572090264,276.828213942705,-104.782644626374,9.34740669828301
0.251475704333841,2.67807417333718,1058.5598171292,44.6401765741304,115.136581954063,1041.01670911884,2.39911591089915,27.3942322407131,1056.82164568339,276.903459059115,-104.573680096364,9.66273552982793
0.251704270205392,2.67947452103749,1058.99538311485,44.6288664476794,115.218688871642,1041.4890108984,2.40122437242623,27.414443994374,1057.2575978631,276.977771636529,-104.366020602596,9.97906337038214
0.251932094859869,2.68102056274585,1059.43107461739,44.6174684383715,115.299910546778,1041.96178601478,2.40332902421531,27.4347884904659,1057.69357801028,277.051151405727,-104.159672227863,10.2963830824001
0.252158198707785,2.68270910497838,1059.86695554344,44.6059902502795,115.380237386944,1042.43502582143,2.40542977306193,27.455265130063,1058.12958669168,277.123598117908,-103.954641027285,10.6146874951068
0.252381614158819,2.68453584306783,1060.30308825162,44.5944396257462,115.45966004109,1042.90872151818,2.40752652604599,27.4758733037838,1058.56562447227,277.195111544743,-103.750933028095,10.9339694046277
0.252601392753676,2.68649538895755,1060.7395330427,44.5828243428095,115.538169403616,1043.38286415387,2.40961919053872,27.4966123918321,1059.00169191521,277.265691478428,-103.548554229427,11.2542215741205
0.252816612233759,2.68858130627933,1061.17634766643,44.5711522125996,115.61575661826,1043.85744462896,2.41170767420982,27.5174817640372,1059.43778958179,277.335337731733,-103.347510602105,11.5754367339074
0.253026383513599,2.69078615272353,1061.61358684906,44.5594310767106,115.692413081891,1044.33245369827,2.41379188503443,27.5384807798962,1059.87391803138,277.404050138054,-103.147808088429,11.8976075816097
0.253229857518008,2.69310152969311,1062.05130184554,44.5476688045466,115.76813044821,1044.80788197384,2.41587173130017,27.5596087886166,1060.31007782144,277.471828551463,-102.949452601966,12.220726782283
0.253426231842495,2.69551813920424,1062.48954001984,44.5358732906455,115.842900631349,1045.2837199278,2.41794712161417,27.580865129159,1060.74626950744,277.538672846757,-102.752450027337,12.5447869685544
0.253614757192062,2.69802584795649,1062.92834445702,44.5240524519799,115.916715809379,1045.75995789538,2.42001796491004,27.6022491302816,1061.18249364281,277.604582919509,-102.556806220005,12.8697807407603
0.253794743550025,2.70061375844299,1063.36775361006,44.5122142252384,115.9895684277,1046.23658607796,2.42208417045487,27.6237601105845,1061.61875077894,277.669558686114,-102.362527006066,13.1957006670864
0.253965566025334,2.70327028690711,1063.80780098447,44.5003665640876,116.061451202346,1046.71359454623,2.42414564785619,27.6453973785555,1062.05504146512,277.733600083839,-102.169618182039,13.5225392837084
0.254126670324129,2.70598324787691,1064.24851486326,44.4885174364168,116.13235712316,1047.19097324338,2.42620230706888,27.6671602326159,1062.4913662485,277.796707070872,-101.978085514654,13.8502890949346
0.254277577789191,2.70873994492355,1064.68991807441,44.4766748215674,116.202279456879,1047.66871198846,2.4282540584022,27.6890479611677,1062.92772567404,277.858879626367,-101.787934740641,14.1789425733492
0.254417889949721,2.71152726719637,1065.13202780293,44.464846707547,116.271211750089,1048.14680047966,2.43030081252661,27.7110598426409,1063.36412028449,277.92011775049,-101.599171566524,14.5084921599576
0.254547292523615,2.71433179118845,1065.57485544904,44.453041088232,116.339147832082,1048.62522829781,2.43234248048073,27.7331951455423,1063.80055062035,277.980421464468,-101.411801668409,14.8389302643328
0.25466555881533,2.71713988708323,1066.01840653356,44.4412659605585,116.406081817579,1049.10398490988,2.43437897367819,27.7554531285041,1064.23701721981,278.039790810633,-101.225830691776,15.1702492647633
0.25477255245459,2.71993782892939,1066.46268065146,44.4295293217042,116.472008109352,1049.58305967253,2.43641020391456,27.777833040334,1064.67352061873,278.098225852467,-101.041264251271,15.5024415084019
0.254868229424674,2.72271190779003,1066.90767147393,44.4178391662616,116.536921400707,1050.06244183578,2.43843608337411,27.8003341200657,1065.11006135059,278.155726674647,-100.858107930494,15.8354993114165
0.254952639333871,2.72544854691611,1067.35336679896,44.4062034834064,116.600816677857,1050.54212054667,2.44045652463674,27.8229555970101,1065.54663994646,278.212293383092,-100.676367281797,16.1694149591417
0.255025925889901,2.72813441790695,1067.79974865012,44.3946302540603,116.663689222166,1051.02208485305,2.44247144068469,27.8456966908072,1065.98325693495,278.267926104999,-100.496047826072,16.5041807062324
0.255088326544607,2.73075655674472,1068.24679342277,44.3831274480514,116.725534612264,1051.50232370742,2.44448074490945,27.8685566114793,1066.41991284217,278.322624988894,-100.317155052545,16.839788776818
0.255140171284939,2.73330247852836,1068.69447207645,44.3717030212734,116.786348726041,1051.98282597074,2.44648435111843,27.8915345594836,1066.8566081917,278.376390204671,-100.139694418569,17.1762313646587
0.255181880556055,2.73576028968816,1069.14275037201,44.3603649128455,116.846127742499,1052.46358041642,2.44848217354179,27.9146297257671,1067.29334350454,278.429221943633,-99.9636713494188,17.5135006333023
0.255213962313053,2.73811879643654,1069.59158915156,44.3491210422739,116.904868143487,1052.94457573426,2.45047412683913,27.9378412918214,1067.73011929909,278.481120418537,-99.7890912380831,17.8515887162436
0.255237008209257,2.74036760820627,1070.04094465886,44.337979306618,116.962566715294,1053.4258005345,2.45246012610623,27.9611684297377,1068.16693609107,278.532085863631,-99.6159594450601,18.1904877170837
0.255251688940846,2.74249723484471,1070.49076889768,44.3269475776614,117.01922055011,1053.90724335188,2.45444008688173,27.9846103022639,1068.60379439354,278.582118534697,-99.4442812981518,18.5301897096919
0.255258748779693,2.74449917637277,1070.94101002509,44.3160336990904,117.074827047353,1054.38889264974,2.45641392515382,28.0081660628612,1069.0406947168,278.631218709088,-99.2740620922596,18.8706867383679
0.255258999338296,2.74636600418031,1071.39161277654,44.3052454836819,117.129383914862,1054.8707368242,2.45838155736685,28.031834855762,1069.47763756838,278.679386685771,-99.1053070891794,19.2119708180067
0.255253312622401,2.74809143261415,1071.84251891914,44.2945907105012,117.182889169949,1055.35276420835,2.46034290042799,28.0556158160285,1069.91462345301,278.726622785362,-98.9380215173981,19.5540339342632
0.255242613437996,2.74967038002138,1072.2936677295,44.2840771221121,117.235341140313,1055.83496307646,2.46229787171385,28.0795080696114,1070.35165287256,278.772927350167,-98.7722105718899,19.8968680437194
0.255227871229564,2.751099018435,1072.74499649218,44.2737124218018,117.286738464822,1056.31732164824,2.46424638907699,28.1035107334107,1070.78872632601,278.818300744218,-98.6078794139136,20.2404650740529
0.255210091435653,2.75237481123143,1073.19644101453,44.2635042708203,117.337080094145,1056.79982809314,2.46618837085257,28.1276229153354,1071.2258443094,278.86274335331,-98.4450331708097,20.5848169242055
0.255190306455538,2.75349653824518,1073.64793615378,44.2534602856376,117.386365291256,1057.28247053466,2.46812373586479,28.1518437143655,1071.66300731582,278.906255585038,-98.2836769357984,20.9299154645549
0.255169566327069,2.75446430799297,1074.09941635202,44.2435880352197,117.434593631788,1057.76523705467,2.47005240343346,28.1761722206139,1072.10021583533,278.948837868831,-98.1238157677784,21.2757525370867
0.255148929220364,2.75527955683446,1074.55081617449,44.2338950383253,117.481765004251,1058.24811569781,2.47197429338046,28.2006075153888,1072.53747035495,278.990490655991,-97.9654546911254,21.6223199555675
0.255129451854803,2.75594503507458,1075.00207084694,44.2243887608239,117.527879610108,1058.73109447582,2.47388932603619,28.2251486712579,1072.97477135861,279.031214419723,-97.8085986954919,21.9696095057204
0.255112179947776,2.7564647801913,1075.45311678746,44.2150766130385,117.572937963714,1059.21416137193,2.475797422246,28.2497947521117,1073.4121193271,279.071009655172,-97.6532527356067,22.3176129454009
0.255098138802676,2.75684407754684,1075.90389212842,44.2059659471128,117.616940892106,1059.69730434531,2.4776985033766,28.2745448132293,1073.84951473807,279.109876879458,-97.4994217310758,22.6663220047745
0.255088324140914,2.75708940910757,1076.35433722423,44.1970640544054,117.65988953466,1060.18051133543,2.47959249132243,28.2993979013433,1074.28695806593,279.147816631702,-97.3471105661834,23.015728386496
0.255083693278216,2.75720839085407,1076.80439514074,44.1883781629126,117.701785342605,1060.6637702665,2.481479308512,28.3243530547064,1074.72444978187,279.184829473067,-97.196324089693,23.3658237658891
0.255085156739288,2.7572096997044,1077.25401212212,44.179915434721,117.742630078396,1061.14706905187,2.48335887791421,28.3494093031584,1075.16199035377,279.220915986783,-97.0470671146501,23.7165997911284
0.255093570397303,2.7571029908992,1077.70313803162,44.1716829634906,117.782425814944,1061.63039559847,2.48523112304466,28.3745656681938,1075.59958024622,279.256076778183,-96.8993444181844,24.0680480834225
0.255109728215742,2.75689880690254,1078.15172676231,44.1636877719719,117.821174934716,1062.11373781121,2.48709596797189,28.3998211630302,1076.03721992041,279.290312474728,-96.7531607413134,24.4201602371981
0.255134355660108,2.75660847895781,1078.59973661462,44.1559368095564,117.858880128688,1062.5970835974,2.48895333732358,28.4251747926777,1076.47490983415,279.323623726042,-96.6085207887459,24.7729278202852
0.255168103836233,2.75624402250009,1079.04713063761,44.1484369498626,117.895544395166,1063.08042087115,2.49080315629283,28.4506255540081,1076.91265044179,279.356011203939,-96.4654292286867,25.1263423741048
0.255211544400527,2.75581802766667,1079.49387693097,44.1411949883595,117.931171038461,1063.56373755774,2.49264535064425,28.4761724358259,1077.35044219423,279.38747560245,-96.3238906926413,25.4803954138566
0.255265165275876,2.75534354616437,1079.93994890563,44.134217640028,117.965763667444,1064.04702159801,2.49447984672015,28.5018144189393,1077.78828553881,279.418017637854,-96.1839097752219,25.8350784287088
0.25532936719522,2.75483397574736,1080.38532550052,44.1275115370621,117.99932619395,1064.53026095272,2.49630657144659,28.5275504762319,1078.22618091936,279.447638048704,-96.0454910339531,26.1903828819889
0.255404461083448,2.75430294353302,1080.82999135405,44.1210832266106,118.031862831055,1065.01344360687,2.49812545233954,28.5533795727355,1078.66412877606,279.476337595854,-95.9086389890794,26.5463002113762
0.255490666277308,2.75376418933843,1081.27393692873,44.1149391685615,118.063378091227,1065.49655757402,2.49993641751082,28.5793006657031,1079.1021295455,279.504117062482,-95.7733581233723,26.9028218290949
0.255588109572825,2.75323145015754,1081.71715858806,44.1090857333691,118.093876784333,1065.97959090058,2.50173939567417,28.6053127046831,1079.54018366056,279.530977254121,-95.6396528819383,27.2599391221093
0.255696825080425,2.75271834682233,1082.15965862504,44.103529199926,118.123364015531,1066.46253167008,2.50353431615123,28.6314146315935,1079.97829155044,279.556918998681,-95.5075276720282,27.6176434523201
0.255816754859718,2.75223827380274,1082.60144524218,44.0982757534804,118.151845183019,1066.94536800734,2.50532110887744,28.6576053807974,1080.41645364057,279.581943146471,-95.3769868628459,27.9759261567613
0.25594775029886,2.75180429300271,1083.04253248312,44.0933314836004,118.179325975672,1067.42808808275,2.50709970440794,28.683883879179,1080.8546703526,279.606050570227,-95.2480347853592,28.3347785477997
0.2560895741976,2.75142903230728,1083.48294011652,44.0887023821857,118.205812370546,1067.91068011633,2.5088700339235,28.7102490462199,1081.29294210434,279.629242165132,-95.1206757321102,28.6941919133346
0.256241903508665,2.75112458953026,1083.92269347324,44.0843943415283,118.23131063026,1068.39313238193,2.51063202923628,28.7366997940767,1081.73126930974,279.651518848837,-94.9949139570269,29.0541575169993
0.25640433268892,2.75090244230742,1084.36182323803,44.0804131524226,118.255827300265,1068.87543321125,2.51238562279567,28.763235027659,1082.16965237886,279.672881561487,-94.8707536752353,29.4146665983638
0.256576377609839,2.7507733643794,1084.80036519766,44.0767645023266,118.279369205983,1069.35757099787,2.51413074769404,28.7898536447074,1082.6080917178,279.693331265737,-94.7481990628725,29.7757103731387
0.256757479975996,2.75074734861297,1085.23835994733,44.0734539735741,118.301943449838,1069.83953420128,2.51586733767243,28.8165545358737,1083.0465877287,279.712868946777,-94.6272542569004,30.1372800333809
0.256947012200625,2.75083353702271,1085.67585255805,44.0704870416395,118.323557408171,1070.32131135076,2.51759532712629,28.8433365847998,1083.48514080966,279.731495612346,-94.5079233549196,30.4993667476996
0.257144282688422,2.7510401579779,1086.11289220746,44.0678690734561,118.344218728042,1070.80289104929,2.51931465111109,28.8701986681992,1083.92375135476,279.749212292757,-94.3902104149852,30.8619616614646
0.257348541477699,2.75137447071369,1086.54953177725,44.0656053257872,118.363935323923,1071.28426197736,2.5210252453479,28.8971396559376,1084.36241975396,279.76602004091,-94.2741194554219,31.2250558970154
0.257558986196425,2.75184271721159,1086.98582742045,44.0637009436532,118.382715374283,1071.76541289677,2.52272704622902,28.924158411115,1084.8011463931,279.781919932313,-94.1596544546412,31.5886405538715
0.257774768289521,2.75245008147263,1087.42183810216,44.0621609588129,118.400567318071,1072.24633265433,2.52441999082345,28.9512537901484,1085.23993165385,279.796913065098,-94.0468193509585,31.9527067089442
0.25799499947767,2.75320065617679,1087.85762511725,44.0609902883011,118.417499851094,1072.72701018549,2.52610401688238,28.9784246428547,1085.6787759137,279.811000560037,-93.9356180424113,32.3172454167496
0.25821875841085,2.75409741670358,1088.29325158932,44.0601937330226,118.433521922298,1073.20743451799,2.52777906284469,29.0056698125345,1086.11767954587,279.824183560556,-93.8260543865781,32.682247709623
0.258445097482447,2.75514220247992,1088.72878195462,44.0597759764032,118.44864272995,1073.68759477533,2.52944506784226,29.0329881360567,1086.55664291933,279.836463232753,-93.7181322003983,33.0477045979341
0.258673049772094,2.75633570562118,1089.16428143537,44.0597415830979,118.462871717731,1074.16748018027,2.5311019717054,29.0603784439435,1086.99566639873,279.84784076541,-93.6118552599924,33.4136070703042
0.258901636087173,2.75767746683725,1089.59981550666,44.0600949977573,118.476218570728,1074.64708005821,2.53274971496814,29.0878395604561,1087.43475034435,279.858317370008,-93.5072273004838,33.7799460938238
0.259129872074022,2.7591658785856,1090.03544936132,44.0608405438517,118.488693211352,1075.12638384051,2.53438823887349,29.1153703036811,1087.87389511212,279.867894280737,-93.4042520158204,34.1467126142726
0.259356775370347,2.76079819546551,1090.47124737698,44.0619824225547,118.500305795156,1075.60538106777,2.53601748537871,29.1429694856172,1088.31310105353,279.87657275451,-93.3029330585981,34.5138975563391
0.259581372770038,2.7625705518589,1090.90727258985,44.0635247116847,118.511066706582,1076.08406139301,2.53763739716042,29.1706359122631,1088.75236851562,279.884354070978,-93.2032740398847,34.8814918238435
0.259802707370535,2.76447798683166,1091.34358617931,44.0654713647059,118.520986554622,1076.56241458476,2.53924791761984,29.1983683837054,1089.19169784094,279.891239532532,-93.105278529044,35.2494862999599
0.260019845671158,2.7665144763127,1091.78024696761,44.0678262097888,118.530076168408,1077.04043053009,2.54084899088777,29.2261656942075,1089.6310893675,279.89723046432,-93.0089500535618,35.6178718474411
0.260231884588464,2.76867297256342,1092.2173109387,44.0705929489298,118.538346592721,1077.51809923762,2.54244056182973,29.2540266322989,1090.07054342876,279.902328214257,-92.9142920988726,35.9866393088437
0.260437958351817,2.77094545093714,1092.65483078017,44.0737751571306,118.545809083439,1077.99541084033,2.54402257605091,29.2819499808654,1090.51006035357,279.906534153026,-92.8213081081861,36.3557795067554
0.260637245239099,2.77332296390416,1093.09285545194,44.0773762816369,118.552475102912,1078.47235559843,2.54559497990112,29.3099345172394,1090.94964046617,279.909849674093,-92.7300014823162,36.7252832440228
0.260828974109047,2.77579570228258,1093.53142978531,44.0813996412374,118.558356315276,1078.94892390204,2.54715772047973,29.3379790132914,1091.38928408611,279.912276193714,-92.6403755795096,37.0951413039802
0.261012430683233,2.77835306356761,1093.97059411563,44.0858484256212,118.563464581706,1079.42510627384,2.54871074564048,29.3660822355213,1091.82899152824,279.913815150936,-92.552433715276,37.4653444506809
0.261186963527362,2.78098372719287,1094.41038395154,44.090725694796,118.56781195561,1079.90089337167,2.55025400399634,29.3942429451513,1092.2687631027,279.914468007607,-92.4661791622192,37.8358834291279
0.261351989678661,2.78367573648597,1094.85082968357,44.096034378565,118.571410677771,1080.37627599093,2.55178744492421,29.4224598982183,1092.70859911483,279.914236248381,-92.3816151498684,38.2067489655075
0.261506999863754,2.78641658699946,1095.29195633447,44.1017772760628,118.574273171439,1080.85124506707,2.55331101856966,29.4507318456678,1093.14849986518,279.913121380719,-92.2987448645116,38.5779317674231
0.261651563249827,2.78919332080811,1095.73378335337,44.107957055351,118.576412037372,1081.32579167783,2.55482467585157,29.4790575334477,1093.58846564946,279.911124934898,-92.2175714490289,38.9494225241305
0.261785331671229,2.79199262626601,1096.17632445538,44.1145762530721,118.577840048835,1081.79990704552,2.55632836846678,29.5074357026031,1094.02849675851,279.908248464007,-92.1380980027274,39.3212119067742
0.261908043274103,2.79480094261547,1096.61958750812,44.1216372741618,118.578570146559,1082.27358253911,2.55782204889457,29.5358650893714,1094.46859347827,279.904493543955,-92.0603275811769,39.6932905686253
0.262019525523277,2.79760456873594,1097.06357446605,44.1291423916196,118.578615433661,1082.74680967637,2.55930567040122,29.5643444252781,1094.90875608974,279.899861773469,-91.9842631960463,40.0656491453204
0.2621196975186,2.80038977521878,1097.50828135321,44.1370937463376,118.577989170528,1083.21958012576,2.56077918704441,29.592872437233,1095.34898486895,279.894354774096,-91.9099078149414,40.4382782551013
0.262208571572245,2.80314291885509,1097.9536982945,44.1454933469856,118.576704769675,1083.69188570839,2.56224255367768,29.621447847627,1095.78928008694,279.887974190202,-91.8372643612434,40.8111684990566
0.262286254004123,2.80585055853304,1098.3998095954,44.154343069954,118.574775790568,1084.16371839976,2.56369572595469,29.6500693744298,1096.22964200969,279.88072168897,-91.7663357139486,41.1843104613638
0.262352945119603,2.80849957146002,1098.8465938694,44.1636446593527,118.572215934427,1084.63507033156,2.56513866033359,29.6787357312873,1096.67007089816,279.872598960403,-91.6971247075088,41.5576947095329
0.262408938341937,2.81107726855782,1099.2940242122,44.1733997270661,118.569039039008,1085.10593379322,2.56657131408116,29.7074456276205,1097.11056700816,279.863607717315,-91.6296341316732,41.9313117946512
0.262454618481222,2.81357150782732,1099.74206842126,44.1836097528634,118.565259073366,1085.57630123353,2.56799364527706,29.736197768724,1097.55113059042,279.853749695335,-91.5638667313311,42.3051522516292
0.262490459132054,2.81597080444617,1100.19068925895,44.1942760845631,118.5608901326,1086.04616526204,2.56940561281793,29.7649908558659,1097.99176189048,279.843026652895,-91.4998252063551,42.6792065994473
0.262517019203203,2.81826443634965,1100.63984475718,44.2053999382522,118.555946432591,1086.51551865052,2.57080717642141,29.7938235863876,1098.4324611487,279.831440371232,-91.4375122114466,43.0534653414045
0.262534938594332,2.82044254405393,1101.08948856095,44.216982398559,118.550442304728,1086.98435433416,2.57219829663021,29.8226946538041,1098.87322860023,279.818992654382,-91.3769303559809,43.427918965367
0.262544933046834,2.82249622351158,1101.53957030815,44.2290244189776,118.544392190631,1087.45266541288,2.573578934816,29.8516027479052,1099.31406447496,279.805685329168,-91.3180822038545,43.8025579440193
0.262547788207902,2.82441761084329,1101.99003604239,44.2415268222456,118.537810636868,1087.92044515237,2.57494905318334,29.880546554857,1099.75496899751,279.7915202452,-91.2609702733331,44.1773727351154
0.262544352958841,2.82619995786592,1102.4408286555,44.2544903007721,118.53071228968,1088.3876869852,2.57630861477348,29.9095247573036,1100.19594238718,279.776499274865,-91.2055970369004,44.5523537817315
0.262535532069987,2.82783769743466,1102.89188835604,44.2679154171166,118.523111889697,1088.85438451175,2.57765758346815,29.9385360344699,1100.63698485793,279.760624313314,-91.1519649211082,44.92749151252
0.262522278255176,2.82932649773478,1103.34315316007,44.2818026045178,118.515024266677,1089.32053150111,2.57899592399325,29.9675790622642,1101.07809661838,279.743897278462,-91.1000763064279,45.3027763419639
0.262505583708332,2.83066330479395,1103.79455939997,44.2961521674704,118.506464334239,1089.78612189186,2.58032360192252,29.9966525133816,1101.51927787173,279.726320110969,-91.0499335271027,45.6781986706337
0.262486471213049,2.83184637263699,1104.24604224715,44.3109642823504,118.49744708462,1090.25114979283,2.58164058368111,30.0257550574079,1101.96052881576,279.707894774233,-91.0015388710011,46.0537488854435
0.262465984922943,2.83287528066779,1104.69753624442,44.3262389980875,118.487987583442,1090.71560948368,2.58294683654914,30.054885360924,1102.40184964281,279.688623254382,-90.9548945794716,46.42941735991
0.262445180915827,2.83375093803537,1105.14897584353,44.3419762368831,118.478100964499,1091.17949541554,2.5842423286651,30.0840420876105,1102.84324053974,279.668507560252,-90.9100028471981,46.8051944544113
0.262425117628274,2.83447557491808,1105.60029594341,44.3581757949742,118.467802424561,1091.64280221143,2.58552702902932,30.1132238983528,1103.28470168789,279.647549723386,-90.8668658220574,47.1810705164476
0.262406846278836,2.83505272083895,1106.05143242472,44.3748373434405,118.457107218211,1092.10552466673,2.58680090750726,30.1424294513469,1103.72623326309,279.62575179801,-90.8254856049765,47.5570358809024
0.262391401388034,2.83548717030158,1106.50232267628,44.391960429056,118.446030652698,1092.56765774944,2.58806393483284,30.1716574022051,1104.16783543559,279.603115861023,-90.7858642497927,47.9330808703051
0.262379791501172,2.83578493620635,1106.95290610895,44.4095444751815,118.434588082826,1093.02919660054,2.58931608261156,30.2009064040628,1104.60950837009,279.579644011983,-90.7480037631132,48.3091957950945
0.262372990216251,2.83595319166799,1107.40312465282,44.4275887826995,118.422794905869,1093.4901365341,2.59055732332374,30.2301751076853,1105.05125222565,279.555338373084,-90.7119061041771,48.6853709538836
0.262371927613686,2.83600020100288,1107.85292323356,44.4460925309883,118.41066655653,1093.95047303743,2.59178763032754,30.2594621615747,1105.4930671557,279.530201089149,-90.6775731847184,49.0615966337253
0.262377482177508,2.8359352407872,1108.30225022396,44.4650547789361,118.398218501922,1094.41020177113,2.59300697786201,30.2887662120779,1105.93495330802,279.504234327603,-90.6450068688292,49.4378631103787
0.262390473289249,2.83576851200017,1108.75105786708,44.4844744659921,118.385466236601,1094.86931856907,2.59421534105,30.3180859034948,1106.37691082471,279.477440278458,-90.614208972826,49.8141606485773
0.262411654366121,2.83551104436046,1109.19930266735,44.5043504132558,118.372425277632,1095.32781943829,2.59541269590107,30.3474198781859,1106.81893984216,279.449821154296,-90.5851812651152,50.1904795022976
0.262441706704588,2.83517459403517,1109.64694574664,44.5246813246014,118.359111159706,1095.78570055885,2.59659901931431,30.3767667766822,1107.26104049101,279.421379190244,-90.5579254660611,50.5668099150288
0.262481234079251,2.83477153594969,1110.09395316216,44.5454657878369,118.345539430292,1096.24295828362,2.59777428908104,30.4061252377936,1107.70321289617,279.392116643955,-90.5324432478551,50.9431421200439
0.262530758135383,2.83431475195328,1110.54029618383,44.5667022758975,118.331725644849,1096.69958913799,2.59893848388756,30.4354938987184,1108.14545717676,279.36203579559,-90.5087362343852,51.3194663406712
0.26259071460178,2.83381751609824,1110.98595152871,44.5883891480708,118.317685362076,1097.15558981953,2.60009158331767,30.4648713951537,1108.58777344612,279.331138947787,-90.4868060011081,51.6957727905671
0.262661450339046,2.83329337827347,1111.43090155066,44.6105246512541,118.303434139226,1097.61095719757,2.6012335678553,30.494256361405,1109.03016181175,279.299428425645,-90.4666540749215,52.0720516739904
0.262743221227277,2.83275604739472,1111.87513438376,44.6331069212419,118.288987527464,1098.06568831278,2.6023644188869,30.5236474304972,1109.47262237531,279.266906576698,-90.4482819340379,52.4482931860763
0.262836190886603,2.83221927529849,1112.31864403824,44.6561339840415,118.274361067284,1098.5197803766,2.6034841187039,30.5530432342852,1109.91515523261,279.233575770888,-90.4316910078603,52.8244875131131
0.262940430214349,2.83169674241505,1112.76143044834,44.6796037572184,118.259570283985,1098.97323077068,2.60459265050498,30.5824424035649,1110.35776047356,279.199438400538,-90.4168826768585,53.2006248328179
0.263055917713924,2.83120194621154,1113.20349947152,44.7035140512669,118.244630683205,1099.42603704628,2.6056899983984,30.6118435681852,1110.80043818218,279.164496880332,-90.4038582724467,53.5766953146152
0.26318254058298,2.83074809330239,1113.64486283938,44.7278625710074,118.229557746515,1099.87819692354,2.6067761474041,30.6412453571592,1111.24318843656,279.128753647278,-90.3926190768631,53.9526891199152
0.263320096522128,2.83034799602299,1114.08553806036,44.7526469170075,118.214366927076,1100.32970829078,2.6078510834559,30.6706463987767,1111.68601130885,279.09221116069,-90.3831663230502,54.3285964023931
0.26346829622046,2.83001397415819,1114.52554827539,44.7778645870274,118.199073645361,1100.78056920372,2.60891479340345,30.7000453207163,1112.12890686524,279.054871902149,-90.3755011945362,54.7044073082703
0.263626766470443,2.82975776241198,1114.96492206747,44.8035129774866,118.183693284941,1101.23077788461,2.60996726501427,30.7294407501579,1112.57187516593,279.01673837548,-90.369624825319,55.0801119765952
0.263795053862332,2.82959042410191,1115.40369322692,44.829589384952,118.168241188338,1101.6803327214,2.61100848697561,30.7588313138959,1113.01491626516,278.977813106719,-90.3655382997498,55.4557005395262
0.263972629007001,2.82952227146421,1115.8419004741,44.8560910076462,118.152732652945,1102.12923226681,2.61203844889628,30.7882156384521,1113.45803021111,278.93809864408,-90.3632426524194,55.8311631226144
0.264158891235994,2.8295627928648,1116.27958714201,44.8830149469743,118.137182927017,1102.57747523733,2.61305714130837,30.8175923501893,1113.90121704595,278.897597557925,-90.3627388680455,56.2064898450884
0.264353173728419,2.82972058713066,1116.71680082127,44.9103582090682,118.121607205734,1103.02506051226,2.61406455566897,30.8469600754244,1114.34447680582,278.85631244073,-90.3640278813609,56.581670820139
0.264554749015953,2.83000330514511,1117.15359297051,44.9381177063476,118.106020627327,1103.47198713264,2.61506068436171,30.8763174405427,1114.78780952077,278.814245907049,-90.3671105770037,56.9566961552056
0.264762834819469,2.83041759879237,1117.59001849519,44.9662902590961,118.090438269291,1103.9182543002,2.6160455206983,30.9056630721118,1115.23121521479,278.771400593482,-90.3719877894087,57.3315559522626
0.264976600173506,2.83096907728964,1118.02613529846,44.9948725970521,118.074875144654,1104.36386137618,2.61701905891999,30.9349955969958,1115.67469390578,278.727779158639,-90.3786603027001,57.7062403081076
0.265195171797676,2.83166227091084,1118.46200380759,45.0238613610118,118.059346198336,1104.80880788024,2.61798129419891,30.9643136424699,1116.11824560551,278.6833842831,-90.3871288505853,58.08073931465
0.265417640677071,2.83250060208309,1118.89768647985,45.0532531044454,118.04386630357,1105.25309348923,2.61893222263937,30.9936158363346,1116.56187031967,278.638218669383,-90.3973941162512,58.4550430592
0.265643068816502,2.83348636382438,1119.33324729197,45.0830442951229,118.028450258412,1105.69671803599,2.61987184127907,31.022900807031,1117.00556804778,278.592285041901,-90.4094567322604,58.8291416247598
0.26587049613587,2.83462070548758,1119.76875121713,45.1132313167508,118.013112782313,1106.13968150812,2.62080014809022,31.0521671837556,1117.44933878325,278.545586146925,-90.4233172804503,59.2030250903141
0.266098947475959,2.8359036257797,1120.20426369393,45.1438104706166,117.997868512778,1106.58198404665,2.62171714198065,31.0814135965754,1117.89318251329,278.498124752547,-90.4389762918325,59.5766835311224
0.266327439685331,2.83733397303379,1120.63985009152,45.1747779772417,117.982732002101,1107.02362594479,2.62262282279469,31.1106386765428,1118.33709921899,278.449903648633,-90.4564342464943,59.9501070190118
0.266554988759742,2.83890945272299,1121.07557517527,45.2061299780405,117.967717714174,1107.46460764656,2.62351719131416,31.1398410558119,1118.78108887523,278.400925646786,-90.4756915735013,60.3232856226706
0.266780617005465,2.84062664221771,1121.51150257738,45.2378625369846,117.952840021378,1107.90492974546,2.62440024925915,31.1690193677531,1119.22515145071,278.351193580304,-90.496748650802,60.6962094079429
0.26700336019719,2.84248101279713,1121.94769427664,45.2699716422727,117.938113201548,1108.3445929831,2.62527199928873,31.1981722470692,1119.66928690793,278.300710304134,-90.5196058051332,61.068868438124
0.267222274699682,2.84446695893153,1122.38421009164,45.3024532080023,117.923551435026,1108.78359824776,2.62613244500167,31.2272983299112,1120.11349520319,278.24947869483,-90.5442633119272,61.441252774256
0.267436444520251,2.84657783485115,1122.82110719151,45.3353030758453,117.909168801779,1109.22194657302,2.62698159093697,31.256396253994,1120.55777628655,278.197501650507,-90.5707213952206,61.813352475425
0.267644988256424,2.84880599840734,1123.25843962821,45.3685170167247,117.894979278612,1109.65963913629,2.62781944257439,31.2854646587122,1121.00213010187,278.144782090797,-90.5989802275645,62.1851575990588
0.267847065900086,2.85114286221271,1123.69625789413,45.4020907324909,117.880996736444,1110.09667725737,2.62864600633482,31.3145021852564,1121.44655658677,278.0913229568,-90.6290399299358,62.5566582012248
0.268041885455946,2.85357895201571,1124.1346085087,45.436019857599,117.867234937677,1110.53306239699,2.62946128958068,31.343507476729,1121.89105567264,278.03712721104,-90.6609005716511,62.9278443369298
0.268228709328724,2.85610397222297,1124.57353363725,45.4702999607835,117.853707533635,1110.9687961553,2.63026530061611,31.3724791782604,1122.3356272846,277.982197837411,-90.6945621702807,63.2987060604192
0.268406860430019,2.85870687842762,1125.01307074541,45.5049265467315,117.840428062084,1111.40388027039,2.63105804868718,31.4014159371254,1122.78027134155,277.926537841136,-90.7300246915653,63.669233425478
0.268575727952743,2.86137595673567,1125.45325229173,45.5398950577518,117.827409944832,1111.83831661679,2.63183954398197,31.4303164028588,1123.22498775611,277.87015024871,-90.7672880493336,64.0394164857322
0.268734772758376,2.86409890960498,1125.89410546116,45.575200875441,117.81466648541,1112.27210720392,2.63260979763059,31.4591792273721,1123.66977643466,277.813038107853,-90.8063521054217,64.4092452949506
0.268883532320366,2.86686294782449,1126.33565194151,45.6108393223433,117.802210866818,1112.70525417459,2.63336882170504,31.4880030650696,1124.11463727731,277.755204487457,-90.8472166695937,64.7787099073474
0.269021625165978,2.86965488816681,1126.77790774486,45.646805663606,117.79005614937,1113.13775980342,2.63411662921916,31.5167865729643,1124.55957017789,277.696652477534,-90.8898814994647,65.1478003778863
0.269148754758861,2.87246125614674,1127.22088307523,45.6830951086267,117.778215268595,1113.56962649537,2.63485323412827,31.5455284107945,1125.00457502398,277.637385189164,-90.9343463004244,65.516506762584
0.26926471276576,2.87526839321537,1127.66458224382,45.7197028126941,117.766701033226,1114.00085678408,2.63557865132893,31.5742272411396,1125.44965169688,277.577405754437,-90.9806107255626,65.8848191188152
0.269369381653229,2.87806256761597,1128.10900363247,45.7566238786207,117.755526123265,1114.43145333042,2.6362928966585,31.6028817295367,1125.89480007162,277.516717326404,-91.0286743755967,66.2527275056184
0.269462736563987,2.88083008802732,1128.55413970563,45.7938533583652,117.744703088119,1114.86141892085,2.63699598689461,31.631490544596,1126.34002001696,277.455323079014,-91.0785367988002,66.6202219840014
0.269544846427651,2.8835574190261,1128.99997707084,45.8313862546467,117.734244344813,1115.29075646589,2.63768793975463,31.6600523581171,1126.78531139537,277.393226207065,-91.1301974909333,66.9872926172487
0.2696158742671,2.88623129731435,1129.44649658731,45.8692175225471,117.724162176278,1115.71946899853,2.63836877389501,31.6885658452053,1127.23067406308,277.330429926141,-91.1836558951745,67.3539294712285
0.26967607666946,2.88883884758527,1129.89367352165,45.9073420711033,117.714468729711,1116.14755967268,2.63903850891046,31.7170296843868,1127.67610787001,277.266937472554,-91.2389114020545,67.7201226147012
0.269725802399659,2.89136769684219,1130.34147774958,45.9457547648866,117.705176015005,1116.5750317616,2.63969716533321,31.7454425577249,1128.12161265985,277.202752103288,-91.2959633493913,68.0858621196275
0.269765490144521,2.89380608594514,1130.78987400197,45.9844504255704,117.696295903257,1117.0018886563,2.64034476463201,31.7738031509353,1128.56718826999,277.137877095936,-91.3548110222269,68.4511380614781
0.269795665386184,2.89614297713787,1131.23882215323,46.0234238334841,117.68784012534,1117.428133864,2.64098132921119,31.802110153502,1129.01283453158,277.072315748641,-91.4154536527661,68.8159405195434
0.269816936415178,2.89836815630839,1131.68827754974,46.0626697291537,117.679820270552,1117.85377100656,2.64160688240951,31.8303622587924,1129.4585512695,277.006071380033,-91.4778904203161,69.1802595772442
0.269829989505431,2.90047232875784,1132.13819137555,46.1021828148273,117.672247785323,1118.27880381889,2.64222144849902,31.8585581641726,1129.90433830238,276.939147329166,-91.5421204512286,69.5440853224421
0.269835583285524,2.90244720729756,1132.58851105249,46.1419577559868,117.665133972002,1118.70323614739,2.64282505268381,31.8866965711224,1130.3501954426,276.871546955458,-91.6081428188433,69.9074078477521
0.269834542352549,2.90428559156147,1133.03918067124,46.1819891828427,117.658489987701,1119.12707194842,2.64341772109861,31.9147761853505,1130.79612249629,276.803273638622,-91.6759565434326,70.2702172508537
0.269827750186471,2.90598143751015,1133.49014145003,46.2222716918143,117.652326843209,1119.55031528671,2.6439994808074,31.9427957169088,1131.24211926335,276.734330778602,-91.7455605921486,70.6325036348045
0.269816141433859,2.90752991621319,1133.94133221697,46.2627998469924,117.646655401974,1119.97297033384,2.64457035980189,31.9707538803073,1131.68818553745,276.664721795511,-91.8169538789716,70.9942571083527
0.269800693639857,2.90892746112473,1134.39268991218,46.3035681815855,117.641486379135,1120.39504136665,2.64513038699987,31.9986493946284,1132.13432110604,276.594450129559,-91.8901352646598,71.3554677862515
0.269782418516135,2.91017180321247,1134.84415010554,46.3445711993484,117.636830340634,1120.81653276575,2.64567959224356,32.0264809836406,1132.58052575034,276.523519240989,-91.9651035567017,71.716125789573
0.269762352840037,2.91126199345888,1135.29564752569,46.3858033759931,117.632697702373,1121.23744901396,2.6462180062978,32.054247375913,1133.0267992454,276.451932610005,-92.0418575092691,72.0762212460229
0.269741549086082,2.91219841242219,1135.74711659608,46.4272591605815,117.629098729443,1121.65779469477,2.64674566084821,32.0819473049284,1133.47314136004,276.379693736706,-92.1203958231725,72.435744290256
0.269721065895203,2.91298276672028,1136.19849197343,46.4689329768995,117.626043535397,1122.07757449086,2.64726258849919,32.1095795091972,1133.91955185693,276.306806141016,-92.2007171458179,72.7946850641921
0.269701958489543,2.91361807247955,1136.64970908432,46.5108192248119,117.623542081595,1122.49679318254,2.64776882277195,32.1371427323699,1134.36603049253,276.233273362608,-92.2828200711658,73.1530337173317
0.269685269141196,2.91410862596823,1137.10070465535,46.5529122815983,117.621604176595,1122.91545564629,2.64826439810229,32.1646357233505,1134.81257701718,276.159098960837,-92.366703139691,73.5107804070732
0.269672017801994,2.9144599618074,1137.55141723253,46.5952065032697,117.620239475599,1123.33356685323,2.64874934983846,32.1920572364088,1135.25919117504,276.084286514667,-92.4523648383451,73.8679152990296
0.269663192998315,2.91467879931776,1138.00178768562,46.6376962258646,117.619457479953,1123.75113186765,2.64922371423883,32.2194060312926,1135.70587270416,276.008839622595,-92.5398036005202,74.2244285673465
0.269659743090044,2.91477297771371,1138.45175969324,46.6803757667255,117.619267536699,1124.16815584554,2.6496875284695,32.2466808733399,1136.15262133645,275.932761902577,-92.6290178060145,74.5803103950197
0.26966256798631,2.91475138099527,1138.90128020473,46.7232394257553,117.619678838177,1124.58464403309,2.65014083060179,32.27388053359,1136.59943679774,275.856056991955,-92.7200057809997,74.9355509742137
0.269672511402736,2.91462385350922,1139.35029987503,46.7662814866526,117.620700421671,1125.00060176526,2.65058365960976,32.3010037888953,1137.04631880775,275.778728547377,-92.8127657979897,75.2901405065807
0.26969035373574,2.91440110725293,1139.79877346895,46.8094962181267,117.622341169105,1125.41603446431,2.65101605536746,32.3280494220319,1137.49326708014,275.700780244725,-92.907296075812,75.6440692035796
0.269716805619261,2.91409462207444,1140.24666023149,46.8528778750919,117.624609806786,1125.83094763837,2.65143805864627,32.3550162218102,1137.9402813225,275.622215779032,-93.00359477958,75.9973272867957
0.269752502218327,2.91371653998054,1140.69392422127,46.8964206998409,117.627514905186,1126.24534688,2.65184971111203,32.381902983185,1138.38736123639,275.543038864408,-93.1016600206674,76.3499049882606
0.269797998302438,2.91327955479969,1141.14053460433,46.9401189231965,117.631064878772,1126.65923786477,2.65225105532213,32.4087085073654,1138.83450651735,275.463253233957,-93.2014898566845,76.7017925507723
0.269853764130073,2.91279679845931,1141.58646590587,46.9839667656433,117.635267985867,1127.07262634987,2.65264213472254,32.4354316019239,1139.28171685492,275.382862639698,-93.3030822914559,77.0529802282162
0.269920182163981,2.91228172512718,1142.03169821791,47.0279584384371,117.640132328565,1127.48551817267,2.65302299364469,32.4620710809058,1139.72899193266,275.301870852485,-93.4064352750006,77.4034582858859
0.269997544625598,2.91174799443726,1142.47621736127,47.0720881446944,117.645665852668,1127.89791924936,2.65339367730233,32.4886257649373,1140.17633142817,275.220281661922,-93.5115467035135,77.7532170008046
0.270086051886134,2.91120935497057,1142.92001500051,47.1163500804594,117.651876347666,1128.30983557354,2.65375423178822,32.5150944813336,1140.62373501309,275.138098876284,-93.6184144193484,78.1022466620465
0.27018581168183,2.91067952909685,1143.36308871095,47.1607384357507,117.658771446756,1128.7212732149,2.65410470407085,32.5414760642067,1141.07120235317,275.055326322429,-93.7270362110036,78.4505375710589
0.270296839131802,2.91017210020302,1143.80544199728,47.2052473955869,117.666358626883,1129.1322383178,2.65444514199095,32.5677693545726,1141.51873310825,274.971967845718,-93.8374098131087,78.7980800419844
0.270419057528887,2.90970040324384,1144.24708426362,47.2498711409906,117.674645208822,1129.54273709996,2.65477559425801,32.5939732004577,1141.9663269323,274.888027309927,-93.9495329064134,79.1448644019833
0.27055229986709,2.90927741945156,1144.68803073534,47.2946038499721,117.683638357283,1129.95277585111,2.65509611044663,32.620086457005,1142.41398347344,274.803508597158,-94.0634031177783,79.4908809915564
0.270696311063749,2.90891567593803,1145.1283023333,47.3394396984918,117.693345081049,1130.36236093164,2.65540674099288,32.6461079865801,1142.86170237397,274.71841560776,-94.1790180201671,79.836120164868
0.270850750830271,2.90862715081727,1145.56792550161,47.3843728614024,117.703772233136,1130.77149877131,2.65570753719051,32.6720366588759,1143.3094832704,274.632752260234,-94.2963751326413,80.180572290069
0.271015197142414,2.90842318437245,1146.00693199024,47.4293975133698,117.714926510978,1131.18019586794,2.65599855118704,32.6978713510176,1143.75732579344,274.546522491145,-94.4154719203559,80.5242277496206
0.271189150259359,2.90831439669137,1146.44535859444,47.4745078297748,117.726814456643,1131.58845878609,2.65627983597987,32.7236109476666,1144.20522956809,274.459730255037,-94.5363057945577,80.8670769406179
0.271372037240301,2.90831061210071,1146.88324685302,47.5196979875934,117.73944245706,1131.99629415576,2.65655144541223,32.7492543411239,1144.65319421361,274.372379524337,-94.6588741125853,81.2091102751133
0.271563216907729,2.90842079064432,1147.32064270791,47.5649621662583,117.752816744274,1132.40370867118,2.65681343416905,32.7748004314334,1145.10121934357,274.28447428927,-94.7831741778705,81.5503181804415
0.271761985207949,2.90865296677616,1147.75759612801,47.6102945484999,117.766943395713,1132.81070908944,2.65706585777274,32.8002481264839,1145.54930456589,274.19601855776,-94.909203239942,81.8906910995429
0.271967580921382,2.90901419537472,1148.19416070009,47.6556893211687,117.781828334481,1133.2173022293,2.65730877257894,32.8255963421111,1145.99744948285,274.107016355344,-95.036958494431,82.2302194912885
0.272179191677763,2.90951050513455,1148.63039319042,47.7011406760377,117.797477329658,1133.62349496994,2.65754223577214,32.8508440021985,1146.44565369114,274.017471725071,-95.1664370830784,82.5688938308042
0.27239596023416,2.91014685935126,1149.0663530804,47.7466428105867,117.813895996621,1134.02929424967,2.65776630536119,32.8759900387786,1146.89391678186,273.927388727416,-95.297636093744,82.9067046097956
0.272616990976714,2.91092712408875,1149.50210208021,47.792189928768,117.831089797372,1134.43470706473,2.65798104017479,32.9010333921319,1147.3422383406,273.836771440178,-95.4305525604179,83.2436423368729
0.272841356609863,2.9118540437011,1149.93770362424,47.8377762417536,117.849064040879,1134.83974046808,2.65818649985686,32.9259730108868,1147.79061794742,273.745623958386,-95.5651834632329,83.5796975378759
0.273068104999401,2.91292922367461,1150.37322235259,47.8833959686652,117.867823883431,1135.24440156817,2.65838274486182,32.9508078521183,1148.23905517691,273.653950394204,-95.70152572848,83.9148607561989
0.273296266137963,2.91415312075656,1150.80872358268,47.9290433372863,117.887374328996,1135.64869752771,2.65856983644981,32.9755368814455,1148.68754959823,273.561754876829,-95.8395762286248,84.2491225531157
0.273524859203104,2.91552504034435,1151.2442727754,47.9747125847578,117.907720229588,1136.05263556251,2.65874783668183,33.0001590731291,1149.13610077514,273.469041552397,-95.9793317823266,84.5824735081053
0.27375289967922,2.91704314111952,1151.67993500006,48.0203979582565,117.92886628564,1136.45622294028,2.65891680841475,33.024673410168,1149.58470826602,273.375814583881,-96.1207891544583,84.9149042191768
0.273979406514771,2.91870444692314,1152.11577440249,48.0660937156581,117.950817046382,1136.85946697946,2.65907681529629,33.0490788843953,1150.03337162391,273.282078150992,-96.2639450561297,85.2464053031949
0.274203409285866,2.92050486588008,1152.55185368069,48.1117941261838,117.973576910219,1137.26237504802,2.65922792175991,33.0733744965732,1150.48209039657,273.187836450077,-96.4087961447115,85.5769673962053
0.274423955336054,2.9224392167873,1152.98823357213,48.1574934710323,117.997150125112,1137.66495456232,2.6593701930196,33.0975592564876,1150.93086412649,273.093093694018,-96.5553390238616,85.90658115376
0.2746401168603,2.92450126278305,1153.42497235707,48.2031860439969,118.021540788966,1138.06721298593,2.6595036950646,33.1216321830417,1151.37969235094,272.997854112128,-96.7035702435536,86.2352372512428
0.274850997898663,2.92668375230783,1153.86212538183,48.2488661520678,118.046752850002,1138.46915782853,2.65962849465403,33.1455923043489,1151.828574602,272.902121950049,-96.8534863001069,86.5629263841947
0.275055741202209,2.92897846735258,1154.29974460583,48.2945281160219,118.072790107146,1138.87079664471,2.65974465931146,33.1694386578254,1152.27751040661,272.80590146965,-97.0050836362189,86.8896392686395
0.275253534930413,2.93137627896363,1154.73787817627,48.3401662709977,118.099656210398,1139.27213703286,2.6598522573194,33.193170290281,1152.72649928662,272.709196948916,-97.1583586409989,87.2153666414089
0.275443619135808,2.93386720993562,1155.17657003377,48.3857749670588,118.127354661207,1139.67318663407,2.65995135771365,33.2167862580099,1153.17554075878,272.612012681847,-97.3133076500044,87.5400992604681
0.275625291988193,2.93644050457413,1155.61585955231,48.4313485697451,118.155888812838,1140.07395313095,2.66004203027768,33.2402856268809,1153.62463433486,272.514352978351,-97.4699269452789,87.8638279052409
0.275797915687465,2.93908470534783,1156.05578121625,48.4768814606114,118.185261870731,1140.47444424658,2.66012434553684,33.2636674724257,1154.07377952161,272.416222164136,-97.6282127553916,88.1865433769351
0.27596092201128,2.94178773617657,1156.49636433734,48.5223680377564,118.215476892854,1140.87466774335,2.66019837475253,33.2869308799279,1154.52297582088,272.317624580599,-97.7881612554799,88.5082364988677
0.276113817441581,2.94453699201885,1156.93763281384,48.5678027163399,118.246536790049,1141.27463142189,2.6602641899163,33.3100749445095,1154.97222272958,272.218564584721,-97.9497685672925,88.8288981167898
0.276256187812553,2.94731943433009,1157.37960493381,48.613179929091,118.278444326365,1141.67434311997,2.66032186374383,33.3330987712181,1155.42151973981,272.119046548958,-98.1130307592355,89.1485190992118
0.276387702422175,2.95012169186477,1157.82229322427,48.6584941268066,118.311202119382,1142.07381071139,2.66037146966889,33.3560014751122,1155.87086633883,272.019074861124,-98.2779438464204,89.4670903377281
0.276508117550185,2.95293016619325,1158.26570434739,48.7037397788413,118.344812640528,1142.47304210494,2.66041308183719,33.3787821813458,1156.32026200916,271.918653924288,-98.4445037907132,89.7846027473418
0.276617279327193,2.95573114120033,1158.70983904469,48.7489113735887,118.379278215377,1142.87204524327,2.66044677510018,33.4014400252528,1156.76970622859,271.817788156656,-98.6127065007869,90.1010472667894
0.276715125902924,2.95851089573088,1159.15469212973,48.7940034189565,118.414601023943,1143.27082810184,2.66047262500872,33.4239741524296,1157.21919847025,271.71648199146,-98.7825478321741,90.4164148588653
0.276801688866122,2.96125581845032,1159.60025252931,48.8390104428329,118.450783100948,1143.66939868788,2.66049070780675,33.4463837188174,1157.66873820263,271.614739876845,-98.9540235873238,90.7306965107459
0.276877093874649,2.96395252389902,1160.04650337303,48.8839269935482,118.487826336091,1144.06776503927,2.66050110042484,33.4686678907831,1158.11832488967,271.512566275753,-99.1271295156579,91.0438832343137
0.276941560461513,2.96658796864099,1160.49342213031,48.9287476403299,118.52573247429,1144.46593522352,2.66050388047368,33.4908258452,1158.56795799075,271.409965665811,-99.3018613136318,91.3559660664813
0.276995400991113,2.96914956634305,1160.9409807941,48.9734669737534,118.564503115916,1144.86391733672,2.66049912623746,33.5128567695269,1159.01763696079,271.306942539211,-99.4782146247951,91.666936069515
0.277039018749553,2.97162530057273,1161.38914610939,49.0180796061872,118.604139717004,1145.26171950246,2.6604869166673,33.5347598618864,1159.46736125029,271.203501402594,-99.6561850398558,91.9767843313583
0.277072905163421,2.97400383407397,1161.83787984513,49.0625801722358,118.644643589459,1145.65934987081,2.66046733137441,33.5565343311425,1159.91713030534,271.099646776937,-99.8357680967454,92.2855019659551
0.27709763615274,2.97627461327079,1162.28713910692,49.106963329178,118.68601590123,1146.05681661727,2.66044045062339,33.578179396977,1160.36694356773,270.99538319743,-100.016959280687,92.5930801135726
0.277113867635544,2.97842796676264,1162.73687668833,49.1512237574036,118.728257676481,1146.45412794173,2.6604063553253,33.5996942899649,1160.81680047495,270.890715213356,-100.199754024263,92.899509941124
0.277122330213644,2.98045519661048,1163.18704145763,49.1953561608479,118.771369795733,1146.85129206743,2.66036512703075,33.6210782516493,1161.26670046027,270.785647387979,-100.384147707491,93.2047826424912
0.277123823081164,2.98234866127127,1163.637578777,49.2393552674245,118.815352995997,1147.24831723995,2.6603168479229,33.6423305346143,1161.7166429528,270.680184298412,-100.570135657892,93.5088894388466
0.277119207209234,2.98410184911935,1164.08843095066,49.2832158294581,118.860207870883,1147.64521172614,2.66026160081034,33.6634504025579,1162.16662737751,270.574330535507,-100.75771315057,93.8118215789749
0.277109397871436,2.98570944159492,1164.53953769826,49.3269326241167,118.90593487069,1148.04198381316,2.66019946912002,33.6844371303636,1162.61665315531,270.468090703726,-100.946875408285,94.1135703395951
0.277095356585029,2.98716736514148,1164.99083664963,49.3705004538444,118.952534302484,1148.43864180737,2.66013053688998,33.7052900041704,1163.06671970308,270.36146942102,-101.137617601539,94.4141270256811
0.277078082552311,2.98847283123286,1165.44226385685,49.4139141467958,119.000006330147,1148.8351940334,2.66005488876213,33.7260083214429,1163.51682643377,270.254471318707,-101.329934848653,94.7134829707829
0.277058603694555,2.98962436394421,1165.89375431925,49.4571685572714,119.048350974419,1149.23164883305,2.65997260997484,33.7465913910388,1163.96697275639,270.147101041345,-101.52382221585,95.011629537347
0.277037967377493,2.99062181468617,1166.34524251721,49.5002585661557,119.097568112907,1149.62801456433,2.65988378635562,33.7670385332773,1164.41715807613,270.039363246611,-101.719274717344,95.3085581170364
0.27701723093228,2.99146636389522,1166.79666295019,49.5431790813587,119.147657480092,1150.02429960042,2.65978850431361,33.7873490800043,1164.86738179438,269.93126260517,-101.916287315425,95.6042601310505
0.276997452078989,2.99216050965075,1167.24795067461,49.5859250382597,119.1986186673,1150.42051232867,2.65968685083202,33.8075223746584,1165.31764330877,269.822803800555,-102.114854920549,95.8987270304441
0.276979679361047,2.99270804336819,1167.69904183707,49.6284914001564,119.250451122665,1150.81666114956,2.65957891346062,33.8275577723346,1165.76794201329,269.713991529035,-102.314972391431,96.1919502964468
0.276964942698417,2.99311401289317,1168.14987419858,49.6708731587178,119.303154151075,1151.21275447571,2.659464780308,33.8474546398476,1166.21827729826,269.604830499488,-102.516634535136,96.4839214407809
0.276954244164991,2.99338467349023,1168.60038764533,49.7130653344424,119.356726914086,1151.60880073089,2.65934454003392,33.8672123557934,1166.66864855048,269.495325433274,-102.719836107179,96.77463200598
0.276948549091414,2.99352742737853,1169.05052468203,49.7550629771225,119.411168429837,1152.00480834895,2.6592182818415,33.8868303106105,1167.11905515322,269.385481064106,-102.924571811616,97.064073565706
0.276948777588766,2.99355075261133,1169.5002309034,49.7968611663143,119.466477572929,1152.40078577286,2.65908609546943,33.9063079066391,1167.56949648631,269.275302137918,-103.130836301152,97.3522377250668
0.27695579658111,2.99346412222513,1169.94945544027,49.8384550118148,119.522653074302,1152.79674145369,2.658948071184,33.9256445581803,1168.01997192619,269.164793412735,-103.338624177236,97.6391161209322
0.276970412426244,2.99327791469368,1170.39815137641,49.8798396541458,119.579693521083,1153.19268384957,2.65880429977125,33.9448396915532,1168.47048084597,269.053959658542,-103.547929990166,97.924700422251
0.276993364194182,2.99300331681113,1170.84627613276,49.9210102650462,119.637597356424,1153.58862142472,2.65865487252888,33.9638927451511,1168.92102261551,268.942805657154,-103.758748239199,98.2089823303654
0.277025317662187,2.99265222019578,1171.29379181587,49.9619620479717,119.69636287932,1153.98456264841,2.65849988125827,33.9828031694969,1169.37159660144,268.831336202078,-103.971073372653,98.4919535793273
0.277066860073957,2.99223711264997,1171.74066552773,50.0026902386036,119.755988244418,1154.38051599395,2.65833941825629,34.0015704272971,1169.82220216726,268.719556098385,-104.18489978802,98.7736059362119
0.27711849569887,2.99177096563322,1172.18686963455,50.0431901053665,119.816471461801,1154.77648993769,2.65817357630717,34.0201939934944,1170.27283867338,268.607470162573,-104.40022183208,99.0539312014323
0.277180642215607,2.99126711910502,1172.63238199216,50.0834569499559,119.877810396767,1155.17249295797,2.65800244867429,34.0386733553198,1170.72350547721,268.495083222432,-104.617033801009,99.3329212090524
0.277253627932893,2.99073916497137,1173.07718612631,50.1234861078746,119.940002769587,1155.56853353414,2.65782612909187,34.0570080123425,1171.17420193317,268.382400116912,-104.8353299405,99.6105678271002
0.277337689849151,2.9902008303278,1173.5212713665,50.1632729489809,120.003046155256,1155.96462014551,2.65764471175668,34.07519747652,1171.62492739281,268.269425695981,-105.055104445878,99.8868629578799
0.277432972542427,2.9896658616322,1173.96463293209,50.2028128780464,120.066937983226,1156.36076127032,2.65745829131963,34.0932412722454,1172.07568120483,268.156164820492,-105.276351462222,100.161798538283
0.277539527872515,2.98914791086661,1174.40727197023,50.2421013353248,120.131675537133,1156.75696538474,2.65726696287738,34.1111389363948,1172.52646271518,268.042622362046,-105.499065084485,100.435366540101
0.27765731546871,2.98866042466056,1174.8491955452,50.2811337971329,120.197255954508,1157.15324096182,2.65707082196383,34.128890018373,1172.97727126709,267.928803202852,-105.723239357621,100.707558970334
0.277786203969372,2.98821653725282,1175.2904165794,50.3199057764423,120.263676226483,1157.54959647045,2.65686996454163,34.1464940801579,1173.42810620117,267.814712235588,-105.948868276707,100.978367871499
0.277925972973426,2.98782896806643,1175.73095374635,50.3584128234836,120.330933197484,1157.94604037434,2.65666448699361,34.1639506963438,1173.87896685543,267.700354363263,-106.175945787075,101.247785321944
0.278076315659185,2.98750992456699,1176.17083131684,50.3966505263628,120.399023564918,1158.34258113094,2.65645448611412,34.1812594541833,1174.32985256539,267.585734499076,-106.404465784439,101.515803436151
0.278236842022483,2.98727101096921,1176.61007895925,50.4346145116894,120.467943878854,1158.73922719044,2.65624005910044,34.1984199536286,1174.78076266412,267.470857566275,-106.63442211503,101.782414365047
0.278407082683877,2.98712314325497,1177.04873149597,50.4723004452189,120.537690541693,1159.13598699466,2.65602130354402,34.2154318073706,1175.23169648232,267.355728498017,-106.865808575726,102.047610296311
0.278586493213741,2.98707647086939,1177.48682861772,50.5097040325061,120.608259807842,1159.53286897603,2.65579831742177,34.2322946408774,1175.68265334837,267.240352237223,-107.098618914194,102.311383454676
0.278774458924135,2.98714030537308,1177.9244145582,50.5468210195731,120.679647783375,1159.92988155651,2.65557119908724,34.2490080924318,1176.1336325884,267.124733736439,-107.332846829024,102.573726102241
0.278970300077334,2.98732305624927,1178.36153773182,50.5836471935901,120.751850425696,1160.3270331465,2.65534004726183,34.2655718131665,1176.58463352639,267.008877957688,-107.568485969869,102.83463053877
0.279173277462726,2.98763217399693,1178.79825033726,50.6201783835692,120.824863543198,1160.72433214381,2.6551049610259,34.281985467099,1177.03565548417,266.892789872333,-107.80552993759,103.094089101999
0.279382598296096,2.98807410058418,1179.23460793041,50.6564104610721,120.898682794923,1161.1217869325,2.65486603980983,34.2982487311653,1177.48669778156,266.776474460924,-108.043972284399,103.352094167939
0.27959742239809,2.98865422729256,1179.67066896983,50.6923393409315,120.973303690226,1161.51940588184,2.65462338338516,34.3143612952512,1177.93775973639,266.659936713059,-108.283806514004,103.608638151178
0.279816868611587,2.98937685995066,1180.10649433869,50.727960981986,121.048721588432,1161.91719734518,2.6543770918555,34.3303228622239,1178.38884066458,266.543181627236,-108.52502608176,103.863713505181
0.280040021420594,2.99024519153462,1180.542146847,50.7632713878288,121.124931698503,1162.31516965885,2.65412726564759,34.346133147961,1178.83993988021,266.426214210707,-108.767624394818,104.117312722596
0.280265937736067,2.99126128210279,1180.97769071812,50.7982666075701,121.201929078709,1162.71333114104,2.65387400550223,34.3617918813787,1179.29105669561,266.309039479329,-109.011594812275,104.369428335545
0.280493653816376,2.99242604602989,1181.41319106378,50.8329427366135,121.279708636302,1163.11169009065,2.65361741246515,34.3772988044593,1179.74219042138,266.19166245742,-109.256930645333,104.620052915932
0.280722192292063,2.99373924651087,1181.84871335195,50.8672959174456,121.358265127202,1163.51025478618,2.65335758787796,34.3926536722763,1180.1933403665,266.074088177607,-109.503625157453,104.869179075737
0.280950569265773,2.99519949731434,1182.28432287164,50.9013223404402,121.437593155681,1163.90903348453,2.65309463336891,34.4078562530191,1180.6445058384,265.956321680681,-109.751671564513,105.116799467313
0.281177801458826,2.99680427177743,1182.72008419934,50.9350182446753,121.517687174069,1164.3080344199,2.65282865084379,34.4229063280158,1181.09568614299,265.838368015444,-110.00106303497,105.362906783684
0.281402913375741,2.99854991904525,1183.15606067107,50.9683799187641,121.598541482465,1164.70726580257,2.65255974247668,34.4378036917554,1181.54688058477,265.720232238561,-110.251792690019,105.607493758839
0.281624944457124,3.00043168756795,1183.59231386457,51.001403701699,121.680150228458,1165.10673581774,2.65228801070067,34.4525481519079,1181.99808846689,265.601919414408,-110.503853603763,105.850553168028
0.281842956189722,3.00244375587207,1184.02890309578,51.0340859837095,121.762507406868,1165.50645262432,2.65201355819866,34.4671395293437,1182.44930909121,265.483434614924,-110.757238803376,106.092077828056
0.282056039140192,3.00457927062061,1184.46588493365,51.0664232071325,121.845606859498,1165.90642435373,2.65173648789402,34.4815776581513,1182.90054175837,265.364782919455,-111.011941269269,106.332060597573
0.282263319876374,3.00683039196481,1184.90331273732,51.0984118672962,121.929442274902,1166.30665910866,2.65145690294128,34.495862385654,1183.35178576787,265.245969414604,-111.267953935268,106.570494377368
0.282463967736634,3.00918834616843,1185.34123621933,51.1300485134159,122.014007188175,1166.70716496188,2.65117490671676,34.5099935724251,1183.80304041813,265.12699919408,-111.525269688779,106.807372110661
0.282657201404461,3.01164348545287,1185.77970103861,51.1613297495031,122.099294980763,1167.10794995491,2.65089060280923,34.5239710923018,1184.25430500659,265.007877358541,-111.783881370967,107.042686783388
0.282842295241964,3.0141853549657,1186.21874842632,51.1922522352862,122.185298880285,1167.50902209687,2.65060409501051,34.537794832398,1184.70557882974,264.888609015441,-112.043781776929,107.276431424497
0.283018585332595,3.01680276671852,1186.65841484787,51.222812687143,122.27201196039,1167.91038936308,2.65031548730604,34.5514646931151,1185.1568611832,264.769199278878,-112.304963655876,107.508599106228
0.283185475180388,3.01948388027107,1187.09873170367,51.2530078790455,122.35942714063,1168.31205969386,2.65002488386546,34.5649805881526,1185.60815136181,264.649653269436,-112.567419711312,107.739182944405
0.283342441010516,3.02221628985916,1187.53972507129,51.2828346435154,122.447537186359,1168.71404099319,2.64973238903314,34.5783424445164,1186.05944865969,264.52997611403,-112.831142601217,107.96817609872
0.283489036614212,3.02498711757538,1187.9814154909,51.31228987259,122.536334708664,1169.11634112738,2.64943810731874,34.5915502025261,1186.51075237033,264.410172945753,-113.096124938229,108.195571773017
0.28362489768026,3.02778311211526,1188.42381779607,51.3413705188,122.625812164319,1169.51896792373,2.64914214338768,34.6046038158213,1186.9620617866,264.290248903714,-113.362359289835,108.421363215577
0.283749745555464,3.03059075250084,1188.8669409911,51.3700735961558,122.715961855769,1169.92192916918,2.64884460205165,34.6175032513659,1187.41337620091,264.170209132886,-113.629838178553,108.645543719398
0.283863390377924,3.03339635608989,1189.31078817607,51.3983961811449,122.806775931151,1170.32523260897,2.6485455882591,34.6302484894517,1187.8646949052,264.050058783945,-113.89855408213,108.86810662248
0.283965733529651,3.03618619007614,1189.75535652014,51.4263354137369,122.898246384344,1170.72888594518,2.64824520708571,34.6428395237004,1188.31601719107,263.929803013115,-114.168499433729,109.089045308102
0.284056769359071,3.03894658558633,1190.20063728357,51.4538884983989,122.990365055048,1171.13289683538,2.64794356372481,34.6552763610643,1188.76734234981,263.809446982004,-114.439666622125,109.308353205101
0.284136586129422,3.04166405338733,1190.646615888,51.481052705118,123.083123628912,1171.53727289122,2.64764076347787,34.6675590218255,1189.21866967252,263.688995857452,-114.712047991901,109.526023788153
0.284205366155748,3.04432540013348,1191.09327203478,51.5078253704319,123.176513637686,1171.9420216769,2.64733691174489,34.6796875395944,1189.66999845011,263.568454811365,-114.985635843646,109.742050578047
0.28426338510126,3.04691784401403,1191.54057987024,51.5342038984664,123.27052645942,1172.34715070782,2.64703211401484,34.6916619613058,1190.12132797345,263.44782902056,-115.260422434158,109.95642714196
0.284311010412968,3.04942912860583,1191.98850819656,51.5601857619801,123.3651533187,1172.75266744903,2.64672647585609,34.7034823472148,1190.57265753338,263.3271236666,-115.536399976642,110.169147093736
0.284348698886714,3.0518476336997,1192.43702072668,51.5857685034141,123.460385286925,1173.15857931374,2.64642010290677,34.7151487708907,1191.02398642082,263.206343935635,-115.813560640917,110.380204094153
0.284376993362725,3.05416248185144,1192.88607638108,51.6109497359484,123.55621328263,1173.56489366185,2.64611310086522,34.7266613192097,1191.47531392682,263.085495018244,-116.09189655362,110.589591851199
0.284396518564433,3.05636363941339,1193.33562962405,51.6357271445616,123.652628071851,1173.97161779836,2.64580557548036,34.7380200923464,1191.92663934263,262.964582109264,-116.371399798417,110.797304120342
0.284407976105303,3.05844201082851,1193.78563083667,51.6600984870964,123.749620268536,1174.37875897185,2.64549763254211,34.7492252037638,1192.3779619598,262.843610407637,-116.65206241621,111.003334704797
0.28441213870048,3.06038952501891,1194.23602672354,51.6840615953269,123.847180335004,1174.78632437289,2.64518937787173,34.7602767802024,1192.82928107022,262.722585116241,-116.933876405352,111.2076774558
0.284409843632014,3.06219921277236,1194.68676074981,51.7076143760297,123.945298582452,1175.19432113248,2.64488091731224,34.771174961667,1193.2805959662,262.601511441732,-117.216833721856,111.410326272867
0.284401985527874,3.06386527412417,1195.137773605,51.730754812057,124.043965171513,1175.60275632039,2.64457235671882,34.7819199014137,1193.73190594054,262.480394594372,-117.500926279617,111.611275104068
0.284389508525752,3.06538313484571,1195.58900368971,51.7534809634108,124.143170112863,1176.01163694357,2.64426380194917,34.792511765934,1194.18321028662,262.359239787875,-117.786145950624,111.810517946284
0.284373397902452,3.06674949128301,1196.04038762132,51.7757909683178,124.242903267884,1176.42096994449,2.64395535885392,34.8029507349388,1194.63450829844,262.238052239234,-118.072484565184,112.008048845475
0.284354671258252,3.06796234293715,1196.49186075435,51.7976830443043,124.343154349377,1176.83076219947,2.64364713326701,34.8132370013403,1195.0857992707,262.116837168559,-118.359933912141,112.203861896939
0.284334369352799,3.06902101233893,1196.94335771127,51.8191554892697,124.443912922333,1177.24102051698,2.64333923099609,34.8233707712332,1195.53708249891,261.995599798913,-118.648485739101,112.397951245575
0.284313546694719,3.06992615194088,1197.39481291945,51.8402066825593,124.54516840476,1177.65175163595,2.64303175781292,34.8333522638738,1195.9883572794,261.874345356146,-118.938131752654,112.59031108614
0.284293261990953,3.07067973792628,1197.84616114955,51.8608350860337,124.646910068562,1178.06296222404,2.6427248194438,34.843181711659,1196.4396229094,261.753079068723,-119.228863618608,112.780935663504
0.284274568563924,3.07128505101355,1198.29733805114,51.8810392451352,124.749127040487,1178.47465887591,2.64241852155993,34.8528593601026,1196.89087868718,261.631806167567,-119.52067296221,112.969819272913
0.284258504844794,3.07174664451173,1198.74828068108,51.90081778995,124.851808303129,1178.88684811141,2.64211296976791,34.8623854678114,1197.34212391202,261.510531885883,-119.813551368382,113.156956260239
0.284246085049431,3.07207030005462,1199.19892802012,51.9201694362658,124.954942695986,1179.29953637386,2.64180826960011,34.8717603064595,1197.79335788434,261.389261458995,-120.107490381955,113.342341022233
0.284238290140194,3.07226297160416,1199.64922147366,51.9390929866228,125.058518916589,1179.71273002822,2.64150452650514,34.8809841607613,1198.24457990578,261.268000124179,-120.4024815079,113.525968006781
0.284236059171462,3.07233271846432,1200.09910535243,51.9575873313589,125.162525521692,1180.12643535926,2.6412018458383,34.8900573284437,1198.69578927923,261.146753120491,-120.698516211565,113.707831713151
0.284240281110025,3.07228862818221,1200.54852732914,51.9756514496466,125.266950928517,1180.54065856974,2.64090033285206,34.8989801202161,1199.1469853089,261.025525688602,-120.995585918917,113.887926692242
0.284251787213271,3.07214073033032,1200.99743886734,51.9932844105216,125.371783416082,1180.95540577859,2.6406000926865,34.9077528597401,1199.59816730043,260.904323070626,-121.293682016781,114.066247546835
0.284271344038718,3.07189990226157,1201.44579561907,52.0104853739024,125.477011126574,1181.37068301898,2.64030123035989,34.9163758835973,1200.04933456093,260.783150509955,-121.592795853078,114.242788931837
0.284299647148036,3.0715777680044,1201.89355778783,52.0272535915988,125.582622066805,1181.78649623648,2.6400038507591,34.9248495412561,1200.50048639905,260.662013251084,-121.892918737076,114.417545554523
0.284337315557691,3.07118659151873,1202.34069045413,52.0435884083102,125.68860410973,1182.20285128717,2.6397080586302,34.9331741950371,1200.95162212504,260.540916539444,-122.194041939632,114.590512174786
0.284384886976787,3.07073916556411,1202.78716386088,52.0594892626106,125.794944996032,1182.61975393567,2.63941395856899,34.9413502200774,1201.40274105084,260.419865621232,-122.496156693439,114.761683605371
0.284442813861005,3.07024869743911,1203.23295365623,52.0749556879217,125.901632335778,1183.03720985329,2.63912165501157,34.9493780042935,1201.85384249015,260.29886574324,-122.799254193278,114.931054712122
0.284511460299958,3.0697286928377,1203.67804109208,52.089987313471,126.008653610146,1183.45522461602,2.6388312522249,34.957257948343,1202.30492575846,260.177922152683,-123.103325596268,115.098620414214
0.284591099744026,3.06919283903378,1204.12241317647,52.1045838652354,126.115996173221,1183.87380370261,2.63854285429745,34.9649904655849,1202.75599017316,260.057040097027,-123.40836202212,115.264375684396
0.284681913566092,3.06865488855285,1204.56606277881,52.1187451668689,126.223647253866,1184.29295249261,2.6382565651298,34.9725759820393,1203.20703505358,259.93622482382,-123.714354553391,115.428315549223
0.284783990443728,3.06812854442114,1205.00898868702,52.1324711406129,126.331593957658,1184.71267626435,2.63797248842531,34.9800149363449,1203.65805972107,259.81548158052,-124.021294235744,115.59043508929
0.28489732653851,3.06762734800044,1205.45119561623,52.1457618081892,126.439823268905,1185.13298019301,2.6376907276808,34.987307779716,1204.10906349906,259.694815614318,-124.3291720782,115.750729439465
0.285021826441381,3.06716457032452,1205.89269416889,52.1586172916738,126.548322052733,1185.55386934858,2.63741138617723,34.9944549758979,1204.56004571314,259.574232171973,-124.637979053407,115.909193789121
0.285157304846429,3.06675310775311,1206.33350074685,52.1710378143513,126.657077057241,1185.97534869386,2.63713456697047,35.0014570011215,1205.01100569109,259.453736499631,-124.947706097895,116.065823382362
0.285303488910204,3.06640538265525,1206.77363741596,52.1830237015478,126.766074915741,1186.39742308246,2.63686037288202,35.0083143440561,1205.46194276299,259.33333384266,-125.258344112345,116.220613518254
0.285460021249754,3.06613324972864,1207.21313172446,52.1945753814427,126.87530214906,1186.82009725677,2.63658890648982,35.0150275057617,1205.91285626126,259.21302944547,-125.569883961851,116.373559551046
0.285626463529866,3.06594790845817,1207.65201647666,52.2056933858575,126.984745167931,1187.24337584591,2.63632027011907,35.0215969996394,1206.36374552074,259.092828551344,-125.88231647619,116.524656890398
0.285802300588592,3.06585982211774,1208.09032946367,52.216378351021,127.094390275442,1187.66726336376,2.63605456583305,35.028023351381,1206.81460987871,258.972736402259,-126.19563245009,116.673901001604
0.28598694504977,3.06587864362766,1208.52811315363,52.2266310183096,127.204223669579,1188.09176420685,2.63579189542404,35.0343070989177,1207.26544867503,258.85275823872,-126.509822643504,116.821287405808
0.286179742371958,3.06601314849679,1208.96541434369,52.2364522349621,127.314231445825,1188.51688265238,2.63553236040419,35.0404487923667,1207.71626125214,258.732899299576,-126.824877781878,116.966811680228
0.286379976284651,3.06627117500581,1209.40228377686,52.245842954768,127.424399599849,1188.94262285614,2.63527606199649,35.0464489939779,1208.16704695514,258.613164821853,-127.140788556427,117.110469458372
0.28658687456484,3.06665957172722,1209.83877572668,52.2548042387279,127.534714030268,1189.36898885052,2.63502310112574,35.0523082780783,1208.61780513187,258.493560040576,-127.457545624416,117.25225643025
0.286799615109576,3.06718415242865,1210.27494755318,52.2633372556857,127.645160541474,1189.79598454242,2.63477357840957,35.058027231016,1209.06853513296,258.374090188591,-127.77513960943,117.392168342592
0.287017332263067,3.06784965836903,1210.71085923377,52.2714432829314,127.755724846551,1190.22361371126,2.63452759414949,35.0636064511024,1209.51923631188,258.254760496398,-128.093561101661,117.530200999061
0.287239123359814,3.06865972797258,1211.14657287276,52.2791237067726,127.866392570257,1190.65188000691,2.63428524832199,35.0690465485541,1209.96990802502,258.135576191966,-128.412800658184,117.666350260457
0.287464055448086,3.06961687385047,1211.58215219367,52.286380023076,127.977149252085,1191.08078694771,2.63404664056963,35.0743481454331,1210.42054963175,258.016542500563,-128.732848803243,117.800612044933
0.287691172160617,3.07072246713561,1212.01766201833,52.2932138377755,128.087980349397,1191.51033791843,2.63381187019227,35.0795118755859,1210.87116049448,257.897664644581,-129.053696028536,117.932982328196
0.287919500701443,3.071976729098,1212.45316773703,52.2996268673475,128.198871240635,1191.94053616826,2.63358103613822,35.0845383845814,1211.3217399787,257.778947843354,-129.375332793498,118.063457143717
0.288148058919366,3.07337873001636,1212.88873477406,52.305620939252,128.309807228603,1192.37138480881,2.63335423699552,35.0894283296486,1211.77228745306,257.660397312988,-129.697749525592,118.192032582929
0.288375862439358,3.07492639529287,1213.32442805296,52.3111979923392,128.420773543825,1192.80288681215,2.63313157098321,35.0941823796116,1212.22280228943,257.54201826618,-130.020936620601,118.318704795432
0.288601931823379,3.0766165188101,1213.76031146582,52.3163600772188,128.531755347972,1193.23504500881,2.6329131359427,35.0988012148252,1212.67328386296,257.423815912045,-130.344884442913,118.443469989191
0.288825299731445,3.07844478353937,1214.19644735096,52.3211093565945,128.642737737367,1193.66786208582,2.63269902932911,35.1032855271081,1213.12373155212,257.305795455936,-130.66958332582,118.566324430733
0.289045018052492,3.08040578941674,1214.63289598316,52.3254481055591,128.753705746559,1194.10134058482,2.63248934820271,35.1076360196759,1213.57414473878,257.18796209927,-130.995023571808,118.687264445346
0.28926016497254,3.08249308850281,1215.06971508077,52.3293787118521,128.864644351968,1194.53548290007,2.63228418922039,35.1118534070725,1214.02452280825,257.070321039349,-131.321195452858,118.806286417268
0.289469851945094,3.08469922743503,1215.50695933348,52.3329036760778,128.975538475599,1194.97029127659,2.63208364862719,35.1159384151011,1214.47486514936,256.952877469183,-131.648089210739,118.923386789882
0.289673230525696,3.08701579716348,1215.94467995477,52.3360256118829,129.086372988826,1195.40576780827,2.63188782224783,35.1198917807531,1214.92517115447,256.835636577312,-131.975695057311,119.038562065908
0.289869499029132,3.08943348993274,1216.38292426262,52.3387472460941,129.19713271625,1195.84191443601,2.63169680547835,35.1237142521373,1215.37544021959,256.71860354763,-132.304003174826,119.151808807587
0.290057908964384,3.09194216343211,1216.82173529191,52.3410714188128,129.307802439616,1196.27873294592,2.63151069327776,35.1274065884068,1215.8256717444,256.601783559209,-132.633003716229,119.263123636867
0.290237771198922,3.09453091198406,1217.26115144169,52.3430010834685,129.418366901802,1196.71622496747,2.63132958015977,35.130969559686,1216.27586513228,256.485181786115,-132.962686805462,119.372503235594
0.290408461800786,3.09718814457659,1217.70120616023,52.3445393068282,129.528810810872,1197.15439197174,2.63115356018451,35.1344039469955,1216.72601979042,256.368803397236,-133.293042537771,119.479944345687
0.290569427504177,3.09990166946983,1218.14192767044,52.3456892689626,129.639118844192,1197.59323526967,2.6309827269504,35.1377105421774,1217.17613512983,256.252653556104,-133.624060980014,119.585443769322
0.290720190742199,3.10265878502215,1218.58333873782,52.3464542631669,129.749275652611,1198.03275601039,2.63081717358597,35.1408901478182,1217.62621056542,256.136737420713,-133.955732170969,119.688998369109
0.29086035418918,3.10544637628734,1219.02545648308,52.3468376958374,129.859265864705,1198.47295517947,2.63065699274183,35.1439435771714,1218.07624551603,256.021060143344,-134.288046121643,119.790605068271
0.290989604754754,3.10825101683551,1219.46829224078,52.3468430863014,129.969074091074,1198.91383359736,2.6305022765826,35.1468716540794,1218.52623940451,255.905626870386,-134.620992815588,119.890260850816
0.291107716972842,3.11105907514717,1219.9118514653,52.3464740666006,130.078684928708,1199.35539191774,2.63035311677895,35.1496752128941,1218.97619165775,255.790442742157,-134.95456220921,119.987962761709
0.291214555730799,3.11385682482655,1220.35613368494,52.3457343812285,130.188082965403,1199.79763062596,2.63020960449971,35.1523550983964,1219.42610170672,255.675512892726,-135.288744232086,120.083707907047
0.291310078287555,3.11663055777895,1220.8011325045,52.3446278868182,130.297252784234,1200.24055003758,2.63007183040401,35.154912165715,1219.87596898656,255.560842449738,-135.623528787283,120.17749345422
0.291394335534396,3.11936669940132,1221.24683565643,52.3431585517843,130.406178968086,1200.68415029683,2.62993988463344,35.1573472802448,1220.3257929366,255.44643653423,-135.958905751669,120.269316632086
0.291467472458286,3.12205192474755,1221.69322510014,52.3413304559142,130.514846104232,1201.12843137522,2.62981385680437,35.159661317563,1220.77557300041,255.332300260455,-136.294864976242,120.359174731129
0.291529727775149,3.12467327455501,1222.14027716874,52.3391477899111,130.623238788966,1201.57339307015,2.62969383600021,35.1618551633461,1221.22530862586,255.218438735704,-136.631396286442,120.447065103623
0.291581432709245,3.12721826995702,1222.58796276192,52.3366148548875,130.731341632279,1202.0190350036,2.62957991076383,35.1639297132843,1221.67499926517,255.10485706013,-136.968489482479,120.532985163794
0.291623008904612,3.12967502466194,1223.03624758364,52.3337360618082,130.839139262592,1202.46535662084,2.62947216908998,35.1658858729965,1222.12464437494,254.991560326562,-137.306134339657,120.616932387977
0.291654965465224,3.13203235335457,1223.48509242246,52.3305159308831,130.946616331522,1202.9123571892,2.6293706984178,35.1677245579433,1222.57424341622,254.878553620334,-137.644320608693,120.69890431477
0.291677895131951,3.13427987507085,1223.93445347242,52.3269590909092,131.053757518697,1203.36003579694,2.62927558562336,35.1694466933398,1223.02379585453,254.765842019104,-137.983038016052,120.778898545194
0.291692469616254,3.13640811031501,1224.38428269182,52.3230702785616,131.160547536614,1203.8083913521,2.62918691701231,35.1710532140675,1223.47330115994,254.653430592673,-138.322276264269,120.856912742837
0.291699434122642,3.13840857072834,1224.83452819684,52.3188543376329,131.26697113553,1204.25742258146,2.62910477831254,35.172545064585,1223.92275880707,254.54132440281,-138.662025032282,120.93294463401
0.291699601103931,3.14027384018202,1225.28513468701,52.3143162182211,131.373013108393,1204.70712802959,2.62902925466695,35.1739231988384,1224.37216827518,254.429528503073,-139.002273975761,121.006992007892
0.291693843305047,3.14199764625164,1225.73604389873,52.3094609758656,131.478658295804,1205.15750605788,2.62896043062627,35.1751885801704,1224.82152904819,254.318047938626,-139.343012727441,121.079052716675
0.291683086162173,3.14357492113682,1226.18719508344,52.3042937706312,131.583891591015,1205.6085548437,2.62889839014192,35.1763421812293,1225.27084061472,254.206887746068,-139.684230897455,121.149124675711
0.291668299634292,3.1450018512151,1226.63852550619,52.29881986614,131.688697944953,1206.06027237961,2.62884321655897,35.1773849838761,1225.72010246816,254.096052953249,-140.025918073671,121.217205863646
0.291650489553231,3.14627591456085,1227.08997096071,52.2930446285509,131.793062371272,1206.51265647261,2.62879499260914,35.178317979092,1226.16931410665,253.985548579094,-140.368063822024,121.283294322569
0.291630688586124,3.14739590591643,1227.5414662966,52.2869735254867,131.896969951426,1206.96570474354,2.6287538004039,35.1791421668847,1226.61847503322,253.875379633424,-140.71065768686,121.347388158139
0.291609946910421,3.14836194877007,1227.9929459543,52.280612124909,132.000405839772,1207.41941462644,2.62871972142761,35.1798585561937,1227.06758475572,253.765551116776,-141.05368919127,121.409485539726
0.291589322706155,3.14917549436923,1228.44434450353,52.2739660939409,132.103355268684,1207.87378336805,2.62869283653072,35.1804681647949,1227.51664278695,253.656068020231,-141.39714783743,121.469584700541
0.291569872572952,3.14983930767673,1228.89559718049,52.2670411976368,132.205803553686,1208.32880802742,2.62867322592307,35.1809720192051,1227.96564864466,253.546935325228,-141.741023106946,121.527683937767
0.291552641980222,3.15035744045539,1229.34664041965,52.2598432977003,132.307736098601,1208.78448547547,2.62866096916724,35.1813711545851,1228.41460185157,253.438158003392,-142.085304461197,121.583781612687
0.291538655857998,3.150735191841,1229.79741237557,52.2523783511508,132.409138400706,1209.2408123948,2.62865614517198,35.1816666146426,1228.86350193544,253.329741016352,-142.429981341674,121.637876150809
0.291528909433159,3.15097905693101,1230.24785343047,52.2446524089364,132.509996055903,1209.69778527942,2.62865883218568,35.1818594515335,1229.31234842913,253.221689315567,-142.775043170331,121.689966041992
0.291524359411212,3.15109666407162,1230.69790668335,52.2366716144971,132.610294763888,1210.15540043464,2.62866910778997,35.1819507257643,1229.76114087055,253.114007842145,-143.120479349928,121.740049840562
0.291525915597633,3.15109670166828,1231.14751841668,52.228442202275,132.710020333325,1210.61365397704,2.62868704889334,35.1819415060916,1230.2098788028,253.006701526669,-143.466279264383,121.788126165438
0.291534433045118,3.15098883546925,1231.59663853676,52.2199704961743,132.809158687021,1211.07254183454,2.62871273172484,35.1818328694231,1230.65856177413,252.899775289015,-143.812432279115,121.834193700243
0.291550704804136,3.15078361737733,1232.04522098418,52.2112629079701,132.907695867097,1211.53205974645,2.62874623182786,35.1816259007162,1231.10718933801,252.793234038179,-144.1589277414,121.878251193424
0.29157545534418,3.15049238692974,1232.49322411092,52.2023259356667,133.005618040151,1211.99220326375,2.62878762405402,35.1813216928771,1231.55576105314,252.687082672099,-144.505754980719,121.920297458356
0.291609334702286,3.15012716664843,1232.94061102119,52.1931661618066,133.102911502411,1212.45296774937,2.62883698255706,35.1809213466592,1232.00427648353,252.581326077473,-144.852903309115,121.960331373463
0.291652913404012,3.1497005525025,1233.38734987304,52.1837902517287,133.199562684883,1212.91434837855,2.62889438078684,35.18042597056,1232.45273519848,252.475969129592,-145.20036202154,121.998351882315
0.291706678190446,3.14922560074172,1233.83341413837,52.1742049517789,133.29555815847,1213.37634013935,2.62895989148344,35.1798366807187,1232.90113677264,252.371016692154,-145.548120396216,122.034357993741
0.291771028573109,3.14871571235436,1234.27878281932,52.164417087471,133.390884639088,1213.83893783318,2.62903358667132,35.179154600812,1233.34948078604,252.266473617092,-145.896167694989,122.068348781927
0.291846274227248,3.14818451637691,1234.72344061917,52.1544335616007,133.485528992746,1214.30213607548,2.6291155376535,35.1783808619506,1233.79776682411,252.162344744397,-146.244493163686,122.10032338652
0.291932633223079,3.14764575323717,1235.16737806641,52.144261352312,133.579478240609,1214.76592929643,2.6292058150059,35.1775166025738,1234.24599447772,252.058634901943,-146.593086032475,122.130281012725
0.292030231084345,3.14711315925033,1235.61059159111,52.1339075111167,133.672719564035,1215.23031174181,2.6293044885717,35.1765629683449,1234.69416334321,251.955348905309,-146.941935516223,122.158220931401
0.292139100654269,3.14660035331034,1236.0530835529,52.1233791608687,133.765240309573,1215.69527747391,2.62941162745582,35.1755211120449,1235.1422730224,251.852491557603,-147.291030814856,122.184142479154
0.292259182740758,3.14612072673007,1236.49486222041,52.1126834936926,133.857027993931,1216.16082037257,2.62952730001942,35.1743921934664,1235.59032312267,251.750067649291,-147.640361113723,122.20804505843
0.292390327505674,3.14568733708688,1236.93594170236,52.1018277688687,133.948070308909,1216.62693413624,2.62965157387452,35.173177379307,1236.0383132569,251.648081958015,-147.989915583958,122.229928137604
0.29253229655724,3.14531280682701,1237.37634183093,52.0908193106743,134.038355126287,1217.09361228324,2.6297845158787,35.171877843062,1236.4862430436,251.546539248423,-148.339683382843,122.249791251062
0.292684765700144,3.14500922727726,1237.81608799838,52.0796655061821,134.127870502668,1217.56084815303,2.62992619212985,35.1704947649164,1236.93411210684,251.445444271994,-148.689653654173,122.267633999293
0.292847328294772,3.14478806860781,1238.2552109483,52.0683738030178,134.216604684281,1218.0286349076,2.630076667961,35.1690293316369,1237.38192007635,251.34480176686,-149.039815528624,122.283456048962
0.293019499175051,3.14466009618914,1238.69374652319,52.0569517070762,134.304546111723,1218.49696553293,2.63023600793528,35.1674827364635,1237.8296665875,251.244616457634,-149.390158124115,122.297257132999
0.293200719073647,3.14463529369079,1239.1317353705,52.0454067801986,134.39168342466,1218.96583284062,2.63040427584089,35.165856179,1238.27735128134,251.144893055238,-149.740670546183,122.309037050666
0.29339035950352,3.14472279318292,1239.56922260951,52.0337466378106,134.478005466458,1219.4352294695,2.63058153468618,35.164150865105,1238.72497380463,251.045636256724,-150.091341888346,122.31879566764
0.293587728046062,3.14493081242489,1240.00625746177,52.0219789465238,134.563501288766,1219.90514788744,2.63076784669481,35.1623680067815,1239.17253380984,250.946850745106,-150.442161232476,122.326532916078
0.293792073997936,3.14526659945907,1240.44289284821,52.0101114216995,134.64816015603,1220.37558039316,2.63096327330101,35.1605088220671,1239.62003095521,250.848541189182,-150.793117649167,122.332248794693
0.294002594331186,3.14573638457445,1240.87918495608,51.9981518249784,134.731971549938,1220.84651911821,2.63116787514488,35.1585745349229,1240.06746490471,250.750712243366,-151.144200198112,122.335943368816
0.294218439924004,3.14634533966302,1241.31519277935,51.9861079617762,134.814925173804,1221.31795602902,2.63138171206778,35.156566375123,1240.51483532815,250.65336854751,-151.49539792847,122.337616770467
0.294438722022465,3.14709754496221,1241.75097763629,51.9739876787459,134.897010956872,1221.78988292896,2.63160484310782,35.1544855781426,1240.9621419011,250.556514726737,-151.846699879242,122.33726919841
0.294662518896462,3.14799596315811,1242.18660266814,51.9617988612087,134.978219058552,1222.26229146066,2.63183732649543,35.1523333850465,1241.40938430498,250.460155391265,-152.198095079648,122.334900918217
0.294888882655726,3.14904242081564,1242.62213232291,51.9495494305553,135.058539872569,1222.73517310824,2.63207921964899,35.1501110423771,1241.85656222707,250.364295136237,-152.549572549496,122.330512262327
0.295116846194109,3.15023759710154,1243.05763182864,51.9372473416178,135.137964031038,1223.20851919976,2.63233057917055,35.1478198020419,1242.3036753605,250.268938541549,-152.901121299567,122.324103630096
0.295345430232066,3.15158101977201,1243.49316666024,51.9249005800139,135.216482408454,1223.68232090966,2.63259146084164,35.1454609212008,1242.75072340428,250.174090171681,-153.252730331985,122.315675487855
0.295573650428409,3.15307106840738,1243.9288020043,51.9125171594659,135.29408612559,1224.15656926139,2.63286191961916,35.1430356621534,1243.19770606332,250.079754575522,-153.604388640597,122.305228368957
0.295800524532827,3.1547049848878,1244.36460222631,51.9001051190936,135.370766553311,1224.63125513003,2.63314200963132,35.1405452922252,1243.64462304845,249.985936286207,-153.956085211353,122.292762873822
0.296025079550347,3.15647889111572,1244.80063034443,51.8876725206857,135.44651531629,1225.10636924508,2.63343178417373,35.1379910836547,1244.09147407644,249.892639820937,-154.307809022687,122.27827966999
0.296246358887894,3.15838781399906,1245.2369475143,51.8752274459478,135.521324296635,1225.58190219322,2.63373129570549,35.135374313479,1244.53825886998,249.79986968082,-154.659549045894,122.261779492153
0.296463429451318,3.16042571771226,1245.6736125289,51.8627779937312,135.595185637412,1226.0578444213,2.63404059584543,35.1326962634203,1244.98497715774,249.707630350693,-155.011294245511,122.243263142204
0.296675388658939,3.16258554324783,1246.11068133763,51.8503322772425,135.668091746068,1226.53418623929,2.63435973536841,35.1299582197714,1245.43162867436,249.615926298959,-155.363033579703,122.222731489271
0.296881371334738,3.16485925525778,1246.54820658853,51.8378984212365,135.740035297757,1227.01091782337,2.63468876420166,35.1271614732812,1245.87821316047,249.524761977417,-155.714756000644,122.20018546975
0.29708055644111,3.16723789616018,1246.98623719728,51.8254845591925,135.811009238554,1227.48802921905,2.63502773142129,35.1243073190399,1246.32473036267,249.434141821092,-156.066450454898,122.175626087341
0.297272173607619,3.16971164745053,1247.42481794662,51.8130988304778,135.881006788557,1227.96551034446,2.6353766852488,35.1213970563645,1246.7711800336,249.344070248069,-156.418105883807,122.149054413075
0.297455509408714,3.17226989811022,1247.86398911943,51.8007493774981,135.950021444894,1228.44335099358,2.63573567304769,35.1184319886833,1247.21756193191,249.254551659329,-156.769711223873,122.120471585343
0.297629913340083,3.17490131994459,1248.30378616834,51.7884443428371,136.018046984599,1228.92154083967,2.63610474132023,35.115413423421,1247.66387582228,249.165590438574,-157.121255407145,122.089878809922
0.297794803440367,3.17759394961217,1248.74423942488,51.7761918663874,136.085077467385,1229.40006943869,2.63648393570419,35.1123426718831,1248.11012147543,249.07719095207,-157.472727361606,122.057277359993
0.297949671502615,3.18033527702527,1249.18537385021,51.7640000824733,136.151107238295,1229.87892623283,2.63687330096973,35.1092210491405,1248.55629866812,248.989357548475,-157.824116011559,122.022668576166
0.298094087818297,3.1831123397117,1249.6272088298,51.7518771169685,136.216130930236,1230.35810055406,2.63727288101638,35.1060498739137,1249.00240718317,248.902094558676,-158.175410278014,121.986053866493
0.298227705395999,3.18591182263003,1250.06975801359,51.7398310844092,136.280143466389,1230.8375816278,2.63768271887006,35.1028304684571,1249.44844680947,248.815406295622,-158.526599079078,121.947434706486
0.298350263597438,3.18872016282925,1250.51302920302,51.7278700851049,136.343140062499,1231.31735857666,2.63810285668019,35.0995641584429,1249.89441734198,248.729297054164,-158.877671330341,121.906812639125
0.298461591135054,3.19152365823982,1250.9570242859,51.7160022022484,136.405116229041,1231.79742042412,2.63853333571693,35.0962522728456,1250.34031858174,248.643771110884,-159.22861594527,121.864189274872
0.298561608378431,3.19430857978085,1251.40173921968,51.704235499027,136.466067773254,1232.27775609845,2.63897419636845,35.0928961438251,1250.78615033586,248.558832723939,-159.579421835594,121.819566291674
0.298650328921118,3.19706128586958,1251.84716406334,51.6925780157364,136.525990801051,1232.75835443652,2.63942547813829,35.0894971066114,1251.23191241755,248.474486132892,-159.9300779117,121.77294543497
0.298727860365105,3.19976833832845,1252.29328305757,51.6810377668984,136.584881718802,1233.23920418781,2.63988721964282,35.0860564993878,1251.67760464611,248.390735558554,-160.280573083018,121.724328517692
0.29879440428724,3.20241661860457,1252.7400747528,51.6696227383854,136.64273723498,1233.72029401831,2.6403594586088,35.0825756631746,1252.12322684693,248.307585202816,-160.630896258418,121.673717420263
0.29885025536011,3.20499344314877,1253.18751218387,51.6583408845528,136.699554361676,1234.20161251461,2.64084223187098,35.0790559417132,1252.5687788515,248.225039248496,-160.9810363466,121.621114090595
0.298895799609351,3.20748667675045,1253.63556309011,51.6472001253801,136.755330415987,1234.68314818797,2.64133557536981,35.0754986813495,1253.01426049743,248.143101859168,-161.330982256487,121.566520544081
0.298931511799669,3.20988484259143,1254.08419017896,51.6362083436242,136.81006302126,1235.16488947844,2.6418395241492,35.0719052309173,1253.4596716284,248.061777179011,-161.680722897617,121.509938863589
0.298957951953078,3.21217722776889,1254.53335143102,51.625373381985,136.863750108204,1235.646824759,2.64235411235444,35.0682769416226,1253.90501209424,247.981069332641,-162.03024718054,121.45137119945
0.298975761014511,3.21435398304685,1254.9830004441,51.614703040286,136.91638991587,1236.12894233979,2.64287937323011,35.0646151669263,1254.35028175084,247.900982424959,-162.37954401721,121.390819769442
0.298985655692032,3.21640621562662,1255.43308681333,51.6042050726714,136.967980992485,1236.61123047235,2.64341533911812,35.0609212624286,1254.79548046022,247.821520540984,-162.728602321378,121.328286858776
0.298988422510937,3.2183260737808,1255.88355654439,51.5938871848206,137.018522196155,1237.09367735382,2.64396204145585,35.0571965857524,1255.24060809051,247.742687745703,-163.07741100899,121.263774820075
0.298984911132893,3.220106822272,1256.33435249627,51.5837570311827,137.068012695425,1237.57627113134,2.6445195107743,35.0534424964272,1255.68566451594,247.664488083907,-163.425958998582,121.197286073354
0.298976027002604,3.22174290757519,1256.78541485017,51.5738222122328,137.116451969702,1238.05899990628,2.64508777669644,35.0496603557723,1256.13064961684,247.586925580036,-163.774235211674,121.128823105995
0.298962723395107,3.22323001204076,1257.23668160034,51.5640902717507,137.163839809537,1238.54185173862,2.6456668679355,35.0458515267813,1256.57556327964,247.510004238024,-164.122228573168,121.058388472719
0.298945992946349,3.22456509627071,1257.68808906319,51.5545686941241,137.210176316768,1239.02481465132,2.64625681229346,35.0420173740058,1257.02040539686,247.433728041138,-164.469928011745,120.985984795559
0.298926858758038,3.22574642913163,1258.13957240009,51.5452649016784,137.255461904525,1239.50787663471,2.64685763665957,35.038159263439,1257.46517586715,247.358100951831,-164.817322460259,120.911614763823
0.298906365174606,3.22677360499124,1258.59106614984,51.5361862520344,137.299697297088,1239.99102565085,2.64746936700895,35.0342785624005,1257.90987459521,247.283126911579,-165.164400856137,120.835281134066
0.298885568335391,3.22764754793727,1259.04250476623,51.5273400354947,137.342883529613,1240.47424963797,2.64809202840127,35.0303766394196,1258.35450149185,247.208809840729,-165.511152141777,120.756986730046
0.298865526608646,3.22837050291476,1259.49382315626,51.5187334724613,137.385021947712,1240.9575365149,2.64872564497956,35.0264548641203,1258.79905647395,247.13515363835,-165.857565264944,120.676734442686
0.298847291015633,3.22894601389685,1259.94495721463,51.510373710886,137.426114206899,1241.44087418543,2.649370239969,35.0225146071055,1259.24353946448,247.062162182073,-166.203629179168,120.594527230035
0.298831895752906,3.22937888938021,1260.39584435007,51.502267823754,137.466162271893,1241.92425054282,2.65002583567591,35.0185572398413,1259.68795039246,246.989839327944,-166.549332844145,120.510368117217
0.298820348918805,3.2296751556671,1260.84642399902,51.494422806603,137.505168415779,1242.40765347416,2.65069245348674,35.0145841345421,1260.132289193,246.91818891027,-166.894665226132,120.424260196385
0.298813623546344,3.22984199855639,1261.29663812265,51.4868455750794,137.543135219041,1242.89107086483,2.65137011386714,35.0105966640553,1260.57655580724,246.847214741468,-167.23961529835,120.336206626671
0.298812649039161,3.22988769421402,1261.74643168288,51.4795429625324,137.580065568446,1243.37449060288,2.65205883636121,35.006596201746,1261.02075018239,246.776920611916,-167.58417204138,120.246210634132
0.29881830310005,3.22982153012487,1262.19575309375,51.4725217176476,137.6159626558,1243.85790058349,2.65275863959064,35.0025841213827,1261.46487227169,246.707310289801,-167.928324443563,120.154275511696
0.298831404233204,3.22965371714188,1262.64455464407,51.4657885021214,137.650829976564,1244.34128871331,2.65346954125416,34.9985617970224,1261.9089220344,246.638387520972,-168.272061501401,120.060404619098
0.29885270489162,3.22939529374118,1263.09279288829,51.4593498883779,137.684671328333,1244.82464291488,2.65419155812689,34.9945306028963,1262.35289943583,246.570156028791,-168.615372219953,119.964601382825
0.298882885330634,3.22905802366332,1263.54042900203,51.4532123573286,137.717490809191,1245.30795113097,2.65492470605982,34.9904919132954,1262.79680444728,246.502619513986,-168.95824561324,119.866869296048
0.298922548217342,3.22865428816958,1263.98742909964,51.4473822961778,137.749292815921,1245.79120132894,2.65566899997943,34.9864471024566,1263.24063704606,246.4357816545,-169.300670704641,119.767211918556
0.298972214034121,3.22819697416793,1264.43376451105,51.4418659962723,137.780082042094,1246.27438150504,2.65642445388734,34.9823975444489,1263.68439721547,246.369646105352,-169.642636527294,119.665632876689
0.299032317302729,3.22769935946689,1264.87941201569,51.4366696509999,137.809863476022,1246.75747968872,2.65719108085997,34.9783446130601,1264.12808494479,246.304216498484,-169.984132124497,119.562135863262
0.299103203643983,3.22717499639741,1265.32435403169,51.4317993537345,137.838642398588,1247.24048394688,2.65796889304845,34.9742896816829,1264.57170022927,246.239496442623,-170.325146550106,119.456724637494
0.299185127676813,3.22663759500475,1265.76857875873,51.4272610958312,137.866424380944,1247.72338238811,2.65875790167843,34.9702341232027,1265.01524307012,246.175489523129,-170.665668868939,119.349403024929
0.29927825175004,3.22610090695657,1266.21208027345,51.4230607646713,137.89321528209,1248.2061631669,2.65955811705007,34.9661793098839,1265.45871347448,246.11219930186,-171.005688157173,119.240174917357
0.299382645490499,3.22557861124166,1266.65485857675,51.4192041417588,137.919021246323,1248.68881448776,2.66036954853808,34.962126613258,1265.90211145543,246.049629317023,-171.345193502745,119.12904427273
0.29949828614252,3.22508420264953,1267.09691959251,51.4156969008688,137.943848700575,1249.17132460939,2.66119220459187,34.9580774040113,1266.34543703197,245.987783083035,-171.684174005752,119.016015115077
0.299625059666218,3.22463088392676,1267.53827511784,51.4125446062489,137.96770435162,1249.65368184874,2.66202609273568,34.9540330518727,1266.788690229,245.92666409038,-172.022618778855,118.901091534418
0.299762762555784,3.22423146240499,1267.97894272541,51.4097527108747,137.990595183173,1250.13587458503,2.66287121956893,34.9499949255023,1267.23187107729,245.866275805472,-172.360516947674,118.784277686672
0.29991110433399,3.22389825179094,1268.41894561845,51.4073265547602,138.012528452871,1250.61789126377,2.66372759076649,34.9459643923799,1267.67497961351,245.806621670511,-172.697857651191,118.665577793563
0.30006971067542,3.22364297970358,1268.85831243989,51.405271363323,138.03351168914,1251.09972040067,2.66459521107917,34.9419428186939,1268.11801588016,245.747705103348,-173.034630042151,118.544996142524
0.300238127108527,3.22347670144102,1269.29707703705,51.4035922458068,138.053552687955,1251.58135058553,2.66547408433421,34.937931569231,1268.56097992561,245.689529497344,-173.370823287459,118.422537086603
0.300415823245442,3.22340972036173,1269.735278184,51.4022941937596,138.072659509486,1252.06277048611,2.66636421343581,34.9339320072653,1269.00387180403,245.632098221233,-173.706426568583,118.298205044354
0.3006021974883,3.22345151517473,1270.17295926361,51.4013820795703,138.090840474647,1252.54396885185,2.66726560036584,34.9299454944488,1269.4466915754,245.575414618987,-174.041429081954,118.172004499739
0.300796582161727,3.2236106743519,1270.61016791222,51.4008606550631,138.108104161535,1253.02493451763,2.66817824618454,34.9259733907012,1269.8894393055,245.519482009682,-174.375820039364,118.04394000202
0.30099824902279,3.22389483780569,1271.04695562959,51.4007345501505,138.124459401771,1253.50565640744,2.6691021510313,34.922017054101,1270.33211506588,245.464303687356,-174.709588668364,117.914016165649
0.30120641510193,3.22431064591661,1271.48337735742,51.4010082715455,138.139915276742,1253.98612353793,2.67003731412558,34.9180778407762,1270.77471893384,245.409882920883,-175.04272421267,117.782237670156
0.30142024883114,3.2248636959485,1271.91949102991,51.4016862015334,138.154481113755,1254.46632502198,2.67098373376782,34.9141571047962,1271.21725099241,245.356222953835,-175.375215932554,117.648609260038
0.301638876418506,3.22555850585548,1272.35535709991,51.4027725968032,138.168166482082,1254.94625007215,2.67194140734048,34.9102561980631,1271.65971133036,245.303327004352,-175.707053105251,117.513135744635
0.301861388431226,3.22639848546116,1272.79103804464,51.4042715873399,138.180981188939,1255.4258880041,2.67291033130913,34.9063764702039,1272.10210004213,245.251198265007,-176.038225025351,117.375821998016
0.302086846551946,3.22738591497874,1273.22659785497,51.406187175377,138.192935275356,1255.90522823989,2.6738905012236,34.9025192684636,1272.54441722785,245.19983990268,-176.368721005201,117.236672958855
0.302314290475756,3.22852193083714,1273.66210151225,51.4085232344098,138.204039011977,1256.38426031129,2.67488191171925,34.8986859375976,1272.9866629933,245.149255058423,-176.698530375306,117.095693630305
0.302542744917147,3.2298065187819,1274.0976144573,51.4112835082699,138.214302894777,1256.86297386289,2.67588455651826,34.8948778197656,1273.42883744992,245.099446847336,-177.02764248472,116.952889079872
0.302771226697627,3.23123851422875,1274.53320205542,51.4144716102609,138.223737640696,1257.3413586553,2.67689842843101,34.8910962544249,1273.87094071473,245.050418358435,-177.356046701451,116.80826443928
0.302998751885409,3.23281560985907,1274.96892906218,51.418091022355,138.232354183205,1257.81940456813,2.67792351935755,34.8873425782251,1274.31297291037,245.002172654526,-177.683732412854,116.661824904345
0.30322434295858,3.23453437045868,1275.40485909408,51.4221450944516,138.240163667798,1258.29710160296,2.67895982028909,34.8836181249026,1274.75493416504,244.954712772078,-178.010689026031,116.513575734834
0.303447035962366,3.2363902550111,1275.8410541084,51.426637043697,138.247177447411,1258.77443988626,2.68000732130965,34.8799242251755,1275.1968246125,244.9080417211,-178.336905968225,116.363522254328
0.30366588762969,3.23837764606183,1276.27757389665,51.4315699538647,138.253407077785,1259.25140967213,2.68106601159764,34.8762622066397,1275.63864439204,244.862162485012,-178.662372687219,116.211669850082
0.303879982432035,3.24048988636924,1276.71447559546,51.4369467747982,138.258864312762,1259.72800134512,2.68213587942769,34.8726333936644,1276.08039364844,244.817078020525,-178.987078651732,116.058023972879
0.304088439524969,3.24271932284783,1277.15181321921,51.442770321914,138.263561099515,1260.20420542276,2.68321691217236,34.8690391072888,1276.52207253197,244.772791257516,-179.311013351811,115.902590136889
0.304290419549563,3.24505735779007,1277.58963721786,51.4490432757657,138.267509573739,1260.68001255824,2.68430909630409,34.8654806651191,1276.96368119836,244.729305098906,-179.634166299233,115.745373919511
0.304485131247525,3.24749450732205,1278.02799406395,51.4557681816691,138.270722054773,1261.15541354281,2.68541241739707,34.8619593812259,1277.40521980879,244.686622420542,-179.956527027895,115.586380961233
0.304671837844397,3.25002046700554,1278.46692587186,51.4629474493875,138.273211040683,1261.63039930819,2.68652686012928,34.8584765660419,1277.84668852982,244.644746071072,-180.278085094206,115.425616965467
0.304849863151759,3.25262418444415,1278.90647005256,51.4705833528772,138.274989203294,1262.10496092894,2.68765240828457,34.8550335262607,1278.28808753342,244.603678871829,-180.59883007749,115.2630876984
0.305018597336274,3.2552939386847,1279.34665900673,51.4786780300928,138.276069383183,1262.57908962462,2.68878904475478,34.8516315647353,1278.72941699691,244.563423616712,-180.918751580371,115.098798988832
0.305177502300824,3.25801742612755,1279.7875198587,51.4872334828518,138.27646458463,1263.05277676196,2.68993675154197,34.8482719803777,1279.17067710295,244.523983072071,-181.23783922917,114.93275672801
0.30532611662105,3.26078185257251,1280.22907423339,51.4962515767587,138.276187970534,1263.52601385697,2.69109550976065,34.8449560680586,1279.61186803952,244.485359976584,-181.556082674295,114.764966869473
0.30546405997959,3.26357403093215,1280.67133807825,51.5057340411868,138.275252857297,1263.99879257683,2.69226529964016,34.8416851185082,1280.05298999987,244.44755704115,-181.873471590636,114.595435428873
0.305591037040309,3.26638048404422,1281.11432153143,51.5156824693189,138.273672709673,1264.47110474186,2.69344610052706,34.8384604182166,1280.49404318251,244.410576948768,-182.189995677956,114.424168483817
0.305706840705981,3.26918755191145,1281.55802883763,51.5260983182446,138.271461135601,1264.94294232725,2.69463789088759,34.8352832493357,1280.93502779121,244.374422354427,-182.505644661278,114.251172173684
0.305811354705323,3.27198150259381,1282.002458312,51.5369829091149,138.268631881004,1265.41429746486,2.69584064831021,34.8321548895809,1281.3759440349,244.339095884992,-182.820408291279,114.076452699459
0.305904555459079,3.27474864587794,1282.44760235274,51.5483374273537,138.265198824578,1265.8851624448,2.69705434950818,34.8290766121337,1281.81679212774,244.304600139094,-183.13427634468,113.900016323547
0.305986513179993,3.27747544875411,1282.89344750209,51.5601629229234,138.261175972554,1266.35552971699,2.69827897032225,34.8260496855447,1282.257572289,244.270937687017,-183.447238624632,113.7218693696
0.306057392168001,3.280148651646,1283.33997455544,51.5724603106468,138.256577453455,1266.82539189262,2.69951448572334,34.8230753736374,1282.69828474311,244.238111070591,-183.759284961107,113.542018222332
0.306117450269743,3.28275538426581,1283.78715871762,51.5852303705825,138.25141751284,1267.29474174557,2.70076086981536,34.820154935412,1283.13892971956,244.206122803081,-184.070405211284,113.36046932733
0.306167037480508,3.28528327990891,1284.23496980505,51.5984737484542,138.245710508038,1267.76357221363,2.70201809583804,34.8172896249505,1283.57950745294,244.174975369081,-184.380589259936,113.177229190873
0.306206593676656,3.28772058696214,1284.68337249236,51.6121909561317,138.239470902883,1268.23187639977,2.70328613616984,34.8144806913216,1284.02001818287,244.144671224408,-184.68982701982,112.992304379734
0.306236645477512,3.29005627637847,1285.13232660116,51.6263823721653,138.232713262445,1268.69964757326,2.70456496233091,34.8117293784868,1284.46046215399,244.115212795996,-184.998108432057,112.805701520994
0.306257802247182,3.29228014387131,1285.58178742894,51.6410482423695,138.225452247762,1269.16687917069,2.70585454498613,34.8090369252066,1284.9008396159,244.086602481789,-185.30542346652,112.61742730184
0.306270751258723,3.29438290560343,1286.03170611519,51.6561886804583,138.217702610579,1269.63356479694,2.7071548539482,34.8064045649478,1285.34115082318,244.058842650642,-185.611762122219,112.427488469374
0.306276252055157,3.29635628619135,1286.48203004184,51.6718036687284,138.209479188097,1270.09969822607,2.70846585818078,34.8038335257905,1285.78139603534,244.031935642214,-185.917114427683,112.235891830404
0.306275130053813,3.29819309791276,1286.9327032647,51.6878930587917,138.200796897727,1270.56527340212,2.7097875258017,34.801325030337,1286.22157551675,244.00588376687,-186.221470441342,112.042644251249
0.306268269452061,3.29988731009488,1287.3836669724,51.7044565723548,138.191670731863,1271.03028443981,2.71111982408623,34.7988802956198,1286.66168953668,243.980689305579,-186.524820251911,111.847752657528
0.306256605503423,3.30143410777146,1287.83485996902,51.7214938020446,138.182115752672,1271.4947256252,2.71246271947041,34.7965005330114,1287.10173836923,243.956354509816,-186.827153978767,111.651224033951
0.306241116243062,3.30282993882489,1288.28621917637,51.7390042122799,138.172147086899,1271.95859141623,2.71381617755441,34.7941869481342,1287.5417222933,243.932881601461,-187.128461772335,111.453065424115
0.30622281375048,3.30407254897553,1288.73768015191,51.7569871401862,138.161779920697,1272.42187644325,2.715180163106,34.7919407407708,1287.98164159256,243.910272772704,-187.428733814462,111.253283930282
0.306202735044736,3.30516100413871,1289.18917761788,51.7754417965557,138.151029494483,1272.88457550934,2.71655464006403,34.7897631047753,1288.42149655545,243.88853018595,-187.7279603188,111.05188671317
0.306181932713396,3.306095699839,1289.64064599734,51.7943672668474,138.139911097821,1273.34668359075,2.71793957154198,34.7876552279851,1288.86128747509,243.867655973721,-188.026131531178,110.84888099173
0.306161465380647,3.3068783575469,1290.0920199527,51.8137625122302,138.128440064334,1273.80819583708,2.71933491983158,34.7856182921331,1289.30101464932,243.847652238563,-188.323237729984,110.644274042929
0.306142388122395,3.30751200798192,1290.54323492223,51.8336263706647,138.116631766646,1274.26910757148,2.72074064640645,34.7836534727609,1289.7406783806,243.828521052954,-188.619269226539,110.438073201524
0.30612574293674,3.30800096160363,1290.9942276501,51.8539575580252,138.104501611369,1274.72941429082,2.72215671192587,34.7817619391322,1290.18027897604,243.810264459213,-188.914216365469,110.230285859837
0.306112549376901,3.30835076668573,1291.44493670568,51.8747546692589,138.092065034115,1275.18911166563,2.72358307623849,34.7799448541474,1290.61981674732,243.792884469405,-189.208069525084,110.020919467528
0.306103795450494,3.30856815553311,1291.89530298764,51.8960161795816,138.079337494555,1275.64819554019,2.72501969838621,34.7782033742581,1291.05929201068,243.776383065256,-189.500819117747,109.809981531361
0.306100428884229,3.30866097955506,1292.34527020884,51.9177404457099,138.066334471525,1276.10666193234,2.72646653660803,34.7765386493825,1291.49870508689,243.760762198063,-189.792455590245,109.597479614976
0.306103348846564,3.30863813404647,1292.79478535792,51.9399257071269,138.053071458161,1276.56450703338,2.72792354834399,34.7749518228223,1291.93805630122,243.746023788606,-190.082969424166,109.383421338647
0.306113398212914,3.30850947364999,1293.24379913382,51.9625700873819,138.039563957099,1277.02172720784,2.72939069023917,34.7734440311785,1292.3773459834,243.732169727062,-190.372351136261,109.16781437905
0.306131356448854,3.3082857195733,1293.6922663497,51.985671595422,138.025827475708,1277.47831899315,2.73086791814772,34.7720164042696,1292.81657446757,243.719201872919,-190.660591278819,108.950666469018
0.306157933176524,3.30797835971607,1294.1401463029,52.0092281269543,138.011877521386,1277.93427909936,2.73235518713695,34.7706700650494,1293.25574209228,243.707122054894,-190.94768044003,108.731985397302
0.306193762478532,3.30759954291873,1294.58740310789,52.0332374658385,137.997729596901,1278.38960440866,2.73385245149146,34.7694061295256,1293.69484920047,243.695932070848,-191.233609244357,108.511779008321
0.306239397982162,3.30716196858028,1295.03400598962,52.0576972855074,137.983399195788,1278.84429197496,2.73535966471737,34.7682257066795,1294.13389613936,243.685633687705,-191.518368352896,108.290055201917
0.306295308755039,3.30667877290456,1295.47992953479,52.0826051504154,137.968901797806,1279.29833902334,2.73687677954649,34.7671298983857,1294.57288326051,243.676228641373,-191.801948463744,108.066821933106
0.306361876031774,3.30616341302465,1295.925153899,52.1079585175127,137.954252864449,1279.75174294949,2.73840374794072,34.7661197993331,1295.01181091972,243.66771863666,-192.084340312361,107.842087211822
0.306439390779781,3.30562955022507,1296.36966496819,52.133754737745,137.939467834518,1280.20450131905,2.73994052109628,34.7651964969463,1295.45067947704,243.660105347202,-192.365534671933,107.615859102666
0.306528052101662,3.30509093343194,1296.8134544731,52.1599910575763,137.924562119756,1280.65661186692,2.74148704944818,34.7643610713072,1295.8894892967,243.653390415378,-192.645522353733,107.388145724643
0.306627966461554,3.30456128407593,1297.25652005565,52.1866646205348,137.909551100545,1281.10807249655,2.7430432826746,34.7636145950784,1296.32824074711,243.647575452242,-192.924294207479,107.15895525091
0.306739147713725,3.30405418335303,1297.69886528712,52.2137724687802,137.894450121667,1281.55888127913,2.74460916970144,34.762958133426,1296.7669342008,243.642662037443,-193.201841121694,106.928295908506
0.306861517903738,3.30358296281746,1298.14049963757,52.2413115446912,137.879274488133,1282.00903645275,2.7461846587068,34.7623927439437,1297.2055700344,243.638651719152,-193.478154024066,106.696175978093
0.306994908805706,3.30316059914254,1298.58143839717,52.2692786924715,137.864039461076,1282.45853642153,2.74776969712557,34.7619194765781,1297.64414862861,243.635546013991,-193.7532238818,106.462603793686
0.307139064153683,3.30279961378155,1299.02170254991,52.2976706597744,137.848760253712,1282.90737975467,2.74936423165407,34.7615393735535,1298.08267036815,243.633346406959,-194.027041701975,106.227587742387
0.307293642520993,3.30251197815556,1299.46131860082,52.3264840993437,137.833452027379,1283.35556518552,2.75096820825475,34.7612534692982,1298.52113564173,243.632054351366,-194.299598531896,105.991136264111
0.307458220798439,3.30230902489102,1299.90031835811,52.3557155706698,137.818129887637,1283.80309161052,2.75258157216083,34.7610627903713,1298.95954484203,243.63167126876,-194.570885459451,105.753257851311
0.307632298220618,3.30220136553003,1300.3387386721,52.3853615416606,137.802808880442,1284.24995808818,2.75420426788114,34.7609683553904,1299.39789836566,243.63219854886,-194.840893613455,105.513961048707
